:020000040800F2
:10000000386F00209D010008DB1E00088D1A0008D3
:10001000D91E000871030008E9280008000000004C
:10002000000000000000000000000000F51F0008B4
:10003000A103000800000000DD1E0008F91F0008F1
:10004000B7010008B7010008B7010008B7010008B0
:10005000B7010008B7010008B7010008B7010008A0
:10006000B7010008B7010008B7010008B701000890
:10007000B7010008B7010008B7010008B701000880
:10008000B7010008B7010008B7010008B701000870
:10009000B7010008B7010008B7010008B701000860
:1000A000B7010008B1200008B7010008B701000837
:1000B000B7010008B7010008B7010008B701000840
:1000C000B7010008B7010008B7010008B701000830
:1000D000B701000885280008B7010008B70100082B
:1000E000B7010008B7010008B7010008B701000810
:1000F000B7010008B7010008B7010008B701000800
:10010000B7010008B7010008B7010008B7010008EF
:10011000B7010008B7010008B7010008B7010008DF
:10012000B7010008B7010008B7010008B7010008CF
:10013000B7010008B7010008B7010008B7010008BF
:10014000B7010008B7010008B7010008B7010008AF
:10015000B7010008B7010008B7010008B70100089F
:10016000B7010008B7010008B7010008B70100088F
:10017000B7010008B7010008B7010008000000003F
:10018000B7010008B7010008DFF80CD000F07AF8DA
:1001900000480047752A0008386F0020064880474D
:1001A00006480047FEE7FEE7FEE7FEE7FEE7FEE75C
:1001B000FEE7FEE7FEE7FEE795200008890100085C
:1001C0002DE9F05F0546002092469B46884606468C
:1001D000814640241BE0284641464746224600F01F
:1001E00041F853465A46C01A914110D31146184659
:1001F000224600F028F82D1A67EB01084F462246E8
:100200000120002100F01FF817EB00094E41201ECD
:10021000A4F10104DFDC484631462A464346BDE8E6
:10022000F09FD2B201E000F8012B491EFBD27047CB
:100230000022F6E710B513460A4604461946FFF7B2
:10024000F0FF204610BD202A04DB203A00FA02F11C
:10025000002070479140C2F1200320FA03F31943B4
:1002600090407047202A04DB203A21FA02F0002156
:10027000704721FA02F3D040C2F1200291400843B6
:1002800019467047064C074D06E0E06840F0010350
:1002900094E8070098471034AC42F6D3FFF778FF94
:1002A0007C2B00089C2B000870B58D1810F8014BB2
:1002B00014F0030201D110F8012B231106D110F81C
:1002C000013B03E010F8016B01F8016B521EF9D1FC
:1002D000ABB110F8012B04F00C048A1A0C2C03D0DB
:1002E000A2EB84129B1C08E010F8014BA2EB042245
:1002F000F8E712F8014B01F8014B5B1EF9D5A94252
:10030000D4D3002070BD70B514460D46064608E0F3
:100310003046711C8EB200F007F8641E05F8010B20
:10032000A4B2002CF4D170BD70B5044601F06CFC91
:10033000250AA02000EB4500C0B201F02DFC01F021
:10034000AFFCE0B201F028FC01F0AAFC01F05CFC7B
:10035000A12000EB4500C0B201F01EFC01F0A0FCA2
:10036000002001F0E1FB044601F074FC204670BD62
:10037000FEE7000010B54FF6FF72084B09E000BF22
:1003800010F8014B84EA1224E4B233F8144084EAF2
:100390000222491E89B2F3D290B210BD044000205F
:1003A000704744F61F6303E01946491E89B2FCD228
:1003B000401E80B2F8D2704703E01321491E89B273
:1003C000FCD2401E80B2F8D2704772B6FEE7000041
:1003D000002229B101291AD002291BD04FF4407202
:1003E0000E490B6823F440730B600B6813430B60DA
:1003F0000A6822F0F8020A600A68022303EBC000D0
:1004000002430A60086840F48030086070474FF487
:100410008072E5E74FF40072E2E70000103C024012
:100420001348016889050FD5016821F40071016046
:10043000016841F400610160016821F4006101601C
:10044000016841F400710160016849050FD5016838
:1004500021F480610160016841F48051016001680C
:1004600021F480510160016841F4806101607047AE
:10047000003C024008490A6822F440720A600A6897
:1004800042F004020A600A684FF4803343EA002015
:1004900002430A6070470000103C0240064A13689D
:1004A00023F44073136013681360136843F001036F
:1004B0001360017070470000103C0240094910B5FC
:1004C0000C6824F440740C600C6844F440740C60B4
:1004D0000C6844F001040C600260BFF36F8F43604E
:1004E00010BD0000103C0240074A136823F440731B
:1004F0001360136843F480731360136843F00103BF
:100500001360018070470000103C0240074A1368E6
:1005100023F440731360136843F40073136013688B
:1005200043F001031360016070470000103C02407B
:1005300017490868C206174805D5C26942F010027B
:10054000C26110220A600A68920605D5C26942F0AB
:100550000802C26120220A600A68520605D5C269F3
:1005600042F00402C26140220A600A68120605D500
:10057000C26942F00202C26180220A600A689207E0
:1005800005D5C26942F02002C261022008607047AE
:100590000C3C0240185F002070B511490446002051
:1005A000C86100F07FFA06460E4D09E0601C07D0D6
:1005B00024B100F077FA801BA04201D9032070BD5E
:1005C0002868C003F2D42868C00701D00120286041
:1005D000286810F0F200F2D0FFF7AAFF012070BDEA
:1005E000185F00200C3C024090F83510022903D01F
:1005F0008021416501207047052180F83510006891
:10060000016821F001010160002070472DE9F047E9
:10061000044622480F46017E01290AD00121804666
:1006200001764CF250394846FFF7B6FF020003D07E
:100630002FE00220BDE8F0874FF0FF3038602068DF
:10064000174D012801D0A6681CE0207C6168FFF7E7
:1006500011FF4846FFF7A0FF0246286820F004007B
:10066000286014E0217C3046FFF7B2FE4846FFF7D1
:1006700093FF0200286820F0FA00286001D03E6055
:1006800005E0761CD4E902100844B042EAD8FFF72E
:10069000C7FE002188F818101046CBE7185F00202D
:1006A000103C02400348016841F000410160002015
:1006B00070470000103C02402DE9F0471B4E0546F4
:1006C0001446307E1F468946012808D00120307626
:1006D0004CF250384046FFF75FFF18B114E002209B
:1006E000BDE8F0879DB1012D16D0022D19D022460C
:1006F0003B464846FFF7E2FE4046FFF74DFF0C49F8
:100700000A6822F001020A6000213176E8E7E1B2CE
:100710004846FFF7C3FEEFE7A1B24846FFF7E4FE05
:10072000EAE721464846FFF7F1FEE5E7185F0020BB
:10073000103C0240074900200A68002A09DA054AED
:10074000054B0C3A1360054B13600968002900DA69
:1007500001207047103C024023016745AB89EFCD73
:100760002DE9F04F0022DFF838B101264FF00F09D4
:1007700006FA02F401EA0403A3427DD122F0030742
:100780005F44D7F8088895074FEA157C09FA0CFAF8
:100790000AEA0805DFF80C81404502D14FF0000855
:1007A00032E0DFF80481404502D14FF001082BE030
:1007B000DFF8F880404502D14FF0020824E0DFF86E
:1007C000F080404502D14FF003081DE0DFF8E480DF
:1007D000404502D14FF0040816E0DFF8DC804045C8
:1007E00002D14FF005080FE0DFF8D080404502D17C
:1007F0004FF0060808E0DFF8C880404502D14FF00E
:10080000070801E04FF0080808FA0CF8A84522D1C3
:100810002C4DD5F800C02CEA030CC5F800C005F13A
:10082000040CDCF800509D43CCF800500CF104059A
:10083000D5F800C02CEA030CC5F800C02D1DD5F872
:1008400000C02CEA030CC5F800C0D7F8085825EA08
:100850000A05C7F80858056857000323BB409D43A5
:100860000560D50800EB8505D5F820C057074FEA8D
:10087000D76809FA08F700E00CE02CEA070CC5F885
:1008800020C0C5689D43C5604568A5434560846830
:100890009C438460521C102AFFF46AAFBDE8F08FBD
:1008A0000030014000000240000402400008024005
:1008B000000C0240001002400014024000180240E8
:1008C000001C0240003C01402DE9F84F00224FF08F
:1008D000010803254FF00F0E0B6808FA02F42340BD
:1008E000A3426ED14E68012E05D0022E03D0112EE8
:1008F00001D0122E12D186684FEA420C05FA0CF78D
:10090000BE43CF6807FA0CF7374387604668A643B3
:100910000C79C4F30014944034434460C668570013
:1009200005FA07FC8C6826EA0C06BC403443C46018
:100930004C68022C01D0122C13D1D40800EB840493
:10094000A346D4F8209054074FEAD46A0EFA0AF668
:1009500029EA06090E6906FA0AF646EA0906CBF8FC
:10096000206006680C7926EA0C0604F00304BC40FB
:10097000344304604C68E40065D5364C266846F480
:1009800080462660246822F0030604F48044009424
:10099000314C3444A446D4F808489607370F0EFA71
:1009A00007F6B4432D4EB04201D1002624E02C4E70
:1009B000B04201D101261FE02A4EB04202D10226E8
:1009C0001AE040E0284EB04201D1032614E0274E41
:1009D000B04201D104260FE0254EB04201D10526D8
:1009E0000AE0244EB04201D1062605E0224EB04274
:1009F00001D1072600E00826BE402643CCF808684F
:100A00001E4E34684F689C43FF0300D51C4334607E
:100A10001A4C241D26684F689E43BF0300D51E4311
:100A20002660164E083634684F689C43FF0200D596
:100A30001C433460114E0C3634684F689C43BF022F
:100A400000D51C433460521C102AFFF445AFBDE8AA
:100A5000F88F00004438024000300140000002409E
:100A60000004024000080240000C02400010024056
:100A70000014024000180240001C0240003C0140EB
:100A80000069084000D001207047426931EA020243
:100A900000D10904816170470AB18161704709047E
:100AA000FBE700000148806870470000104200200A
:100AB000024881680278114481607047104200202A
:100AC0000B4810B5016841F400710160016841F400
:100AD00080610160016841F480710160032000F0D1
:100AE0007FF80F2000F006F800F024F8002010BD79
:100AF000003C024070B50D4D04464FF47A712878E1
:100B0000B1FBF0F00A490968B1FBF0F000F03FFCDE
:100B100048B9102C07D200222146501E00F040F8A0
:100B200000206C6070BD012070BD000010420020EC
:100B30001C4200200A4808B5016841F48041016068
:100B4000006800F4804000900548001F016841F0F3
:100B500080510160006800F08050009008BD0000E6
:100B60004438024000280DDB00F01F0201219140B3
:100B70004009800000F1E020C0F88011BFF34F8FE2
:100B8000BFF36F8F7047002809DB00F01F020121BF
:100B900091404009800000F1E020C0F8001170474A
:100BA000F0B40E4B1B680C46C3F30223C3F10705D8
:100BB000042D00D90425191D072901D2002300E0C6
:100BC000DB1E012606FA05F1491E214099409E4090
:100BD000761E16403143F0BC01F087BE0CED00E0FC
:100BE000064900F0070208684FF6FF03184040EA84
:100BF0000220034A10430860704700000CED00E03B
:100C00000000FA052DE9F843054600684FF0010998
:100C1000C1074FF0000601D1400727D5DFF80C814E
:100C2000C8F86860FFF73EFF0746414C05E000BF8B
:100C3000FFF738FFC01B022857D820680001F7D4FF
:100C400068688101287A41EA007039498431086076
:100C5000C8F86890FFF726FF074604E0FFF722FF79
:100C6000C01B022841D820680001F7D528788007EA
:100C700052D52F484030016841F080510160006832
:100C80002C4C00F080500090206840F48070206070
:100C9000FFF708FF074604E0FFF704FFC01B022828
:100CA00023D82068C005F7D5214C7034206810F493
:100CB000407020D0A98901F4407181421BD0206886
:100CC0001D4920F44070C1F800900E60206020683B
:100CD000C00710D0FFF7E6FE064641F2883707E06E
:100CE000FFF7E0FE801BB84202D90320BDE8F8837D
:100CF00020688007F4D5E9680D48C1F30122083067
:100D0000032A0BD0016821F4F81101602068A98939
:100D1000C1F30B01084320600020E7E70268074B9E
:100D200022F4F81219400A430260EFE7000047423C
:100D30000038024000700040400E4742FFFCFF0FA9
:100D40002DE9F0470E46050065D0DFF81481D8F88C
:100D50000000F7B200F00F00B04207D288F8007030
:100D6000D8F8000000F00F00B04254D128683D4C84
:100D7000810712D5400703D5206840F4E050206079
:100D80002878000703D5206840F460402060206880
:100D9000A96820F0F000084320602878C0072DD013
:100DA000304968680839012812D0022813D0032876
:100DB00011D00968890700292DDA216821F0030183
:100DC00001432160FFF76EFE814641F2883A0EE052
:100DD00009688903EFE709688901ECE7FFF762FE1C
:100DE000A0EB0901514502D90320BDE8F087206836
:100DF000696800F00C00B0EB810FEFD1D8F800105B
:100E0000404601F00F01B14207D90770006800F0B9
:100E10000F00B04201D00120E7E72878400705D550
:100E20002068E96820F4E050084320602878000733
:100E300006D52068296920F4604040EAC10020609E
:100E400000F038F82168084AC1F30311515CC8402A
:100E50000649086006480068FFF74CFE0020C4E71A
:100E6000003C024008380240642B00081C4200206D
:100E7000144200200448054900680968044AC1F387
:100E80008221515CC84070471C4200200838024053
:100E9000742B00080448054900680968044AC1F336
:100EA0004231515CC84070471C4200200838024063
:100EB000742B0008154810B5006810F00C02144897
:100EC00013D01449042A0FD0082A0ED10F4C241F26
:100ED0002268236802F03F025B0207D52068C0F356
:100EE0008810A0FB010106E0084610BD2168C1F38F
:100EF0008811A1FB00010023FFF762F92168C1F30B
:100F00000141491C4900B0FBF1F010BD0838024016
:100F10000024F400001BB7002DE9F84F04006ED048
:100F20002078DFF83C93C007A9F104054AD009F105
:100F300004000168C1F38101012908D00068C0F3F1
:100F4000810002280AD1D9F80000400206D528689D
:100F5000800337D560680028E1D033E060684FF443
:100F60008036B04203D1286840F4803009E0B0F503
:100F7000A02F28680CD020F480302860286820F446
:100F800080202860606880B1FFF78CFD074608E08C
:100F900040F480202860E6E7FFF784FDC01BB042E4
:100FA00073D228688003F7D50CE0FFF77BFD074676
:100FB00005E000BFFFF776FDC01BB042F0D2286805
:100FC0008003F7D42078DFF89C8280074FF0000A76
:100FD0003ED5A348001D016811F00C0F08D0006831
:100FE000C0F3810002280BD1D9F80000400207D4D9
:100FF0002868800716D5E068012800D112E02BE1AF
:10100000E068B8B10120C8F80000FFF74BFD0646C4
:1010100005E000BFFFF746FD801B022835D8286891
:101020008007F7D52868216920F0F80040EAC10060
:1010300028600DE0C8F800A0FFF734FD064604E084
:10104000FFF730FD801B02281FD828688007F7D4DF
:101050002078000722D5824E83486169703671B1CD
:1010600001210160FFF71EFD074604E0FFF71AFDAE
:10107000C01B022809D830688007F7D50EE0C0F8F9
:1010800000A0FFF70FFD074605E082E0FFF70AFD2D
:10109000C01B02287DD830688007F7D4207840072D
:1010A00068D5DFF8BCB100270BF13C0BDBF8000082
:1010B000C0000BD4DBF8001041F08051CBF80010D9
:1010C000DBF80000012700F080500090674E306888
:1010D000C00510D4306840F480703060FFF7E2FC47
:1010E000009005E0FFF7DEFC0099401A022850D876
:1010F0003068C005F6D55A4EA0686C3601280FD06E
:101100000528306810D020F001003060306820F0F1
:1011100004003060A068B8B1FFF7C4FC00900FE095
:10112000306840F00100F4E740F004003060F7E779
:10113000FFF7B8FC0099411A41F28830814266D825
:1011400030688007F4D50EE0FFF7ACFC009007E0B4
:10115000FFF7A8FC0099411A41F28830814256D825
:1011600030688007F4D42FB1DBF8001021F08051F3
:10117000CBF80010A069C8B33949091D0968C1F34B
:10118000810102294AD00228504607D0C8F86000E1
:1011900000E03CE0FFF786FC04463BE04746C8F829
:1011A0006000FFF77FFC064605E000BFFFF77AFC12
:1011B000801B02282BD828688001F7D4D4E90701C6
:1011C0000843A16A2A4A490802EB0141626A41EADE
:1011D0008211084394F82C1040EA0161C9F800100C
:1011E00001203866FFF75EFC044606E036E000BFEB
:1011F000FFF758FC001B022809D828688001F7D5A2
:101200002CE000BFFFF74EFC001B022802D9032090
:10121000BDE8F88F28688001F4D41FE00128F7D0DA
:10122000D9F80000E26900F48001914214D1226AE9
:1012300000F03F0191420FD147F6C071626A014050
:10124000914209D1A26A00F44031914204D1E16A8D
:1012500000F07060884201D00120D9E70020D7E774
:101260000438024000004742800E474200700040B0
:101270000000FFFF70B5040002D0607F10B106E0EF
:10128000012070BD00202077204600F049F80220A0
:1012900060772168CA20486221685320486220464E
:1012A00000F01EFEFF25042618BB206881681B4A3B
:1012B000114081602168886862681043D4E9042382
:1012C0001A43104388602168E0680861206801695A
:1012D000228941EA024101612068C16821F0800150
:1012E000C16020688068800607D4204600F034F88A
:1012F00018B1206845626677C2E72068016C21F466
:10130000802101642068016CA26911430164206896
:10131000456201206077002070BD0000BFFF8FFF95
:101320001FB50021009101910291039100680849C5
:1013300088420CD102200090000203906846FFF71B
:1013400061FC08B1FFF741F80249012008601FBDA8
:10135000002800403C0E474270B504460068C16852
:1013600021F0A001C160FFF79DFB05464FF47A769E
:1013700007E000BFFFF796FB401BB04201D90320F6
:1013800070BD2068C0688006F4D5002070BD10B51F
:10139000401EB0F1807F01D3012010BD4FF0E0244A
:1013A00060610F21601701F0A0FA0020A061072002
:1013B0002061002010BD70477047000070B590F8A4
:1013C0003C20012A32D0012480F83C40022280F8DF
:1013D0003D2003685A689D6822F070060A6832430F
:1013E0005A60134B02689A4214D0B2F1804F11D068
:1013F000104B9A420ED0104B9A420BD00F4B9A4290
:1014000008D00F4B9A4205D00E4B9A4202D00E4B99
:101410009A4204D1496825F080031943916080F80D
:101420003D40002180F83C10084670BD022070BD90
:10143000000001400004004000080040000C004093
:1014400000040140004001400018004010B50400B5
:1014500003D094F83D0010B107E0012010BD00203A
:1014600084F83C00204600F01FF8022084F83D007C
:10147000211D206800F022FE012084F83D0000209C
:1014800010BD000000680649884207D10548016880
:1014900021F0010101601920FFF764BB70470000D3
:1014A000000001404438024008B500680B498842FA
:1014B00012D10B48016841F001010160006800226F
:1014C00000F00100009006211920FFF769FBBDE83C
:1014D00008401920FFF757BB08BD0000000001407D
:1014E000443802400168CA6842F00102CA600068DC
:1014F000816801F00701062903D0016841F001016C
:1015000001600020704770B5044690F83C00012847
:1015100017D0012584F83C50022084F83D00206853
:10152000826822F0770222F47F42826008685028A5
:1015300030D00DDC20284DD005DC98B310283BD1ED
:1015400048E0022070BD302844D0402834D139E032
:10155000602828D0702806D0B0F5805F2CD0B0F578
:10156000005F29D10AE0CB68D1E90121206800F0B1
:1015700009FE2068816841F0770109E0CB68D1E974
:101580000121206800F0FEFD2068816841F480415F
:10159000816011E0CA684968206800F005FE5021AA
:1015A000206807E016E0CA684968206800F00DFE70
:1015B0006021206800F0F0FD84F83D50002084F8A0
:1015C0003C0070BDCA684968206800F0EDFD40210C
:1015D0002068EFE7226801461046EBE7704770B5D8
:1015E0000446006801694FF00005C943890715D416
:1015F000C168C943890711D4E91E01610120207720
:10160000206880698007204602D0FFF7E7FF04E0EA
:1016100000F098F8204600F096F8257720680169D8
:10162000C943490717D4C168C943490713D46FF0A8
:1016300004010161022020772068806910F4407F56
:10164000204602D0FFF7CAFF04E000F07BF82046F6
:1016500000F079F8257720680169C943090716D495
:10166000C168C943090712D46FF008010161042061
:1016700020772068C0698007204602D0FFF7AEFFC0
:1016800004E000F05FF8204600F05DF82577206860
:101690000169C943C90617D4C168C943C90613D42F
:1016A0006FF010010161082020772068C06910F4F4
:1016B000407F204602D0FFF791FF04E000F042F89F
:1016C000204600F040F8257720680169C943C90722
:1016D00008D1C168C943C90704D1891E01612046E8
:1016E00000F032F820680169C943090609D4C168CD
:1016F000C943090605D46FF0800101612046FFF758
:101700005AFE20680169C943490609D4C168C94322
:10171000490605D46FF040010161204600F015F83C
:1017200020680169C94389060BD4C168C943890689
:1017300007D46FF0200101612046BDE87040FFF73B
:101740003BBE70BD704770477047704770470000E0
:1017500070B5026804461068D168536910F00F0F25
:1017600053D003F0010501F490762E435FD0C207F9
:1017700005D0CA0503D5E26B42F00102E2634207DD
:1017800005D5DA0703D0E26B42F00202E26382077A
:1017900005D5DA0703D0E26B42F00402E2630207E8
:1017A00007D501F020022A4303D0E26B42F0080281
:1017B000E263E26B002A34D0800604D5880602D5A5
:1017C000204600F01BFF20684069E16BC0F38010E9
:1017D00001F008010143204624D000F001FF2068F9
:1017E000416949061AD5416921F040014161606BA8
:1017F000A0B11B490165606BFEF7F6FE002810D012
:10180000606B016DBDE87040084783060FD58B06FD
:101810000DD52046BDE8704000F0F0BE2046FFF731
:1018200095FF70BDFFF792FF0020E06370BD0306D7
:1018300006D50B0604D52046BDE8704000F0BEBFBB
:101840004006F3D54806F1D5D168204621F0400185
:10185000D160202184F8391000F017F970BD000024
:10186000D125000870B5040004D094F83900002593
:1018700010B106E0012070BD84F83850204600F019
:101880003FF8242084F839002068C16821F4005111
:10189000C160204600F0FEFE2068016921F49041FD
:1018A00001612068416921F02A0141612068C16815
:1018B00041F40051C160E563202084F8390084F8C8
:1018C0003A00002070BD000010B500680949884248
:1018D0000ED10948016821F0100101604FF4C06188
:1018E0000648FEF73DFFBDE810402520FFF73AB956
:1018F00010BD0000001001404438024000000240CA
:1019000010B586B0044614216846FEF791FC1849CC
:101910002068884229D117480021026842F010024D
:101920000260006800F01000059012481438026848
:1019300042F001020260006800F0010005904FF4DF
:10194000C06000900220CDE9010103200390072030
:10195000049069460848FEF7B7FF002205212520BC
:10196000FFF71EF92520FFF70EF906B010BD0000A5
:1019700000100140443802400000024090F83A3024
:10198000202B22D1F9B1F2B190F83830012B1CD0C4
:1019900081628285C2850021C163222280F83A20BB
:1019A00080F838100168CA6842F48072CA60016821
:1019B0004A6942F001024A610068C16841F02001B1
:1019C000C1600020704701207047022070477047B7
:1019D0002DE9F843044690F839001F4616460D4697
:1019E000202850D1B5B1AEB194F8380001284AD0C2
:1019F000012084F838004FF00008C4F83C80212012
:101A000084F83900FFF74EF8A6848146E68484F80E
:101A1000388026E00120BDE8F883E08C401EE08499
:101A2000A0684B46B0F5805F4FF000024FF0800198
:101A30002046009703D000F0F2FEE8B90DE000F078
:101A4000EEFEC8B928882168C0F308004860206904
:101A500008B16D1C05E0AD1C03E0216815F8010B11
:101A60004860E08C0028D8D14B4600224021204617
:101A7000009700F0D4FE08B10320CCE7202084F8C2
:101A800039000020C7E70220C5E77047FEE70000E5
:101A900070B5114D4FF48074002221462846FEF7A0
:101AA000FBFF002000F03AFA002261002846FEF712
:101AB000F3FF0220FEF780FC012221462846FEF7B4
:101AC000EBFF0220FEF778FC21462846BDE8704077
:101AD0000022FEF7E1BF00000004024070B5114D86
:101AE0004FF48074002221462846FEF7D5FF0020DF
:101AF00000F014FA012251022846FEF7CDFF022021
:101B0000FEF75AFC012221462846FEF7C5FF0220B7
:101B1000FEF752FC21462846BDE870400022FEF741
:101B2000BBBF0000000402402DE9F04780460024BE
:101B3000012000F0F3F9174F00254FF480764FF4A1
:101B40000079002231463846FEF7A6FF0220FEF754
:101B500033FC012231463846FEF79EFF6006040E34
:101B600049463846FEF78CFF08B1641CE4B20120F8
:101B7000FEF722FC6D1CEDB2082DE2D3B8F1000F88
:101B800004D0FFF785FF2046BDE8F087FFF7A6FFEA
:101B9000F9E70000000402402DE9F041054600206D
:101BA00000F0BCF9174F4FF48076002231463846DA
:101BB000FEF772FF00244FF40078280601D40022BB
:101BC00000E0012241463846FEF766FF6806050E32
:101BD0000220FEF7F1FB012231463846FEF75CFF9A
:101BE0000220FEF7E9FB002231463846FEF754FF9B
:101BF0000220FEF7E1FB641CE4B2082CDDD3BDE853
:101C0000F08100000004024070B5002000F086F969
:101C100001220F4D540221462846FEF73DFF0122C6
:101C2000160231462846FEF737FF0420FEF7C4FBB4
:101C3000002221462846FEF72FFF0420FEF7BCFBBA
:101C400031462846BDE870400022FEF725BF00005F
:101C50000004024070B5002000F060F90F4D4FF411
:101C60008074002221462846FEF716FF66000022F7
:101C700031462846FEF710FF0420FEF79DFB0122A7
:101C800021462846FEF708FF012231462846FEF786
:101C900003FFBDE870400420FEF78EBB0004024045
:101CA0002DE9F0410024012000F038F90122144D03
:101CB000560231462846FEF7EFFE0120FEF77CFB78
:101CC0000122170239462846FEF7E6FE0120FEF7FC
:101CD00073FB08E0641CE4B2FA2C04D9FFF7BAFFE6
:101CE0000120BDE8F08131462846FEF7C9FE0028F4
:101CF000F0D1002239462846FEF7CEFE0020F0E75C
:101D0000000402402DE9F04387B014216846FEF735
:101D10008FFA38480024016841F010010160016821
:101D200001F010010591016841F080010160016836
:101D300001F080010591016841F001010160016835
:101D400001F001010591016841F0020101600068A4
:101D5000294F00F002000590002204213846FEF7CA
:101D60009BFEDFF8989000224FF440714846FEF742
:101D700093FE012280214846FEF78EFEDFF8808028
:101D80004FF40045002229464046FEF785FE042018
:101D900000900126CDE90164694638460394FEF7B8
:101DA00093FDCDE900560225CDE90254694640462F
:101DB000FEF78AFD80200090CDE90165694648461E
:101DC0000395FEF781FDE801CDE900066946484626
:101DD000CDE90245FEF778FD2802009001AA112006
:101DE00082E8310069464846FEF76EFD07B0BDE85F
:101DF000F08300003038024000100240000402402E
:101E0000000002400B4810B50949016000217F2203
:101E1000C0E90112FF22C0E9032141618161FFF79E
:101E200029FA002803D0BDE81040FEF7CEBA10BD55
:101E3000002800402C5A002010B586B00024174816
:101E4000009401940294039404941349059401604E
:101E5000A721C0E9011442F20F71C0E903144461E3
:101E60008461FFF7F3FA08B1FEF7AFFA4FF4805040
:101E7000009069460948FFF746FB08B1FEF7A5FA4E
:101E8000049404A905480594FFF798FA002801D0A6
:101E9000FEF79BFA06B010BD000001404C5A00202E
:101EA0000C4810B50A4901604FF4E131416000214E
:101EB00081600C22C160C0E904128161C161FFF739
:101EC000D1FC002803D0BDE81040FEF77EBA10BD5B
:101ED000001001408C5A0020FEE7FEE7704700002A
:101EE00070B504460068C168490614D44FF0FF314C
:101EF000C160FEF7D7FD05464FF47A7607E000BFD4
:101F0000FEF7D0FD401BB04201D9032070BD206810
:101F1000C0684006F4D5002070BD000010B586B042
:101F2000044614216846FEF783F94FF400700090D0
:101F30005CB10020019001200290022003906946CC
:101F40000348FEF7C1FC06B010BD1120F2E7000007
:101F5000000402401C49884201D2002070471B49FE
:101F6000884201D2012070471949884201D20220DB
:101F700070471849884201D20320704716498842A9
:101F800001D2042070471549884201D205207047CC
:101F90001349884201D2062070471249884201D273
:101FA000072070471049884201D2082070470F4926
:101FB000884201D2092070470D49884201D20A2087
:101FC00070470B20704700000040000800800008A8
:101FD00000C000080000010800000208000004081A
:101FE000000006080000080800000A0800000C08AD
:101FF00000000E087047000002484188491C4180DB
:10200000FEF756BD0A42002030B593B03021684635
:10201000FEF70EF914210CA8FEF70AF91B4800255B
:10202000016841F080510160006800F0805011901B
:102030001748016841F4804101600068022400F4FF
:1020400080401190092000904FF4803001900120D1
:10205000CDE905048005079006200890A820CDE969
:10206000090404200B906846FEF756FF0CA90F20C8
:1020700081E831004FF4A0500F90E002109005214C
:102080000CA8FEF75DFE13B030BD000040380240E2
:10209000007000400548016841F470010160034987
:1020A0004FF00060803908607047000088ED00E064
:1020B0000148FFF794BA00004C5A0020F0B50268BE
:1020C000254C264D264E274F274B4FF0804CA042E3
:1020D00009D0604507D0A84205D0B04203D0B8422D
:1020E00001D0984204D122F0700E4A6842EA0E02F2
:1020F000A0421BD0604519D0A84217D0B04215D0DD
:10210000B84213D0984211D0184DA8420ED0184DA5
:10211000A8420BD0174DA84208D0174DA84205D0B1
:10212000164DA84202D0164DA84203D122F44075A4
:10213000CA682A434D6922F080022A4302608A68F5
:10214000C2620A688262A04201D0984201D1096944
:10215000016301214161F0BD000001400004004025
:1021600000080040000C0040000401400040014015
:10217000004401400048014000180040001C00409D
:102180000020004010B5846842EA032224F47F4412
:102190000A432243826010BD826822F070020A4323
:1021A00042F007018160704710B5036A046A24F0A9
:1021B00001040462846924F0F00444EA021423F068
:1021C0000A020A438461026210BD10B5036A23F05B
:1021D000100303628369046A23F4704343EA023202
:1021E00024F0A00343EA01118261016210BD0000E6
:1021F0002DE9F04FADF6244D14210DF50060FEF7EA
:1022000017F855208DF80008E44CAA208DF8010835
:10221000A0780227BB2204210DF500668DF8020884
:102220004FF0030AA12809D00025DFF874B3DFF8C6
:102230007493B12826D0032870D0A6E110208DF821
:1022400003080420D84B00215C5C3454401C491C1A
:10225000C9B2C0B20829F7D33754401CC0B20E210E
:102260003254401CC4B23046FEF784F8000A3055A0
:10227000641CE4B20E210DF50060FEF77BF83055CA
:10228000102243E008208DF80308884605268DF8C3
:1022900004283146C148FEF76DF86179B1EB102F83
:1022A00038D10521BD48FEF765F8A179C0B2884252
:1022B00030D1E078072802D08DF8058815E0D9F8EC
:1022C00000004C46401C0ED0B848FFF7DBF8B84879
:1022D000FFF7FAFACBF8005072B685F31188204662
:1022E00000F0B6FB02E08DF80578062606210DF514
:1022F0000060FEF73FF80DF50064000AA0550621C6
:102300002046761CFEF736F8A05508220DF5006130
:10231000A84838E18DF805A8E7E7FFE70720DFF8D0
:1023200098828DF80308E17888F80010217988F800
:102330000110E279A379C80702EB0322A8F8042070
:1023400073D04FF400619D48FDF772FF44460026AC
:10235000DFF86C8209E03044827A98488255FEF7B3
:1023600009F8761CA8F80000B6B2A1888B488E4206
:10237000F1D3427A007A02EB00229148008882422F
:102380007BD163782078834278D100208AB2EE46F0
:102390008A4E05E036F810802EF81080401C80B27E
:1023A000B0EB520FF6D34A0858084E4609EBC0204E
:1023B000714600F0C7FA6420FDF7F3FF61788148A9
:1023C00000EB8120A188FDF7D5FF7D498880098831
:1023D00081427DD13068401C7BD08DF804580521A6
:1023E0000DF50060FDF7C6FF000A8DF80508052110
:1023F0000DF50060FDF7BEFF8DF8060807220DF50C
:1024000000616C4800F0A2FB0A20FDF7CAFF674894
:10241000FFF738F86648FFF757FACBF8005072B666
:1024200085F3118830468CE0FFE744460026DFF84C
:1024300090810FE0614A30443244807A82F800048F
:102440000DF6140290551046FDF794FF761CA8F87F
:102450000200B6B2A18851488E42EBD3427A007A8C
:1024600002EB0022B8F80200824276D18AB2002044
:102470006B46524E02F5806208E06EE067E000BFF6
:1024800036F810C023F810C0401C80B2B0EB520FD9
:10249000F6D3607801F580614B4E4A08400806EBA0
:1024A000C020194600F04EFA6420FDF77AFF6078EC
:1024B000711406EB8020FDF75DFFA8F80400617839
:1024C0004048464600EB8120A188FDF753FF01E01C
:1024D00040E039E0F0803188B28891423AD1718889
:1024E000814237D160782178884230D1D9F8000014
:1024F0004C46401C28D08DF8045805210DF500608D
:10250000FDF738FF000A8DF8050805210DF500607C
:10251000FDF730FF8DF8060807220DF500612B4806
:1025200000F014FB0A20FDF73CFF2048FEF7AAFF4D
:102530001F48FFF7C9F9CBF8005072B685F3118830
:10254000204600F085FA0BE08DF804A808E08DF82D
:10255000045805E08DF8047802E001208DF80408A5
:1025600005210DF50060FDF705FF000A8DF805084F
:1025700005210DF50060FDF7FDFE8DF80608072228
:102580000DF50061114800F0E1FA40F24C410348BA
:10259000FDF74EFE0DF6244DBDE8F08FCC5A00201D
:1025A0003C0E4742000001085C2B00084C5A0020FA
:1025B0008C5A002000480040044200202052002095
:1025C000205A002000FC000800F80008001001401C
:1025D00010B5806B0021C185C184FFF7B7F810BD2D
:1025E0000168CA6822F49072CA6001684A6922F0E0
:1025F00001024A61202180F83A10704710B590F826
:102600003A10222901D0022010BD8168B1F5805F07
:1026100011D00169002901681FD0496801F07F03CA
:10262000816A4A1C82620B70C18D491E0904090C23
:10263000C18518D02BE00269816A002A02685268BD
:1026400005D0D2B20A80816A491C8162ECE7C2F3EC
:1026500008020A80816A891CF7E74A68816A4B1C74
:1026600083620A70E0E70168CA6822F02002CA604B
:102670000168CA6822F48072CA6001684A6922F05F
:1026800001024A61202180F83A10FFF7A0F90020EA
:1026900010BD00002DE9F041044600680169E268C0
:1026A00021F44051114301612169A068E2690843A6
:1026B0006169114308432168CA6849F20C639A436F
:1026C0000243CA6020684169A26921F44071114344
:1026D0004161E069192764253226B0F5004F354A7B
:1026E000354920684FF0000806D0884201D090425A
:1026F00036D1FEF7CFFB35E0884201D0904202D1BF
:10270000FEF7C8FB01E0FEF7B5FB61684A18A0FBC5
:10271000070148EB0803FDF753FD0146B0FBF5F058
:102720000201B1FBF5F06FF01803584301EB800094
:1027300006EBC000B0FBF5F000F0F80002EB400241
:10274000B1FBF5F0584301EB800006EBC000B0FB95
:10275000F5F000F00700216810448860BDE8F081C2
:10276000FEF788FB61688B0F8A00A0FB0701FDF76D
:1027700027FD0146B0FBF5F06FF01802504301EB66
:10278000800006EB0010B0FBF5F000F0F002B1FBAA
:10279000F5F002EB0012B1FBF5F06FF018035843AF
:1027A00001EB800006EB0010B0FBF5F000F00F002D
:1027B000D1E70000001401400010014090F83910EA
:1027C000212901D0022070478168B1F5805F016A3C
:1027D0000BD04A1C0262026809785160C18C491E04
:1027E0000904090CC1840ED017E009880268C1F3FE
:1027F0000801516001690029016A02D0491C016287
:10280000ECE7891CFBE70168CA6822F08002CA6015
:102810000068C16841F04001C160002070472DE9A7
:10282000F041984617460E460446069D1DE0681C7A
:102830001BD02DB1FEF736F9A0EB0800A84214D941
:102840002068C16821F4D071C1602068416921F01D
:1028500001014161202084F8390084F83A00002009
:1028600084F838000320BDE8F0812068006836EA6B
:10287000000004D00020B842D9D00020F3E70120A6
:10288000F9E7000038B5154C20680168C943C9064E
:102890001ED4C168C9061BD5016840680090104865
:1028A000104940F24C4585800A78AA2A04D149781B
:1028B000552901D101210170FFF7F2FA2068C168A2
:1028C00041F01001C1602A4606490448FFF756F856
:1028D000BDE838400148FEF73BBF00008C5A00209D
:1028E0000A420020CC5A0020FEE70907090E002802
:1028F00004DB00F1E02080F80014704700F00F00C6
:1029000000F1E02080F8141D704702E008C8121F93
:1029100008C1002AFAD170477047002001E001C1C8
:10292000121F002AFBD1704710B5002306E000BF3C
:1029300030F8024B21F813405B1C9BB29342F7D353
:1029400010BD00002DE9F04FA0F1006487B01546DE
:1029500089468346B4F1005F5ED2FDF7EBFEE70ADD
:10296000C4F34906C6F58064A54200D82C46DFF8BA
:10297000B08000BF4FF0006000EBC72082464FF4EC
:1029800080622749FFF7D0FF00204FF6FF7106E075
:10299000331838F813208A4203D1401C80B2A04279
:1029A000F6D3A04232D20020009001200390019083
:1029B0005846FFF7CFFA02900220049005A9684616
:1029C000FDF724FE0020424607E000BF39F8103032
:1029D0008119401C22F8113080B2A042F6D3104970
:1029E00050464FF4806200BF00F01CF8A54211D0A1
:1029F000281B09EB44090BEB440B002685B24FF46E
:102A000080647F1CA542B5D82C46B3E722464946D0
:102A10005846E9E7FDF746FE07B0BDE8F08F000035
:102A2000204200202DE9F04116460F4605460024BD
:102A30000AE000BF37F81420002329460120FDF7E3
:102A40003BFE641CA4B2AD1CB442F3D3BDE8F081DC
:102A50000168064A1140B1F1005F06D14168044A9D
:102A60001160006880F30888084770470000FE2F57
:102A700000400020FEF724F8FFF7C6FAFFF742F9FE
:102A8000FFF7DAF9FFF70CFAFFF7BCF90222570259
:102A900024493846FDF737FC0120FDF782FC214828
:102AA00000240178AA2914D04078BB2811D01E4DEB
:102AB0002868401C0DD01D48FEF7E4FC1C48FEF7BA
:102AC00003FF1C48046072B684F311882846FFF7A0
:102AD000BFFF17480068C16841F01001C16040F2B3
:102AE0004C4215491248FEF749FF1048FEF7FAFC20
:102AF000124EDFF84C80DFF84C90134D3088C82818
:102B000008D9348004214046FDF7BFFF39464846C6
:102B1000FDF7BBFF28780128F0D1FFF769FB2C7087
:102B2000ECE7000006420020000001084C5A00209B
:102B30008C5A00203C0E4742CC5A00200C42002008
:102B400000100240000C02400A4200204FF47A7349
:102B50000148FEF73DBF00008C5A00200100000133
:102B60001419041500000000000000000102030415
:102B70000607080900000000010203049C2B00085E
:102B80000040002020020000A8020008B42D000828
:102B900020420020182D00001A29000832000100F0
:102BA000FF002110422063308440A550C660E770CA
:102BB000088129914AA16BB18CC1ADD1CEE1EFF171
:102BC0003112100273325222B5529442F772D66219
:102BD000399318837BB35AA3BDD39CC3FFF3DEE3C1
:102BE0006224433420040114E664C774A444855469
:102BF0006AA54BB528850995EEE5CFF5ACC58DD511
:102C00005336722611163006D776F6669556B446B8
:102C10005BB77AA719973887DFF7FEE79DD7BCC760
:102C2000C448E5588668A778400861180228233808
:102C3000CCC9EDD98EE9AFF9488969990AA92BB9B0
:102C4000F55AD44AB77A966A711A500A333A122A58
:102C5000FDDBDCCBBFFB9EEB799B588B3BBB1AAB00
:102C6000A66C877CE44CC55C222C033C600C411CA8
:102C7000AEED8FFDECCDCDDD2AAD0BBD688D499D50
:102C8000977EB66ED55EF44E133E322E511E700EF8
:102C90009FFFBEEFDDDFFCCF1BBF3AAF599F788FA0
:102CA00000FF008891A981CAB1EBA10CD12DC14EC2
:102CB000F16FE18010A100C230E3200450254046AE
:102CC000706760B9839893FBA3DAB33DC31CD37FCD
:102CD000E35EF3B1029012F322D2323542145277FE
:102CE000625672EAB5CBA5A89589856EF54FE52C9D
:102CF000D50DC5E234C324A014810466744764244E
:102D0000540544DBA7FAB79987B8975FE77EF71DAC
:102D1000C73CD7D326F2369106B01657667676159D
:102D20004634564CD96DC90EF92FE9C899E9898AFC
:102D3000B9ABA94458654806782768C018E10882ED
:102D400038A3287DCB5CDB3FEB1EFBF98BD89BBB0C
:102D5000AB9ABB754A545A376A167AF10AD01AB33D
:102D60002A923A2EFD0FED6CDD4DCDAABD8BADE85C
:102D70009DC98D267C076C645C454CA23C832CE08D
:102D80001CC10C1FEF3EFF5DCF7CDF9BAFBABFD9EC
:102D90008FF89F176E367E554E745E932EB23ED1DD
:102DA0000E9004F01E00011A010E62100D000400C6
:042DB00024F4000007
:040000050800018965
:020000040801F1
:1000000048DC002061020108794A010855400108D6
:10001000774A0108F10F0108895D0108000000001E
:10002000000000000000000000000000A101010825
:100030005D18010800000000FD0101087557010866
:100040007B0201087B0201087B0201087B02010898
:100050007B0201087B0201087B0201087B02010888
:100060007B0201087B0201087B0201087B02010878
:100070007B0201087B0201087B0201087B02010868
:100080007B0201087B020108550B01087B02010875
:100090007B0201087B0201087B0201087B02010848
:1000A0007B0201085D5801087B0201087B02010800
:1000B0007B0201087B0201087B0201087B02010828
:1000C0007B0201087B0201087B0201087B02010818
:1000D0007B020108015D01087B0201087B02010827
:1000E0007B0201087B0201087B0201087B020108F8
:1000F0007B0201087B0201087B0201087B020108E8
:100100007B0201087B0201087B0201087B020108D7
:10011000315901087B0201087B0201087B020108BA
:10012000A11701087B020108AD1701087B02010835
:100130007B0201087B0201087B0201087B020108A7
:100140007B0201087B0201087B0201087B02010897
:100150007B0201087B0201087B0201087B02010887
:100160007B0201087B0201087B0201087B02010877
:100170007B0201087B0201087B02010800000000ED
:100180007B0201087B020108DFF810D000F0ACFA16
:1001900000480047A3690108AFF3008048DC002055
:1001A0002C4B19680868B0E8F04F80F30988BFF35A
:1001B0006F8F4FF0000080F311887047000000003F
:1001C00008480068006880F308884FF0000080F35A
:1001D000148862B661B6BFF34F8FBFF36F8F00DF35
:1001E00000BF00BF08ED00E0DFF80C00016841F43B
:1001F00070010160704700BF88ED00E0EFF30980F7
:10020000BFF36F8F134B1A681EF0100F08BF20ED5D
:10021000108A20E9F04F106009B44FF0500080F3CD
:100220001188BFF34F8FBFF36F8F07F017FD4FF0AB
:10023000000080F3118809BC19680868B0E8F04F25
:100240001EF0100F08BFB0EC108A80F30988BFF3CE
:100250006F8F7047D8430020EFF305807047000090
:100260000648804706480047FEE7FEE7FEE7FEE750
:10027000FEE7FEE7FEE7FEE7FEE7FEE7415801087E
:10028000890101082DE9F05F0546002092469B4652
:1002900088460646814640241BE02846414647469C
:1002A000224600F0CEF953465A46C01A914110D367
:1002B00011461846224600F0B5F92D1A67EB0108E1
:1002C0004F4622460120002100F0ACF917EB00094F
:1002D0004E41201EA4F10104DFDC484631462A4687
:1002E0004346BDE8F09F00000649074A08685043AE
:1002F00043F2390210440860400870470149086021
:1003000070470000504400206D4EC64140EA010392
:100310009B0703D009E008C9121F08C0042AFAD2BB
:1003200003E011F8013B00F8013B521EF9D270477F
:10033000D2B201E000F8012B491EFBD27047002227
:10034000F6E710B513460A4604461946FFF7F0FFD4
:10035000204610BD30B505462A460B4612F8010B63
:1003600013F8014B08B1A042F8D01CB1002802D00C
:100370006D1CF1E7284630BD421C10F8011B002916
:10038000FBD1801A704710B5044600E0401C03788A
:10039000002BFBD100E0401C521E04D311F8013B9E
:1003A0000370002BF7D100210170204610BD0346D9
:1003B00011F8012B00F8012B002AF9D118467047DB
:1003C0000FB400B58DB010A909900B9000914FF0BB
:1003D000FF300A9000200C900548069005480790D1
:1003E0006A4609A80F9900F051F90DB05DF814FBA9
:1003F000A9060108C70601082DE9FF5F1D464FF059
:10040000FF3BD5E9014691465F464FF00008A969D8
:100410007F1C01988847296A824688470028F6D1C0
:10042000BAF1FF3F0CD024F4C064002E19DD600641
:1004300014D5BAF12B0F09D0BAF12D0F0ED103E06C
:10044000584604B0BDE8F09F44F48064A9697F1C5D
:1004500001988847761E8246002E02DDBAF1300FE1
:1004600003D0B9F1000F26D032E0A969761E44F41A
:1004700000747F1C019888478246002E05DDBAF182
:10048000780F06D0BAF1580F03D0B9F1000F10D091
:100490001EE0B9F1000F02D0B9F1100F18D1A9690F
:1004A000761E24F400747F1C019888478246102031
:1004B00002E0082000E00A20814609E008FB090864
:1004C000A969761E44F400747F1C0198884782460F
:1004D000002E05DD4946504600F0C3F80028EDDA4D
:1004E000E96901988847A00502D46FF00100A8E7E8
:1004F000E00725D1600613D5600502D5C8F10000DC
:1005000000E0404629680A1D2A600968220501D5D5
:10051000087015E0220701D5088011E008600FE09F
:100520002868011D29600068210502D580F8008037
:1005300006E0210702D5A0F8008001E0C0F80080A5
:1005400038467EE72DE9FF5FD2E901A74FF00008AA
:10055000916999461446DDF838B0464601988847B7
:10056000054659EA0B0005D009E0A169761C0198FF
:1005700088470546216A284688470028F5D1681C27
:1005800003D05FEACA7005D015E04FF0FF3004B029
:10059000BDE8F09F2068011D2160D0F800800AE0CE
:1005A0005FEACA7001D108F8015BA169761C7F1E61
:1005B000019888470546002F1ADD681C18D0B9F14C
:1005C000000F0DD0E81705EBD060421120F01F009E
:1005D00059F822102A1A012090400142E0D107E088
:1005E000BBF1000FDCD1216A284688470028D7D00C
:1005F000E16901988847BBF1000F07D1002E05DDA6
:100600005FEACA7002D1002188F80010A068B842E1
:1006100003DDBBF1000F03D017B16FF00100B6E7A7
:100620003046B4E7202A04DB203A00FA02F1002029
:1006300070479140C2F1200320FA03F31943904020
:100640007047202A04DB203A21FA02F0002170478B
:1006500021FA02F3D040C2F120029140084319462A
:1006600070473A2800D2303820F02002412A01D3C6
:10067000A2F13700884201D34FF0FF3070470000ED
:10068000026811441378016018467047D16004492C
:1006900051610449116200211161114600F03CB81A
:1006A000810601080D070108426842B1016811F88E
:1006B000013B23B1521EC0E90012184670470121C8
:1006C000C160881E704742685AB1C368016843B967
:1006D00083688B4205D0491E521CC0E900120020DD
:1006E00070474FF0FF307047064C074D06E0E0685A
:1006F00040F0010394E8070098471034AC42F6D369
:10070000FFF746FD4CCD01086CCD0108C0B24FF497
:10071000F05100F099B900002DE9F34F8BB04FF084
:10072000000801F10C000C464FF0010B46460DF19C
:10073000080A01906269012101989047051E2DD099
:10074000252D2CD0216A8847C0B16269012101980A
:100750009047216A88470028F7D1411E62690198B5
:10076000904700E0761CA1690B988847216A88476A
:100770000028F7D1E1690B988847DBE7A1690B985E
:1007800088470746A84201D1761CD3E7E1690B9858
:1007900088477F1C02D1B8F1000F6FD047E10027D6
:1007A00062693D463946019890472A2804D162691A
:1007B0000121019890470125DFF8889262690121A3
:1007C00001989047A0F130010A290AD24F45E5DC93
:1007D00007EB870100EB4107303FDFD445F0100500
:1007E000ECE7E90601D46FF000476C280AD04C28EA
:1007F00014D0682815D06A280DD074281CD07A2807
:100800001AD01DE062690121019890476C2802D03E
:1008100045F0040514E045F002050DE045F0200523
:100820000AE06269012101989047682802D045F0EA
:10083000080505E045F400656269012101989047CB
:10084000C4E9015765283DD019DC58287AD00CDC62
:10085000452837D004DC252826D0412831D131E085
:1008600046282FD047282CD12CE05B2877D0612850
:1008700028D063287CD0642823D15AE0D1E06F28A7
:1008800048D008DC66281DD067281BD0692821D0F5
:100890006E2816D127E0702845D0732868D07528B7
:1008A00047D078280DD14DE0A1690B9888470546BF
:1008B00025283FF469AFE1690B9888476D1C3FF428
:1008C0006AAFB4E023466A466FF001000B99AFF3BC
:1008D00000809FE045F040006060A80723464FF08D
:1008E000000236D43EE0E8077FF447AF2068011DE0
:1008F00021600068290501D506701BE7290701D58D
:10090000068017E7A90703D5F117C0E9006111E7D1
:1009100006600FE745F040006060A80723464FF0EF
:10092000080216D41EE040F60E0125EA01006060C0
:1009300016E045F040006060A80723464FF00A0229
:1009400007D40FE045F040006060A80708D52346B3
:1009500010226FF001000B99AFF300805AE007E01E
:10096000234610226FF001000B99FFF745FD51E07F
:100970004FF000094F464B46632802D05B2807D052
:1009800041E02079C00601D40120A06001273AE0AF
:1009900062690121019890475E2805D14FF0010955
:1009A0006269494601989047216939B900210A4690
:1009B000534643F82120491C0829FADBB0B32169CA
:1009C00069B9C11700EBD16253110AEB830122F020
:1009D0001F02821A01200B68904003430B6062697A
:1009E0000121019890475D28E8D1B9F1000F09D0A5
:1009F0000020514651F82020D24341F82020401CCD
:100A00000828F7DB02AB224600976FF001000B9934
:100A1000FFF798FD00280CDA401C08D1BBF1000F4D
:100A200005D04FF0FF300DB0BDE8F08FFFE7404636
:100A3000F9E7E90701D108F1010806444FF0000B7E
:100A400078E60000CCCCCC0C7F2801D9002208E04D
:100A5000064A02EB5002C007127800D1120902F0D8
:100A60000F02012090400840704700003CC601087A
:100A700070B58C1810F8015B15F0070301D110F860
:100A8000013B2A1106D110F8012B03E010F8016B8D
:100A900001F8016B5B1EF9D12B0705D40023521E10
:100AA0000DD401F8013BFAE710F8013BCB1A921C78
:100AB00003E013F8015B01F8015B521EF9D5A14276
:100AC000D8D3002070BD10B50146806B026C12F0C7
:100AD000500F05D0026CD20626D501F096F810BD55
:100AE000016C41F40071016401688A6812F0405F92
:100AF00017D1027EAAB9CA6A12F4700F02D08A68AE
:100B000052050ED44A6822F020024A60016C21F49A
:100B100080710164016CC90403D4016C41F00101CE
:100B2000016401F03BF810BD806BC26CBDE8104061
:100B30000846104710B5806B40210164416C41F0BC
:100B40000401416401F061F810BD10B5806B01F043
:100B50005BF810BD10B5044801F058F8BDE810402E
:100B6000024801F053B80000544400209C44002087
:100B7000464910B54A6822F440324A604A684368E0
:100B80001A434A6001684A6822F480724A60016828
:100B90004A68036942EA03224A6001684A6822F00F
:100BA00040724A6001684A6883681A434A60016873
:100BB0008A6822F400628A6001688A68C3681A43FE
:100BC0008A60816A6FF07062D14201688A6822F09F
:100BD00070628A6001688A680CD0836A1A438A60EE
:100BE00001688A6822F040528A6001688A68C36A94
:100BF0001A4301E022F040528A6001688A6822F0BC
:100C000002028A6001688A68037E42EA43028A60BF
:100C100090F82010002901684A680FD042F4006261
:100C20004A6001684A6822F460424A6001684A6882
:100C3000174C436A04EB43331A4301E022F4006289
:100C40004A600168CA6A22F47002CA620168CA6A0C
:100C5000838B104C04EB03531A43CA6201688A6801
:100C600022F400728A6001688A6890F8303042EAA3
:100C700043228A6001688A6822F480628A6001687F
:100C80008A68406942EA8020886010BD00230140E4
:100C900000E0FFFF0000F0FF70B514460D46064669
:100CA00008E03046711C8EB200F007F8641E05F8AB
:100CB000010BA4B2002CF4D170BD70B5044603F052
:100CC000AFFA250AA02000EB4500C0B203F050FAAD
:100CD00003F0FAFAE0B203F04BFA03F0F5FA03F08E
:100CE0009FFAA12000EB4500C0B203F041FA03F0E7
:100CF000EBFA002003F004FA044603F0BBFA2046A6
:100D000070BD70B516460C46054606E021782846AB
:100D100000F007F86D1CADB2641C761EB6B2F5D2B9
:100D200070BD70B50D46044603F07AFA200AA02182
:100D300001EB4000C0B203F01BFA03F0C5FAE0B2C9
:100D400003F016FA03F0C0FA284603F011FA03F094
:100D5000BBFA03F08FFA4FF47A714FF4C87206E0D1
:100D6000002000BF00BF401C80B29042F9D3491E52
:100D700089B2F5D270BD70B50D46044603F050FA45
:100D8000200AA02101EB4000C0B203F0F1F903F00A
:100D90009BFAE0B203F0ECF903F096FA284603F070
:100DA000E7F903F091FABDE8704003F063BA000080
:100DB0000D4902460088C97801290BD05FF0010176
:100DC00032F81130834200D81846491CC9B20229B2
:100DD000F6D3704732F81130834200D81846491CC8
:100DE000C9B20429F6D37047404000202DE9F041F4
:100DF0001E4C40F215162046E178371F80784FF4DC
:100E0000AA7501290BD001284FF0470225D01849B7
:100E10001848FFF77BFA1649472247310AE00128B4
:100E20004FF0470210D014491248FFF76FFA1249E9
:100E3000472247310F484730FFF768FA6581A5819F
:100E4000E6802781BDE8F0810B490A488E39FFF71B
:100E50005DFA094947224739ECE7054905488E39CB
:100E6000FFF754FA024947224739E3E740400020A0
:100E7000E8B9010840460020CCB80108F0B5FBB045
:100E800015460E4607464FF4F67224496846FFF7AA
:100E90003DFA23A13846FFF75DFA01004FEA9500BD
:100EA00000EB400401D0A41E05E01EA13846FFF768
:100EB00051FA08B1641EA4B2002030550246AD1E9E
:100EC00027E03B1817F800C05C7869461DF82CC075
:100ED0001DF82440001DC4F3031444EA8C04B454E8
:100EE0009C7893F801C01DF824401DF82CC0C4F371
:100EF000850444EA0C1CB418D21C84F801C093F891
:100F000003C09B781DF82CC011F823104CEA811106
:100F1000A170A842D5DB7BB0F0BD000030C2010853
:100F20003D3D00003D0000002DE9F04792B0144621
:100F30000D46064644222D496846FFF7E7F94FF073
:100F40000309B4FBF9F109FB11400028B4FBF9F0E7
:100F500007D08000001D80B2002129540B46801E5E
:100F60002DE04FF6FF7101EA8000F5E7775CEA4675
:100F70000AEB97021278EA54725C9207970E721885
:100F8000C91C92F801C047EA1C1CEF181DF80CC0E0
:100F900087F801C092F801C092F802804FEA0C7CF9
:100FA0004FEA9C6C4CEA98181B1D1AF808C087F889
:100FB00002C0927802F03F0C1AF80C20FA708342BB
:100FC000D4DBB4FBF9F109FB11413D20012907D025
:100FD000022902D1E91801F8010C12B0BDE8F0872E
:100FE000E91801F8020D4870F7E70000C4C60108CF
:100FF000FEE700002DE9F04FFC480026DFF8F08303
:10100000A3B0867398F80350B246AC1E4746A1B20F
:10101000404600F0EFFA2F4417F8021CB1EB102FF6
:1010200035D1A1B2404600F0E5FAC1B217F8010C83
:10103000C4468142F4D155208DF800004FF0AA0B30
:101040008DF801B0E9489CF80230EA4ADFF8A8E3DD
:101050001C306C464FF001084FF002098DF8023049
:10106000A12B15D00721A22B43D00827B12B5FD08D
:10107000DFF888936746C12B7ED0C22B7DD0C32B6F
:101080007CD0C42B7BD0D12B7AD0D42B79D08EE2DC
:1010900010218DF8031004210023C55C6554491C00
:1010A0005B1CDBB2C9B2082BF7D31078012806D13C
:1010B0009EF8000046F0040608B946F0020646F025
:1010C00008006054491CC8B20E2104F800B0401C4E
:1010D000C5B2204600F08EFA000A60556D1CEDB2D4
:1010E0000E21684600F086FA60554FF47A7310229C
:1010F00019E0BE484279C2B180F805A08DF803100E
:1011000040798DF804000521204600F073FA000AAA
:101110008DF805000521684600F06CFA8DF8060090
:101120004FF47A730722694650E080F80580E5E7BE
:10113000B3A044460068072DCDE919A0AB4880F85C
:101140000580A4D19CF80400BB28A0D14FF000601A
:101150000068401C3ED0022255021AA92846FFF71B
:10116000D0FD0A2000F0E8FB022219A92846FFF76B
:1011700093FD9DF8640005E033E050E173E197E1F1
:10118000B4E112E29DF86810884208D19DF865002C
:101190009DF86910884202D101F0C0FB07E28DF88A
:1011A00004B08DF803708DF805400621684600F004
:1011B00021FA000A8DF806000621684600F01AFAA6
:1011C0008DF807004FF47A730822ACE78D4802F0DF
:1011D00081FDECE18DF804B08DF803708DF8059079
:1011E000E3E7062D02D0112D7ED0E0E14F218DF8EE
:1011F00003101178012904D19EF80010042601B9CA
:10120000062646F008018DF804108DF805A08DF82B
:1012100006A099F808108DF8071099F80C108DF8B1
:1012200008108DF809A099F802108DF80A108DF8B1
:101230000BA0B9F818204FF47A7BB2FBFBF18DF8C4
:101240000C100D2200218D18435C491CC9B2635556
:101250000829F8D38DF815A08DF816A099F822006A
:101260008DF81700B9F82000010A8DF818108DF8D4
:10127000190099F81F008DF81A0099F81E008DF8D2
:101280001B00B9F824201C210020160AD5B299F8B9
:10129000048099F8057099F806204318491C04F851
:1012A0000380C9B24318491CE254C9B24318491C0F
:1012B000E754C9B24318491CE254C9B24318491C47
:1012C000E654C9B24318491CC9B200EB010CE554FD
:1012D000491C04F80CA0C9B200EB010C491C04F82D
:1012E0000CA0C9B2401C00E01CE0C0B20628D4D358
:1012F00004F0ACFE8DF84C009DF80300801E81B216
:10130000684600F077F9000A8DF84D009DF803005B
:10131000801E81B2684600F06DF98DF84E005B4684
:101320004F2200E7782089F81C000122202136484E
:1013300001F0BCF938793C46012899F8080068D0DA
:1013400000F0FC0089F808006079012864D089F871
:101350000CA0607AA17900EB012080B2A9F82400EA
:1013600003218DF87010010A8DF871108DF872004C
:1013700004F0FAFA254D00231A461CA9286805F046
:101380004BFCE07989F8020089F80300207A4FF4D9
:101390007A7400EB4001C1EBC0104FF6FF7101EA17
:1013A000C000B0FBF4F1A9F81800A9F81600B0FBD2
:1013B000F4F006268DF870608DF871108DF872A02B
:1013C0008DF874A08DF873A08DF87500FF230022AE
:1013D0001CA9286805F020FC72208DF8040040202C
:1013E0008DF803608DF805002346DCE08442002080
:1013F000575100204340002042400020A4450020D7
:10140000AABB0000044E0020001002403C40002017
:10141000FFE740F0030095E789F80CB099E7072D46
:101420007DD19CF804008DF8031001280FD08DF8B1
:1014300004A074208DF80500B4208DF806006648DD
:10144000A0F812A04FF47A7307222146BEE68DF869
:10145000048064218DF8051095218DF806105E49F1
:10146000A1F81280EEE7072D59D19CF804008DF801
:10147000031001280FD08DF804A043208DF805003B
:1014800084208DF8060099F8080000F0FC0000BFE9
:1014900089F80800D6E78DF8048053208DF8050000
:1014A000A5208DF8060099F8080040F00300EFE74A
:1014B000072D7CD19CF804008DF8031001280AD078
:1014C0008DF804A0C6208DF8050014208DF80600C4
:1014D00089F80CA0B6E78DF80480D6208DF80500B9
:1014E00035208DF8060089F80CB0ABE7062D5ED1EB
:1014F00004208DF870008DF871A038488DF872A026
:101500008DF874A08DF873A08DF875A000231A468D
:101510001CA9006805F080FB89F822A000E046E0E5
:10152000A9F820A02E4C89F81FA089F81EA001223E
:101530008021204601F0BAF8642005F0A1FA0022CB
:101540008021204601F0B2F82D2489F8024021467E
:101550001120FFF710FC142005F092FA89F80340DF
:1015600021461220FFF707FC142005F089FA5520C8
:1015700089F80C0001461320FFF7D3FB142005F077
:101580007FFA184989F8098089F81BA081F8008042
:1015900006208DF8030071208DF8040033208DF8AB
:1015A00005004FF47A730622BDE5062D06D06421AE
:1015B0000D48FEF7C4FE23B0BDE8F08FBFF34F8F98
:1015C0000A4801680A4A01F4E06111430160BFF36F
:1015D0004F8F00BFFDE70000844200203C40002008
:1015E000001002406E400020575100200CED00E03A
:1015F0000400FA0510B54FF6FF72084B09E000BF72
:1016000010F8014B84EA1224E4B233F8144084EA5F
:101610000222491E89B2F3D290B210BDDCBA010891
:1016200010B50D490B488A89C4784B89888E5CB106
:1016300083420DD282420BD2CA89824208D2098AE1
:10164000814205D2012010BD834201D28242F9D3EA
:10165000002010BD40400020D046002010B50D49AC
:101660000B488A89C4784B89888E5CB1834207D342
:10167000824205D3CA89824202D3098A814205D2B5
:10168000012010BD8342FBD38242F9D3002010BD5C
:1016900040400020D046002010B510490E488B89EC
:1016A000C4784A89888E7CB1B2EB400F02D2B3EB8A
:1016B000400F07D3CA89B2EB400F0BD2098AB1EBB6
:1016C000400F07D2012010BDB2EB400FFAD3B3EBAD
:1016D000400FF7D3002010BD40400020D04600202E
:1016E00010B50D490B488A89C4784B89888E5CB146
:1016F00083420DD282420BD2CA89824208D2098A21
:10170000814205D2012010BD834201D28242F9D329
:10171000002010BD404000200C47002010B50D49AE
:101720000B488A89C4784B89888E5CB1834207D381
:10173000824205D3CA89824202D3098A814205D2F4
:10174000012010BD8342FBD38242F9D3002010BD9B
:10175000404000200C47002010B510490E488B89EE
:10176000C4784A89888E7CB1B2EB400F02D2B3EBC9
:10177000400F07D3CA89B2EB400F0BD2098AB1EBF5
:10178000400F07D2012010BDB2EB400FFAD3B3EBEC
:10179000400FF7D3002010BD404000200C47002030
:1017A000014800F031BC0000E4440020014800F092
:1017B0002BBC00004445002001681823CAB2103A2F
:1017C000B2FBF3F2054B6FF30901032A9B5CC3657F
:1017D00000D9091D81650846704700001CC6010834
:1017E00010B5014600208B698A6A4FF0C07453B16E
:1017F000B3F5005F15D072B1012A0CD0022A0AD0CD
:10180000032A09D104E01AB1012A06D0022A03D121
:10181000C96AC90100D5012010BDC96AA142FAD028
:1018200010BD002AF7D0012AF2D0022AF3D0032AF1
:10183000F3D010BD30B50468256825F480252560F7
:10184000046863608368402B036803D09960006874
:10185000C26030BD9A600068C16030BD7047000052
:10186000274810B500782749002827484FF0800204
:1018700024D0FEF74BFD2448802224498030FEF717
:1018800045FD802222492348FEF740FD2148802261
:1018900021498030FEF73AFD802220492048FEF79A
:1018A00035FD1F48DC221F498030FEF72FFD1E4901
:1018B000DC22BDE810401D48FEF728BDFEF726FDDE
:1018C0001148802211498030FEF720FD8022104906
:1018D0001048FEF71BFD0F4880220F498030FEF7AD
:1018E00015FD80220D490E48FEF710FD0C48DC2244
:1018F0000F498030FEF70AFDDC220E49D9E70000CF
:101900004240002018C90108CA49002010C8010837
:1019100094C80108CA4A00208CC7010808C70108FA
:10192000CA4B00204CCA01089CC90108264D002062
:10193000ACCB010800CB010844F61F6303E0194655
:10194000491E89B2FCD2401E80B2F8D27047000016
:1019500008B502F00FFB0A2000900E4B0022012177
:10196000702003F08AF80B200A4B002200900B3BFA
:101970001146702003F081F806480A220B2130300E
:1019800002F0DDFA03480B220021BDE808402530B3
:1019900002F0D5BA534700204FF48061014800F0AF
:1019A0007EBE0000000C0240704710B500231A46AE
:1019B000C40700D04B4011F0800F4FEA41614FEA5D
:1019C000116101D081F01B014008521C082AEFDB95
:1019D000184610BD10B51C4C0121204600F05AFEDF
:1019E00020B91021204600F055FE28B102212046E2
:1019F00000F050FE10B106E0052010BD0121204688
:101A000000F048FEA8B10121204600F043FE90B14D
:101A10000221204600F03EFE78B11021204600F061
:101A200039FE60B12021204600F034FE48B100208C
:101A300010BD062010BD012010BD022010BD0320E6
:101A400010BD042010BD00000008024070470000D7
:101A500078B50024009490F83C20012A19D0012286
:101A600080F83C200A6807230568092A13D9EE6824
:101A70000A3A02EB420293409E43EE600B788A687A
:101A80000A3B03EB43039A400368DD682A43DA60AC
:101A900010E0022078BD2E6902EB420293409E4383
:101AA0002E610B788A6803EB43039A4003681D6933
:101AB0002A431A614A681F23072A13D205686E6BEE
:101AC000521E02EB820293409E436E630B790A889A
:101AD0005B1E92B203EB83039A4003685D6B2A435B
:101AE0005A6327E005680D2A12D22E6BD21F02EB33
:101AF000820293409E432E630B790A88DB1F92B2C9
:101B000003EB83039A4003681D6B2A431A6311E0B9
:101B1000EE6A0D3A02EB820293409E43EE620B792D
:101B20000A880D3B92B203EB83039A400368DD6A97
:101B30002A43DA62164B0568144A9D4206D10D68A5
:101B4000122D03D1556845F48005556005689D4206
:101B500018D10B68102B01D0112B13D1536843F40B
:101B600000035360096810290CD10A490A4A096820
:101B7000B1FBF2F101EB8101490000E0491E009147
:101B80000029FBD180F83C40002078BD00230140B3
:101B900000200140D443002040420F0030B50068CF
:101BA0001649884212D1164A507E02280DD10020D3
:101BB000A2F1B00302EB400453F820106589A9425A
:101BC00000D96181401C0428F4DB30BD0D498842F6
:101BD000FBD10B493C31487E0228F6D10020A1F10F
:101BE000DC0400BF01EB400354F820205D89AA42C9
:101BF00000D95A81401C0428F4DB30BD002001408C
:101C0000D0460020002101407047704770B504465F
:101C1000006801684268C1F34001C2F3401251B349
:101C20004AB3216CC90603D4216C41F400712164CC
:101C3000816811F0405F17D1217EA9B9C16A11F402
:101C4000700F02D0816849050ED4416821F020014F
:101C50004160206C20F480702064206CC00403D4A8
:101C6000206C40F0010020642046FFF797FF2168B8
:101C70006FF012000860206801684268C1F38001BB
:101C8000C2F3C01289B382B3216CC90603D4216C9C
:101C900041F400512164816811F4401F1ED1816B11
:101CA00011F4401F02D08168490517D441684905E5
:101CB00014D4816811F0405F10D1217E71B9416860
:101CC00021F080014160206C20F480502064206C61
:101CD000C00503D4206C40F0010020642046FFF7CB
:101CE000B5FE21686FF00C0008602068016842684A
:101CF00011F0010FC2F380120ED06AB10068C00764
:101D00000AD0206C40F480302064204600F046F871
:101D100021686FF001000860206801684268C1F323
:101D20004011C2F3806200290DD0002A0BD0616CF3
:101D300041F0020161646FF0200505602046FFF765
:101D400064FF2068056070BD70B504004FF00005A9
:101D500003D0206C002610B107E0012070BD2046A2
:101D600000F01EF8666484F83C60206CC00610D455
:101D7000206C20F4885040F0020020642046FEF7DA
:101D8000F7FE6664206C20F0020040F00100206441
:101D900000E0012584F83C60284670BD70470000D3
:101DA0002DE9F04F87B0064614216846FEF7C7FAC2
:101DB0003B48DFF8E8C0143834680025384903236D
:101DC000384A07154FF480584FF480494FF4807A11
:101DD0004FF4003B64452FD10C6844F480740C60D0
:101DE000096801F480710591016841F00101016009
:101DF0000068694600F001000590CC208DE82900BC
:101E0000104600F06BFB294C274804F10C0CC4E988
:101E10000005A5608CE8A00F2046656236E0B4633B
:101E2000002205211220A66300F046FD122000F0DA
:101E300036FD07B0BDE8F08FDFF874C06445F8D117
:101E40000C6844F400740C60096801F40071059199
:101E5000016841F0010101600068694600F001007D
:101E6000059033208DE82900104600F037FB0F4C19
:101E70000D486034303020604FF00070C4E9010537
:101E800004F10C0C20468CE8A00F656200F08CF980
:101E90000028C4D0FFF788FDC1E700000020014002
:101EA000443802400000024010640240E444002034
:101EB00000210140F8B50E4600210446009190F83B
:101EC0003C00012807D0012084F83C00206883688A
:101ED000DB0702D011E00220F8BD836843F0010364
:101EE00083603748374B0068B0FBF3F000EB4000ED
:101EF00000E0401E00900028FBD120688368DB07CB
:101F00005CD0236C40F20165AB4343F480732364DF
:101F10004068400505D5206C20F4005040F4805006
:101F20002064206CC00404D5606C20F0060060645E
:101F300000E0616484F83C10A16B2448224DC86322
:101F4000A16B23480864A16B2248C86421686FF024
:101F5000220008602068416841F08061416020688B
:101F6000816841F4807181602168134632464C31AA
:101F7000A06B00F083F968681749C006206806D096
:101F800088421BD1816811F0405F13D016E088426F
:101F9000F8D0124A904203D1D1F80423D206F1D0EE
:101FA0000F4A90420AD1D1F8041301F01F01102901
:101FB000E8D303E0816841F0804181600020F8BDF2
:101FC000D443002040420F0000230140C70A01080B
:101FD0004B0B0108350B0108002001400021014096
:101FE0000022014090F83510022903D0802141657C
:101FF00001207047052180F835100068016821F044
:1020000001010160002070472DE9F84304464FF0BC
:102010000009CDF8009063484FF41651A56D006893
:10202000B0FBF1F72E6894F85C10082000FA01F17B
:1020300031420FD021680A6852070BD50A6822F096
:1020400004020A6094F85C108840A860606D40F05B
:102050000100606594F85C104FF0010808FA01F087
:10206000304208D021684969090604D5A860606D2E
:1020700040F00200606594F85C1004208840304213
:1020800008D021680968890704D5A860606D40F010
:102090000400606594F85C1010208840304218D02D
:1020A00021680968090714D5A860206801684903F8
:1020B00004D50068000308D5A16C07E00168C905D4
:1020C00003D4016821F008010160216C09B12046A8
:1020D000884794F85C1020208840304231D0216835
:1020E0000968C9062DD5A86094F835000528206830
:1020F000016806D0490347D5006800031DD4616C10
:102100001CE021F0160101602068416921F0800186
:102110004161206C08B9A06C20B12068016821F0F1
:102120000801016094F85C103F208840A86084F8A2
:10213000349084F83580216D1FE0E16B09B12046B1
:102140008847606D00282BD0606DC00714D0052033
:1021500084F835002068016821F0010101600098D1
:10216000401C0090B84203D820680068C007F6D130
:1021700084F8349084F83580E16C002910D001B0E7
:102180002046BDE8F04308470168C905D5D4016879
:1021900021F01001016084F8349084F83580CCE798
:1021A000BDE8F883D44300202DE9F041044600F057
:1021B00083FA06465CB1002584F83450022084F886
:1021C00035002068016821F0010101600DE0012067
:1021D000BDE8F08100F070FA801B052805D92020A9
:1021E0006065032084F83500F2E720680068C007C6
:1021F000F0D12268116820480140D4E90103184356
:10220000D4E903363343184363691843A369184379
:10221000E3691843236A18430843616A042903D118
:10222000D4E90B1319430843106020684069666ABB
:1022300020F0070130460E43012704280CD1A06A84
:102240000643E06A40B12046FFF7CAFA20B14020B9
:10225000606584F83570BAE7206846612046FFF76C
:10226000ABFA94F85C203F2191408160656584F869
:1022700035700020ACE700003F8010F02DE9F04100
:102280000446866D90F83400002501280DD0012009
:1022900084F8340094F835700020012F07D084F8BA
:1022A000340002252846BDE8F0810220FBE7022722
:1022B00084F8357060652046FFF7BCFA94F85C102E
:1022C0003F208840B0602068016841F0160101603D
:1022D000206C20B12068016841F00801016020688D
:1022E000016841F001010160DCE7000010B586B033
:1022F00014216846FEF723F81A480024016841F0CB
:1023000008010160016801F008010591016841F0D0
:1023100004010160016801F004010591016841F0C8
:10232000100101600068694600F0100005904FF44C
:102330004070CDE900040C48029400F0CFF84FF44F
:102340000050CDE9000469460848029400F0C6F840
:102350000320CDE9000469460548029400F0BEF868
:1023600006B010BD30380240000C024000080240A8
:10237000001002402DE9F04F0022DFF838B10126AD
:102380004FF00F0906FA02F401EA0403A3427DD1DB
:1023900022F003075F44D7F8088895074FEA157CB9
:1023A00009FA0CFA0AEA0805DFF80C81404502D167
:1023B0004FF0000832E0DFF80481404502D14FF0D1
:1023C00001082BE0DFF8F880404502D14FF0020809
:1023D00024E0DFF8F080404502D14FF003081DE013
:1023E000DFF8E480404502D14FF0040816E0DFF842
:1023F000DC80404502D14FF005080FE0DFF8D080C7
:10240000404502D14FF0060808E0DFF8C88040459B
:1024100002D14FF0070801E04FF0080808FA0CF865
:10242000A84522D12C4DD5F800C02CEA030CC5F8E4
:1024300000C005F1040CDCF800509D43CCF80050BE
:102440000CF10405D5F800C02CEA030CC5F800C057
:102450002D1DD5F800C02CEA030CC5F800C0D7F834
:10246000085825EA0A05C7F80858056857000323E5
:10247000BB409D430560D50800EB8505D5F820C01D
:1024800057074FEAD76809FA08F700E00CE02CEA92
:10249000070CC5F820C0C5689D43C5604568A543C5
:1024A000456084689C438460521C102AFFF46AAF24
:1024B000BDE8F08F003001400000024000040240FF
:1024C00000080240000C02400010024000140240CC
:1024D00000180240001C0240003C01402DE9F84F6A
:1024E00000224FF0010803254FF00F0E0B6808FA89
:1024F00002F42340A3426ED14E68012E05D0022E75
:1025000003D0112E01D0122E12D186684FEA420C50
:1025100005FA0CF7BE43CF6807FA0CF7374387601C
:102520004668A6430C79C4F30014944034434460D5
:10253000C668570005FA07FC8C6826EA0C06BC4002
:102540003443C4604C68022C01D0122C13D1D4083F
:1025500000EB8404A346D4F8209054074FEAD46AD1
:102560000EFA0AF629EA06090E6906FA0AF646EA9A
:102570000906CBF8206006680C7926EA0C0604F000
:102580000304BC40344304604C68E40065D5364C19
:10259000266846F480462660246822F0030604F488
:1025A00080440094314C3444A446D4F8084896073B
:1025B000370F0EFA07F6B4432D4EB04201D1002674
:1025C00024E02C4EB04201D101261FE02A4EB04239
:1025D00002D102261AE040E0284EB04201D1032683
:1025E00014E0274EB04201D104260FE0254EB04240
:1025F00001D105260AE0244EB04201D1062605E0AD
:10260000224EB04201D1072600E00826BE402643F4
:10261000CCF808681E4E34684F689C43FF0300D511
:102620001C4334601A4C241D26684F689E43BF0328
:1026300000D51E432660164E083634684F689C430A
:10264000FF0200D51C433460114E0C3634684F68CD
:102650009C43BF0200D51C433460521C102AFFF477
:1026600045AFBDE8F88F000044380240003001401B
:10267000000002400004024000080240000C02403A
:10268000001002400014024000180240001C0240EA
:10269000003C01400069084000D0012070474269B9
:1026A00031EA020200D10904816170470AB18161F7
:1026B00070470904FBE7000001488068704700008C
:1026C000C843002002488168027811448160704745
:1026D000C84300200B4810B5016841F40071016047
:1026E000016841F480610160016841F4807101601A
:1026F000032000F001F9002000F006F800F0A2F835
:10270000002010BD003C024010B5014688B00022F8
:10271000192000F0D1F8192000F0C1F81348002466
:10272000016841F001010160006805A900F00100A5
:102730000690684600F0F2FA00F020FB0C494000D9
:10274000B0FBF1F10C480B4A491E026040F2E7323F
:10275000C0E90324C0E9011400F0C6FE10B1012055
:1027600008B010BD044800F0DBFEF9E74438024031
:1027700040420F0000000140CC45002000B587B06A
:1027800014216846FDF7DBFD09480021026842F08C
:10279000040202600068029100F0040005903320FA
:1027A000CDE9000169460348FFF798FE07B000BD78
:1027B000303802400008024030B587B01421684626
:1027C000FDF7BDFD1C48016841F002010160016890
:1027D00001F002010591016841F0100101600068FB
:1027E000012400F0100005907820CDE90004134D7D
:1027F000694628460394FFF771FE012210212846FE
:10280000FFF754FF9C20CDE9000403940C4C69466B
:102810002046FFF763FE002204212046FFF746FF13
:10282000012208212046FFF741FF01221021204606
:10283000FFF73CFF07B030BD3038024000040240D3
:10284000001002400C4882B0016841F480410160F0
:10285000006800F4804000900748001F016841F0C4
:10286000805101600068002200F0805000900F212C
:10287000901E02B000F020B84438024000280DDB62
:1028800000F01F02012191404009800000F1E0208A
:10289000C0F88011BFF34F8FBFF36F8F70470028D0
:1028A00009DB00F01F02012191404009800000F186
:1028B000E020C0F800117047F0B40E4B1B680C46C6
:1028C000C3F30223C3F10705042D00D90425191D04
:1028D000072901D2002300E0DB1E012606FA05F1DC
:1028E000491E214099409E40761E16403143F0BC5F
:1028F00003F04BBA0CED00E0064900F0070208684F
:102900004FF6FF03184040EA0220034A10430860D4
:10291000704700000CED00E00000FA05BFF34F8F98
:1029200005480168054A01F4E06111430160BFF305
:102930004F8F00BFFDE700000CED00E00400FA053A
:1029400000B585B014216846FDF7F9FC4FF4B0508E
:1029500000900120019000200290039069460548F4
:10296000FFF7BCFD01F0F6FE01F052FE01F0A2FE01
:1029700005B000BD001002402DE9F843054600688F
:102980004FF00109C1074FF0000601D1400727D5DC
:10299000DFF80C81C8F86860FFF78EFE0746414CEF
:1029A00005E000BFFFF788FEC01B022857D820684B
:1029B0000001F7D468688101287A41EA007039493A
:1029C00084310860C8F86890FFF776FE074604E097
:1029D000FFF772FEC01B022841D820680001F7D51E
:1029E0002878800752D52F484030016841F0805147
:1029F000016000682C4C00F080500090206840F48A
:102A000080702060FFF758FE074604E0FFF754FE91
:102A1000C01B022823D82068C005F7D5214C70348C
:102A2000206810F4407020D0A98901F440718142DF
:102A30001BD020681D4920F44070C1F800900E6042
:102A400020602068C00710D0FFF736FE064641F22E
:102A5000883707E0FFF730FE801BB84202D9032019
:102A6000BDE8F88320688007F4D5E9680D48C1F314
:102A700001220830032A0BD0016821F4F81101600B
:102A80002068A989C1F30B01084320600020E7E713
:102A90000268074B22F4F81219400A430260EFE77C
:102AA000000047420038024000700040400E47429C
:102AB000FFFCFF0F2DE9F0470E46050065D0DFF85B
:102AC0001481D8F80000F7B200F00F00B04207D22E
:102AD00088F80070D8F8000000F00F00B04254D120
:102AE00028683D4C810712D5400703D5206840F483
:102AF000E05020602878000703D5206840F460404B
:102B000020602068A96820F0F00008432060287841
:102B1000C0072DD0304968680839012812D0022832
:102B200013D0032811D00968890700292DDA2168FC
:102B300021F0030101432160FFF7BEFD814641F210
:102B4000883A0EE009688903EFE709688901ECE734
:102B5000FFF7B2FDA0EB0901514502D90320BDE802
:102B6000F0872068696800F00C00B0EB810FEFD1AE
:102B7000D8F80010404601F00F01B14207D90770A4
:102B8000006800F00F00B04201D00120E7E728788C
:102B9000400705D52068E96820F4E050084320602C
:102BA0002878000706D52068296920F4604040EAAB
:102BB000C100206000F0F2F82168084AC1F3031157
:102BC000515CC8400649086006480068FFF79CFD54
:102BD0000020C4E7003C02400838024024C6010837
:102BE000D4430020CC4300202DE9F041FFF764FDE1
:102BF000444C0546206840F00100206005E000BF1D
:102C0000FFF75AFD401B022847D820688007F7D5F8
:102C1000206840F080002060FFF74EFD0546394EE9
:102C200000200836306041F2883704E0FFF744FDA9
:102C3000401BB84231D8306810F00C0FF6D1FFF7C6
:102C40003BFD0546206820F45020206005E000BFD1
:102C5000FFF732FD401B64281FD820688003F7D49B
:102C6000FFF72AFD0546206820F08070206004E010
:102C7000FFF722FD401B02280FD820688001F7D4FF
:102C8000FFF71AFD0546206820F08060206007E00D
:102C9000FFF712FD401B022802D90320BDE8F08196
:102CA00020680001F4D417491748091D0860154928
:102CB00016488431086013480C30016821F4F8513B
:102CC0000160016821F400510160016841F41F01B5
:102CD0000160016841F4001101600A487430016824
:102CE00021F001010160016841F080710160094932
:102CF0000748086008480068FFF706FD0028CDD0A7
:102D00000120CBE7003802401030000400300020E2
:102D10000024F400D4430020CC4300200F220260A2
:102D20000C4A136803F003034360136803F0F003D5
:102D30008360136803F4E053C36012684FF4E053F8
:102D400003EAD20202610448006800F00F00086044
:102D50007047000008380240003C02400448054922
:102D600000680968044AC1F38221515CC840704779
:102D7000D44300200838024034C6010804480549FD
:102D800000680968044AC1F34231515CC840704789
:102D9000D44300200838024034C60108154810B555
:102DA000006810F00C02144813D01449042A0FD004
:102DB000082A0ED10F4C241F2268236802F03F021C
:102DC0005B0207D52068C0F38810A0FB010106E074
:102DD000084610BD2168C1F38811A1FB0001002342
:102DE000FDF750FA2168C1F30141491C4900B0FBCD
:102DF000F1F010BD083802400024F400001BB700B9
:102E00002DE9F84F04006ED02078DFF83C93C0071E
:102E1000A9F104054AD009F104000168C1F3810158
:102E2000012908D00068C0F3810002280AD1D9F82E
:102E30000000400206D52868800337D56068002866
:102E4000E1D033E06068B0F5803F10D0B0F5A02F3E
:102E5000286810D020F480302860286820F4802072
:102E600028606068A8B1FFF727FC06460DE02868D7
:102E700040F48030F4E740F480202860F7E700BF9A
:102E8000FFF71AFC801B642873D828688003F7D5E5
:102E90000CE0FFF711FC064605E000BFFFF70CFC55
:102EA000801B6428F0D828688003F7D42078DFF8E6
:102EB0009C8280074FF0000A3ED5A348001D0168A0
:102EC00011F00C0F08D00068C0F3810002280BD16C
:102ED000D9F80000400207D42868800716D5E068BA
:102EE000012800D112E02BE1E068B8B10120C8F858
:102EF0000000FFF7E1FB064605E000BFFFF7DCFB43
:102F0000801B0228C0D828688007F7D52868216967
:102F100020F0F80040EAC10028600DE0C8F800A0E9
:102F2000FFF7CAFB064604E0FFF7C6FB801B02283A
:102F30001FD828688007F7D42078000722D5824E52
:102F400083486169703671B101210160FFF7B4FBFC
:102F5000074604E0FFF7B0FBC01B022809D8306821
:102F60008007F7D50EE0C0F800A0FFF7A5FB0746E5
:102F700005E082E0FFF7A0FBC01B02287DD8306887
:102F80008007F7D42078400768D5DFF8BCB1002768
:102F90000BF13C0BDBF80000C0000BD4DBF8001099
:102FA00041F08051CBF80010DBF80000012700F061
:102FB00080500090674E3068C00510D4306840F4EF
:102FC00080703060FFF778FB009005E0FFF774FB3E
:102FD0000099401A022850D83068C005F6D55A4EDC
:102FE000A0686C3601280FD00528306810D020F07A
:102FF00001003060306820F004003060A068B8B193
:10300000FFF75AFB00900FE0306840F00100F4E752
:1030100040F004003060F7E7FFF74EFB0099411ADB
:1030200041F28830814266D830688007F4D50EE0DE
:10303000FFF742FB009007E0FFF73EFB0099411AC3
:1030400041F28830814256D830688007F4D42FB1DD
:10305000DBF8001021F08051CBF80010A069C8B354
:103060003949091D0968C1F3810102294AD00228A2
:10307000504607D0C8F8600000E03CE0FFF71CFBBA
:1030800004463BE04746C8F86000FFF715FB0646DC
:1030900005E000BFFFF710FB801B02282BD8286833
:1030A0008001F7D4D4E907010843A16A2A4A4908F4
:1030B00002EB0141626A41EA8211084394F82C1044
:1030C00040EA0161C9F8001001203866FFF7F4FA00
:1030D000044606E036E000BFFFF7EEFA001B0228C8
:1030E00009D828688001F7D52CE000BFFFF7E4FA83
:1030F000001B022802D90320BDE8F88F2868800150
:10310000F4D41FE00128F7D0D9F80000E26900F4F8
:103110008001914214D1226A00F03F0191420FD107
:1031200047F6C071626A0140914209D1A26A00F477
:103130004031914204D1E16A00F07060884201D0D0
:103140000120D9E70020D7E70438024000004742B9
:10315000800E4742007000400000FFFF10B500687D
:103160000B4641680D480140080CD870C1F3042497
:103170005C7001F03F049C70C1F34231197052B988
:1031800001F0ACFDD870587801F0A8FD587098781F
:1031900001F0A4FD9870002010BD00003FFFFF006B
:1031A00010B50B460168896A596001680969C1F365
:1031B0000E019960006801680E480140C1F30540A6
:1031C0001870C1F306245C7001F07F049C704024E9
:1031D00004EA1141D97052B901F080FD1870587895
:1031E00001F07CFD5870987801F078FD987000200F
:1031F00010BD00007F7F7F0070B5040002D0607FAB
:1032000010B106E0012070BD00202077204600F0BC
:1032100049F8022060772168CA204862216853205B
:103220004862204601F06EFDFF25042618BB206889
:1032300081681B4A11408160216888686268104378
:10324000D4E904231A43104388602168E0680861C8
:1032500020680169228941EA024101612068C16850
:1032600021F08001C16020688068800607D4204674
:1032700000F0FEF818B1206845626677C2E7206862
:10328000016C21F4802101642068016CA269114362
:1032900001642068456201206077002070BD000055
:1032A000BFFF8FFF00680349884202D10249012015
:1032B00008607047002800403C0E47422DE9F04767
:1032C0000446007F0B4601281FD04FF0010984F807
:1032D0001C9002206077DAB19878D97840EA0145ED
:1032E00058781978000240EA413005432168CA2025
:1032F0004862216853204862204601F003FD002601
:10330000FF274FF0040860BB1AE00220BDE8F087F9
:103310005878C10603D500F0EF000A305870D8780D
:1033200001F0E5FC0204587801F0E1FC42EA0022D9
:10333000987801F0DCFC0243187842EA4035D5E782
:103340000F480540206845602068C16821F0800171
:10335000C1602068806880060AD4204600F088F8A2
:1033600030B12068476284F81D8026770120CDE7C0
:103370002068476284F81D9026770020C6E7000089
:103380003FFFFF002DE9F0470446007F0D4601286E
:1033900027D04FF0010A84F81CA002206077206833
:1033A000002680684FEA4060F2B1002800DBEE7032
:1033B000A878297840EA01476878E978000240EA6D
:1033C000014007432168CA204862216853204862AF
:1033D000204601F097FC4FF0FF084FF00409A0BB16
:1033E00016E00220BDE8F087002800DBEE702878A8
:1033F00001F07DFC0204687801F079FC42EA0022C9
:10340000A87801F074FC0243E87842EA0047D9E763
:1034100016480740206807602068816821F48021F1
:103420008160D5E90301084321688A6810438860F8
:103430002068C16821F08001C16020688068800632
:103440000BD4204600F014F838B12168C1F824806C
:1034500084F81D9026770120C4E72168C1F82480F4
:1034600084F81DA026770020BCE700007F7F7F0046
:1034700070B504460068C16821F0A001C160FFF783
:103480001BF905464FF47A7607E000BFFFF714F901
:10349000401BB04201D9032070BD2068C06880067F
:1034A000F4D5002070BD000000B587B01421684637
:1034B000FCF745FF09480021026842F0080202605B
:1034C0000068029100F008000590FF20CDE900019E
:1034D00069460348FFF702F807B000BD30380240E4
:1034E000000C02407047704710B5040003D094F8F8
:1034F0003D0010B107E0012010BD002084F83C0021
:10350000204600F00CF8022084F83D00211D2068C0
:1035100002F0AAF9012084F83D00002010BD704798
:103520000168CA6842F00102CA600068816801F05F
:103530000701062903D0016841F001010160002064
:103540007047704770B50446006801694FF0000588
:10355000C943890715D4C168C943890711D4E91E35
:10356000016101202077206880698007204602D011
:10357000FFF7E7FF04E000F098F8204600F096F827
:10358000257720680169C943490717D4C168C94331
:10359000490713D46FF004010161022020772068ED
:1035A000806910F4407F204602D0FFF7CAFF04E094
:1035B00000F07BF8204600F079F825772068016953
:1035C000C943090716D4C168C943090712D46FF06B
:1035D00008010161042020772068C0698007204627
:1035E00002D0FFF7AEFF04E000F05FF8204600F0E5
:1035F0005DF8257720680169C943C90617D4C168F9
:10360000C943C90613D46FF0100101610820207767
:103610002068C06910F4407F204602D0FFF791FF78
:1036200004E000F042F8204600F040F825772068DA
:103630000169C943C90708D1C168C943C90704D191
:10364000891E0161204600F033F820680169C943F2
:10365000090609D4C168C943090605D46FF0800181
:1036600001612046FFF73EFF20680169C943490612
:1036700009D4C168C943490605D46FF0400101610E
:10368000204600F02FF820680169C94389060BD451
:10369000C168C943890607D46FF020010161204643
:1036A000BDE87040FFF71FBF70BD70477047000056
:1036B00010B50068094988420ED1FFF703F80848A1
:1036C0004188491C89B2A1F56A424180603A03D120
:1036D000002141800121017010BD00000000014067
:1036E0000040002070470000F0B52448244900F253
:1036F000273400F16A050E7A2278012306B3482A9E
:103700001DD162784B2A1AD1037104E0A65C871898
:10371000521C7E71D2B23C2AF8D394F8370028802C
:10372000F0280CD2002006E022182E1892F83C2037
:10373000401CB270C0B22A888242F5D88B71F0BDAD
:103740008D7A25B1032D06D3AA2A02D0F0BDA52A71
:10375000FCD1427110E0012D01D0022DF6D1427151
:1037600062788271A278C271E2780272022D03D16E
:103770002279427262798272CB71F0BD444E002090
:1037800084420020704710B5040013D0242084F830
:1037900039002068C16821F40051C160204600F062
:1037A000D1F80020E06384F8390084F83A0084F806
:1037B000380010BD012010BD08B5C16B090703D545
:1037C000006801684068009008BD000070B502689C
:1037D00004461068D168536910F00F0F52D003F0FF
:1037E000010501F490762E435FD0C20705D0CA05CB
:1037F00003D5E26B42F00102E263420705D5DA0726
:1038000003D0E26B42F00202E263820705D5DA07D9
:1038100003D0E26B42F00402E263020707D501F035
:1038200020022A4303D0E26B42F00802E263E26B1B
:10383000002A33D0800604D5880602D5204602F03F
:10384000C7F820684069E16BC0F38010090700D415
:1038500028B3204602F07AF82068416949061AD553
:10386000416921F040014161606BA0B11B490165D4
:10387000606BFEF7B7FB002810D0606B016DBDE8F0
:1038800070400847830610D58B060ED52046BDE84C
:10389000704002F09DB82046FFF78EFF70BD2046B5
:1038A000FFF78AFF0020E06370BD030606D50B0614
:1038B00004D52046BDE8704002F0BEB94006F3D5FD
:1038C0004806F1D5D168204621F04001D160202181
:1038D00084F8391000F05BFA70BD00003D59010812
:1038E00070B5040004D094F83900002510B106E04A
:1038F000012070BD84F83850204600F04FF8242095
:1039000084F839002068C16821F40051C160204664
:1039100002F0E4F82068016921F490410161206817
:10392000416921F02A0141612068C16841F40051D8
:10393000C160E563202084F8390084F83A00002053
:1039400070BD000010B5114A0168114891420DD1B7
:1039500010490A6822F400220A604FF44061FEF721
:1039600009FDBDE810403420FEF788BF0A4A9142A5
:103970000AD10849091D0A6822F020020A60BDE840
:103980001040C021FEF7F6BC10BD0000004C004006
:10399000000802404038024000140140F0B587B0F2
:1039A000044614216846FCF7CAFC274F226800260B
:1039B00026490223032408252548BA4225D1234A53
:1039C0001032166846F400261660126802F40022CF
:1039D00005920A6842F004020A60096802AA01F02E
:1039E00004010591A102CDE90013012182E8320012
:1039F0006946FEF773FD002205213420FEF75CFFC7
:103A00003420FEF74CFF07B0F0BD124FBA42FAD196
:103A10000E4A1432176847F020071760126802F048
:103A2000200205920A6842F004020A60096801F067
:103A300004010591C0218DE84A006946CDE903459E
:103A4000FEF74CFDDFE70000004C0040303802403C
:103A5000000802400014014090F83A30202B22D197
:103A6000F9B1F2B190F83830012B1CD08162828517
:103A7000C2850021C163222280F83A2080F83810E4
:103A80000168CA6842F48072CA6001684A6942F0FB
:103A900001024A610068C16841F02001C160002054
:103AA0007047012070470220704700002DE9FE4357
:103AB000814600686849884203D1BDE8FE43FFF7AC
:103AC00061BE664988427DD1654D66480026EE801C
:103AD0000068C16821F02001C160624C2846383C72
:103AE0000127A278E11C00784FF00208052A51D284
:103AF000DFE802F0030E193438006078A32804D000
:103B00007E2802D0A670E67092E05054A7708FE035
:103B100060782B79984203D1505484F8028087E072
:103B2000A670267184E060780323FE2804D194F8FF
:103B300003C0BCF1A30F09D0A0F1B0070F2F02D82A
:103B4000E7787E2F06D0A670667171E05054A3709E
:103B50002F706DE05054A3702E7069E0607850545F
:103B6000042015E0012802D00A20E8700DE06078FA
:103B7000E870102809D3A670667000202118401C38
:103B8000C0B2CE701028F9D352E0607850540520AE
:103B9000A0704DE063785354A178491CCAB2A2705A
:103BA000E9788A4244D10128A67004F1030013D0B9
:103BB000C91E02F035FAEA7880B2010AA35CC0B2ED
:103BC0008B4200E03EE033D1A118497881422FD1E9
:103BD00060787F282ED02BE0491E02F013FAE97896
:103BE000C0B221448978814224D0A3208DF80000FE
:103BF00060798DF8010028798DF80200A0798DF8A0
:103C0000030007208DF804008DF805800621684622
:103C100002F0F8F98DF806000721684601F024FF4C
:103C2000667000202118401CC0B2CE701028F9D355
:103C300068780EE00B4900231A463839A86802F06C
:103C4000EBFF6F70BDE8FE830122611C4846FFF761
:103C500003FF0028F8D0F5E700100140004C0040B9
:103C600030430020D052002000B587B014216846B0
:103C7000FCF765FB15480021026842F01002026063
:103C8000006800F01000059010481438026842F0F7
:103C900001020260006800F0010005904FF4C0606E
:103CA00000900220CDE90101032003900720049039
:103CB00069460748FEF712FC002205212520FEF781
:103CC000FBFD2520FEF7EBFD07B000BD44380240A8
:103CD000000002402DE9F843044690F839001F46E1
:103CE00016460D46202850D1B5B1AEB194F8380033
:103CF00001284AD0012084F838004FF00008C4F8A9
:103D00003C80212084F83900FEF7D6FCA684814649
:103D1000E68484F8388026E00120BDE8F883E08C52
:103D2000401EE084A0684B46B0F5805F4FF0000273
:103D30004FF080012046009703D001F0AEFFE8B9B4
:103D40000DE001F0AAFFC8B928882168C0F3080077
:103D50004860206908B16D1C05E0AD1C03E02168D6
:103D600015F8010B4860E08C0028D8D14B460022A2
:103D700040212046009701F090FF08B10320CCE7D6
:103D8000202084F839000020C7E70220C5E77047EB
:103D900070B5054600F012F87E2000F05FF80020B4
:103DA00000F05CF80024284600F058F8641CE4B2E7
:103DB000202CF8D3BDE8704000F026B870B5012281
:103DC000104D940321462846FEF770FC012256034D
:103DD00031462846FEF76AFC0A2000F014FA002259
:103DE00021462846FEF762FC0A2000F00CFA002269
:103DF00031462846FEF75AFCBDE87040052000F029
:103E000002BA0000000C024070B5134D4FF400548C
:103E1000002221462846FEF749FC052000F0F3F970
:103E20006600002231462846FEF740FC052000F0DF
:103E3000EAF9012221462846FEF738FC0A2000F064
:103E4000E2F9012231462846FEF730FCBDE8704019
:103E5000052000F0D8B90000000C02402DE9F04127
:103E60002C4C064600254FF480484FF4005730068E
:103E700001D5012200E0002241462046FEF716FC53
:103E8000052000F0C0F9012239462046FEF70EFC5D
:103E90000A2000F0B8F9002239462046FEF706FC59
:103EA0007006060E052000F0AEF96D1CEDB2082D6F
:103EB000DDD3012241462046FEF7F8FB206820F0C2
:103EC00040502060052000F09EF90122394620462E
:103ED000FEF7ECFB052000F096F90E212046FEF7D8
:103EE000D9FB0D4908B1002000E0012048700022F4
:103EF00039462046FEF7DAFB052000F084F92068F9
:103F000020F040502060206840F080502060BDE8E4
:103F1000F0810000000C02406C40002010B541F21E
:103F2000883000F070F9FFF749FF7E20FFF796FF19
:103F30008C20FFF793FFBDE81040FFF765BF70B519
:103F40001546064601F01F04FFF738FF7E20FFF7F5
:103F500085FF2046FFF782FF002404E0305DFFF775
:103F60007DFF641CE4B2AC42F8D3BDE87040FFF7BB
:103F70004BBF0000F0B5364900200446A1F13005E2
:103F8000802601F10B030C542A5CD70700D00E5495
:103F9000970703D50F5C47F040070F54570703D529
:103FA0000F5C47F020070F54170703D50F5C47F04D
:103FB00010070F54D70603D50F5C47F008070F54BE
:103FC000970603D50F5C47F004070F54570603D537
:103FD0000F5C47F002070F54120603D50A5C42F04B
:103FE00001020A542A181C54D27AD70700D01E5452
:103FF000970703D51F5C47F040071F54570703D5A9
:104000001F5C47F020071F54170703D51F5C47F0BC
:1040100010071F54D70603D51F5C47F008071F542D
:10402000970603D51F5C47F004071F54570603D5B6
:104030001F5C47F002071F54120603D51A5C42F0BA
:1040400001021A54401CC0B20B289CD3F0BD0000E2
:1040500078470020FEE7000070B5134C4FF48075E0
:10406000002229462046FEF721FB206820F440204C
:104070002060206840F480202060002261152046E6
:10408000FEF714FB052000F0AFF801222946204678
:10409000FEF70CFB052000F0A7F829462046BDE8F6
:1040A00070400022FEF702BB0004024070B5134CC2
:1040B0004FF48075002229462046FEF7F7FA206863
:1040C00020F440202060206840F4802020600122FD
:1040D00051022046FEF7EAFA052000F085F8012299
:1040E00029462046FEF7E2FA052000F07DF8294631
:1040F0002046BDE870400022FEF7D8BA0004024016
:104100002DE9F047194D80460024286820F440200E
:1041100028602646AF154FF400790022394628461C
:10412000FEF7C4FA052000F05FF801223946284660
:10413000FEF7BCFA6006040E49462846FEF7AAFAC6
:1041400008B1641CE4B2052000F04EF8761CF6B20B
:10415000082EE2D3B8F1000F04D0FFF77DFF204610
:10416000BDE8F087FFF7A2FFF9E700000004024076
:104170002DE9F0411B4D07462846296821F44021CE
:104180002960296841F480212960AE15002231465A
:10419000FEF78CFA00244FF4007800BF07FA04F011
:1041A000000601D5012200E0002241462846FEF724
:1041B0007DFA022000F018F8012231462846FEF769
:1041C00075FA0A2000F010F8002231462846FEF762
:1041D0006DFA022000F008F8641CE4B2082CDDD36C
:1041E000BDE8F0810004024009E000BF00BF00BF4D
:1041F00000BF00BF00BF00BF00BF00BF00BF401E28
:1042000080B2F2D2704707E000BF00BF00BF00BF1E
:1042100000BF00BF00BF00BF401E80B2F4D2704795
:1042200070B5134C206820F440202060206840F4D2
:10423000802020600122150229462046FEF736FA2A
:104240000122560231462046FEF730FA0520FFF7DC
:10425000CBFF002231462046FEF728FA0520FFF763
:10426000C3FF29462046BDE870400022FEF71EBA73
:104270000004024070B5134C206820F440202060F8
:10428000206840F480202060A515002229462046A1
:10429000FEF70CFA6615002231462046FEF706FAB4
:1042A0000520FFF7A1FF012229462046FEF7FEF96F
:1042B000012231462046FEF7F9F9BDE8704005209D
:1042C000FFF792BF000402402DE9F041144D002495
:1042D000286820F4402028600220FFF785FF012293
:1042E000160231462846FEF7E1F90220FFF77CFF6F
:1042F0006F1508E0641CE4B2FA2C04D9FFF7BAFF8A
:104300000120BDE8F08139462846FEF7C3F90028B0
:10431000F0D1002231462846FEF7C8F90020F0E728
:104320000004024070B50D46044601F0DFF9204656
:1043300000F0C8FD064C2078002808D0284600F080
:10434000C1FD2078002802D001F0F6F9012070BDEF
:104350006C4000202DE9F0411F4616460C460546EC
:1043600001F0C4F9284600F0ADFD0E4D2878002874
:1043700015D0204600F0A6FD287800280FD0002494
:1043800008E0307800F09EFD2878002807D0641CF3
:10439000E4B2761CBC42F4D301F0CEF90120BDE8B2
:1043A000F08100006C400020F0B5027864240A23FC
:1043B000642A19D3B2FBF4F230320A700278B2FBED
:1043C000F4F504FB1522B2FBF3F230324A700278A6
:1043D000B2FBF4F504FB1522B2FBF3F503FB152247
:1043E00030328A7003221DE0B2FBF4F50A2A04FB86
:1043F000152210D3B2FBF3F230320A700278B2FB0E
:10440000F4F504FB1522B2FBF3F503FB1522303261
:104410004A70022206E0B2FBF3F503FB15223032AC
:104420000A7001222E258D544678521C642E0CD31E
:10443000B6FBF4F630368E544678521CB6FBF4F7D1
:1044400004FB1766B6FBF3F607E0B6FBF4F70A2E9B
:1044500004FB17660ED3B6FBF3F630368E5446785F
:10446000521CB6FBF4F704FB1766B6FBF3F703FB2D
:10447000176603E0B6FBF3F703FB176630368E547E
:10448000521C8D548678521C642E19D3B6FBF4F658
:1044900030368E548678521CB6FBF4F704FB176650
:1044A000B6FBF3F630368E548678521CB6FBF4F722
:1044B00004FB1766B6FBF3F703FB1766D2B213E0F3
:1044C000B6FBF4F70A2E04FB176612D3B6FBF3F61D
:1044D00030368E548678521CB6FBF4F704FB176610
:1044E000B6FBF3F703FB176630368E54521CD2B27C
:1044F00006E0B6FBF3F703FB176630368E54521C0A
:104500008D54521CC578D2B2642D07D3B5FBF4F597
:1045100030358D54521CD2B2C57801E00A2D0FD32C
:10452000B5FBF4F604FB1655B5FBF3F530358D54A9
:10453000C078521CB0FBF4F504FB1500D2B203E0C6
:10454000B5FBF4F004FB1050B0FBF3F403FB1400D4
:1045500030308854F0BD0000F0B587B014216846B3
:10456000FBF7EDFE26480025016841F010010160CF
:10457000016801F010010591016841F0040101603A
:104580000068012400F0040005900420CDE9000437
:104590001C4F694638460394FDF7A0FF08201126FA
:1045A000CDE90006694603943846FDF797FF2020C1
:1045B0008DE831000395144D69462846FDF78EFFBE
:1045C000012220212846FEF771F8A003CDE900045E
:1045D0000E4D694628460394FDF780FF6003CDE940
:1045E0000006694603942846FDF778FFFFF796FC1E
:1045F000FFF794FC0020FFF7CBFB07B0F0BD0000F5
:10460000303802400008024000100240000C024016
:104610007FB500212548009101910291224A039122
:10462000026001244FF480320461C0E90121047664
:1046300080F820101E4AC0E90A210425C561C16026
:1046400080F830404161FDF77FFB08B1FDF7ACF920
:104650000620CDE90004694614480294FDF7F8F9F4
:1046600008B1FDF7A1F907200224CDE9000469464D
:104670000E48FDF7EDF908B1FDF796F90094032413
:1046800069460A480194FDF7E3F908B1FDF78CF992
:1046900069460648CDE90045FDF7DAF9002801D062
:1046A000FDF782F97FBD0000002001405444002046
:1046B0000100000F7FB50025244800950195029563
:1046C00021490395016001244FF480310461C0E960
:1046D0000115047680F820501D49C0E90A1504260A
:1046E000C661C56080F830404561FDF72DFB08B11B
:1046F000FDF75AF9CDE90064694614480294FDF7C4
:10470000A7F908B1FDF750F90520009002200190AB
:1047100069460E48FDF79CF908B1FDF745F90320FD
:10472000CDE9005069460948FDF792F908B1FDF757
:104730003BF9CDE9004669460448FDF789F90028B0
:1047400001D0FDF731F97FBD002101409C440020DC
:104750000100000F0D4808B5016841F480010160B7
:104760000068002200F48000009005213820FEF748
:10477000A3F83820FEF793F8002205213A20FEF72F
:104780009BF8BDE808403A20FEF789B8303802406F
:1047900030B585B014216846FBF7D1FD4FF4806435
:1047A0000120CDE900400020064D029003906946AB
:1047B0002846FDF793FE002221462846FDF776FFA6
:1047C00005B030BD000C024010B50020FCF775FAB2
:1047D0001C495A2881F8230001D001F07DFC1948BA
:1047E00000F0AEFAFCF702FBFDF73AF8164A00219A
:1047F000164802F053FA164C134A1249A0602432AC
:10480000144802F04BFA104AE0606C320D4912482D
:1048100002F044FA0C4A60616C3200210F4802F049
:104820003DFA094AA061903200210D4802F036FAA3
:10483000054AE061483203490A4802F02FFA206134
:1048400010BD0000A445002020B60108814F0108DA
:1048500004400020C17C010845770108E576010885
:10486000F9A30108758E010870B586B01421684659
:10487000FBF765FD2A480024016841F080010160D2
:10488000016801F080010591016841F004010160B7
:10489000016801F004010591016841F00101016026
:1048A000016801F001010591016841F00201016018
:1048B000016801F002010591016841F010010160F9
:1048C000016801F010010591016841F008010160E3
:1048D0000068144E00F008004FF4F05505900022D7
:1048E00029463046FDF7E2FE1320CDE90004694673
:1048F0000D480294FDF7F2FD01200095CDE9010479
:10490000694630460394FDF7E9FDFF20CDE9000438
:10491000694606480294FDF7E1FD06B070BD00004F
:10492000303802400010024000080240000C0240F3
:1049300010B5FEF705F8044A0021044802F0AEF96C
:104940000349086110BD0000D4B6010869AB010835
:104950004040002010B586B014216846FBF7EFFCFC
:104960001648002414490594C0E900147F21816091
:10497000FF21C0E9031444618461FEF73DFC8DF81A
:1049800000408DF801408DF80240039401226946F1
:104990000A480494FEF7F6FC01208DF814008DF807
:1049A00015008DF8160002468DF8174005A903483A
:1049B000FEF784FC06B010BD0028004050530020D4
:1049C0000C4910B50A4AC1E90020002088600C2279
:1049D000C860C1E904028861C8610846FEF780FF2B
:1049E000002803D0BDE81040FCF7DEBF10BD00007A
:1049F000004C0040D05200200C4810B50A4901601C
:104A00004FF4E1314160002181600C22C160C0E9B6
:104A100004128161C161FEF763FF002803D0BDE885
:104A20001040FCF7C1BF10BD00140140105300201E
:104A30000C4810B50A4901604FF4E1314160002192
:104A400081600C22C160C0E904128161C161FEF77E
:104A500047FF002803D0BDE81040FCF7A5BF10BDFC
:104A600000100140044E0020092801D8303000E039
:104A70003730C0B27047FEE770472DE9F041064677
:104A800001F0070040F060011F4614463046069DC5
:104A9000FFF748FC04F01F012B463A463046BDE8BC
:104AA000F041FFF757BC10B5044601F01F0040F07D
:104AB00040012046FFF736FC002804D0072120469D
:104AC000FFF730FC012010BD1FB504460020009008
:104AD0000190029003902046FBF74EFC00F00F007F
:104AE000C0F110020021684602E04254491CC9B2DC
:104AF0009142FAD301462046FBF745FC1FBD00005A
:104B00002DE9FE4F0446807B7827704E00254FF03C
:104B10000309A12802D0B12818D00EE0A573E07BCC
:104B2000401CC0B2E073022801D184F80F902777AF
:104B3000012220213046FDF7B9FDE17B0120DFF89D
:104B400090A1012904D003297ED084E0A573EEE76B
:104B50008346E076A07B4FF00908A32808D0A2285E
:104B600017D0C22815D0C32802D0B42821D072E0B3
:104B7000A5732777012220213046FDF797FDA07805
:104B8000401CC0B2A07041280FD9404684F8028072
:104B90000BE0A5732777012220213046FDF786FD23
:104BA000A078092803D9401EA070E07053E041208E
:104BB000FAE7A57304208DF800008DF801508DF8F8
:104BC00002508DF804508DF803508DF805500023E5
:104BD0001A466946DAF8000002F01EF884F82250FE
:104BE0002584E577A577012280213046FDF75EFD1B
:104BF000642001F045FF002280213046FDF756FD7C
:104C0000DFF8D0802D27394688F802701120FCF794
:104C1000B2F8142001F034FF88F8037039461220EE
:104C2000FCF7A9F8142001F02BFF552188F80C108F
:104C30001320FCF776F8142001F022FFE57384F8C6
:104C400009B0E576244900E002E081F800B002E016
:104C5000E5736072E576A07BB22827D0B32823D114
:104C6000012280213046FDF721FD032001F008FFDD
:104C7000A5734FF416448DF8009096208DF801002E
:104C80008DF8025000231A466946DAF8000001F058
:104C9000C3FF322001F0F4FE002280213046FDF7F0
:104CA00005FD204600F060FEBDE8FE8F0122802158
:104CB0003046FDF7FBFC032001F0E2FEA5734FF444
:104CC00096448DF800904B20D8E700000010024079
:104CD0003C400020A44500206E400020010901EB6B
:104CE000810100F00F0000EB4100C0B270470021CD
:104CF00002E00A38C0B2491C0A28FAD2090740EA81
:104D00001160704770B504460068C168490614D444
:104D10004FF0FF31C160FDF7CFFC05464FF47A76C6
:104D200007E000BFFDF7C8FC401BB04201D90320DB
:104D300070BD2068C0684006F4D5002070BD00003A
:104D400070B504461320FBF7B8FF20731820FBF75B
:104D5000B4FF84F827001120FBF7AFFFA0701220EA
:104D6000FBF7ABFFE0701020FBF7A7FF20721620C7
:104D7000FBF7A3FFA0761720FBF79FFFA072302060
:104D8000FBF79BFFA0773120FBF797FFE0773220FE
:104D9000FBF793FF05463320FBF78FFF00EB052061
:104DA00020843420FBF789FF84F822002020FBF7C1
:104DB00084FF05462120FBF780FF00EB0520A0843F
:104DC0001420FBF77AFF1D4D4FF6FF76297811B1BD
:104DD000012907D00DE000EB4001C1EBC01006EA4D
:104DE000C00005E0C0EB4011C1EB002006EA8000E6
:104DF000E0821520FBF761FF297811B1012907D066
:104E00000DE000EB4001C1EBC01006EAC00005E078
:104E1000C0EB4011C1EB002006EA80002083252072
:104E2000FBF74BFF064C20702620FBF746FF0020C7
:104E300020702870BDE8704000F01AB84240002091
:104E400043400020094B50B1012808D0022809D066
:104E500003280AD10A4640211846FDF727BC0A4616
:104E60000821F9E70A462021F6E7704700040240CE
:104E700010B523210F48FBF762FA0F4801780F485D
:104E80000129007809D001284FF023020FD00C49E6
:104E9000BDE810400748FBF739BA01284FF023025C
:104EA00002D007494639F3E705496939F0E7044973
:104EB0002339EDE7AB520020434000204240002060
:104EC000A543002070B52B4E0546002405FA04F0DA
:104ED000000601D5012200E0002208213046FDF73E
:104EE000E5FB0520FFF78FF9012204213046FDF78D
:104EF000DDFB0A20FFF787F9002204213046FDF789
:104F0000D5FB641CE4B2082CE0D30520FFF77BF945
:104F10000122082135463046FDF7C8FB164C2068B3
:104F200020F0C00020600520FFF76DF90122042168
:104F30002846FDF7BBFB0A20FFF765F90821284644
:104F4000FDF7A8FB01000D4801D0002100E0012180
:104F50000170002204212846FDF7A8FB0520FFF779
:104F600052F9206820F0C0002060206840F0400026
:104F7000206070BD00080240000402406C40002028
:104F800094B04FF0000B142107A8FBF7D8F9D946CD
:104F9000FA4ECDF83890CDF8449086F81090FFF78F
:104FA000F7FB4FF0010AF64FFCF7F6FC01F04EF864
:104FB00086F82600F34800231A4605A9006801F088
:104FC000B1FD002861D19DF81400707330789DF810
:104FD000151000F03C00084330709DF81610B173B6
:104FE000317BAA2902D000F0FD003070C0B2C107A9
:104FF00007D0397841F001013970797841F0010129
:10500000797080073DD5387840F0020038707878A4
:1050100040F002007870B87810F0FD0F35D140F004
:105020000200B87001220EA9D748FEF797F80122B6
:1050300007A9D548FEF7B4F89DF83B008DF80400A9
:105040009DF839008DF805009DF83A008DF80600AE
:105050009DF81C008DF807008DF800A09DF81D003C
:105060008DF8019003218DF808008DF80210C748D3
:105070008DF8039000231A466946006801F0CCFDC4
:1050800003E0B87800F0FD00B870C14800231A466C
:1050900003A9006801F046FD00287DD1307800F0BA
:1050A00003019DF80D0000F00F0241EA820131700A
:1050B0009DF80E1071709DF80C20F2729DF80F2073
:1050C00032719DF8102072719DF81120B2719DF817
:1050D0001220F271C00734D0387840F004003870E4
:1050E000787840F004007870B87810F0FB0F2CD17D
:1050F00040F00400B8708DF800A08DF801A001F018
:105100000F008DF802009DF83B008DF804009DF81B
:1051100039008DF805009DF83A008DF806009DF8DD
:105120001C008DF807009DF81D008DF808009748B9
:105130008DF8039000231A466946006801F06CFD63
:1051400003E0B87800F0FB00B8709DF80D00800710
:1051500037D5387840F008003870787840F008008B
:105160007870B87810F0F70F2FD140F00800B870C1
:105170008DF800A002208DF80100707800098DF8EC
:1051800002009DF83B008DF804009DF839008DF871
:1051900003908DF8050000E017E09DF83A008DF8C7
:1051A00006009DF81C008DF807009DF81D008DF885
:1051B0000800764800231A466946006801F02CFD75
:1051C00003E0B87800F0F700B870707B30B10128C8
:1051D0002CD002282DD0032873D13CE086F8119002
:1051E000317C4846552905D1307400228021694818
:1051F000FDF75CFAF17A11B9BBF1010F02D0C807D3
:1052000002D004E003200CE0BBF1020F05D08807B8
:1052100008D4BBF1030F03D004E086F808A001E036
:10522000022030724FF0000B01220FE086F811A02F
:1052300047E002207074307C552806D186F8109023
:10524000002280215348FDF731FA002210215248F4
:10525000FDF72CFA35E0119898B303207074F07ABA
:10526000032801D1317C41B1C10701D0317C41B16A
:10527000800712D5307C50B10FE086F808900120ED
:105280000AE0307A00F001003072022004E0307A47
:1052900000F0FD0030720320834655203D4C3074F1
:1052A000012280212046FDF701FA642001F0E8FB8D
:1052B000002280212046FDF7F9F94FF4617001F0DA
:1052C000DFFB307A800717D02D4840F2DC522030C7
:1052D0000188491C89B20180914202D9A0F800904E
:1052E0000DE0B1F5FA7F01D2002200E00122082191
:1052F0002848FDF7DBF902E02048FFF701FCB07B0E
:10530000B046A4280BD198F80F0040B998F80B00CC
:1053100050B103280BD0012809D0022807D098F8F3
:105320001210AA2907D016E088F80E901CE04C460F
:1053300088F80E9072E098F81300AA2898F80F00E9
:1053400001D020B107E048BB98F80B0040B198F8B5
:105350000B00C00723D098F81300AA282ED043E0F2
:1053600088F8129088F81390782088F81C000122A1
:1053700020210848FDF79AF903207EE0A44500208B
:105380000440002078400020505300203C40002082
:105390005840002000100240000402406FE088F8EE
:1053A0001290782088F81C0001222021C948FDF7BE
:1053B0007DF998F8080040F001005EE098F80F20B1
:1053C00092B998F80B2092070ED488F813907820A1
:1053D00088F81C0001222021BE48FDF767F998F8E3
:1053E000080040F0020048E055290FD1552806D1A9
:1053F00098F80F1019B998F80B10032909D098F8EC
:105400000B10C90702D098F80F1091B155281FD082
:1054100035E088F812904C4688F81390782088F888
:105420001C0001222021AB48FDF740F988F8084014
:1054300025E088F81290782088F81C0001222021AD
:10544000A448FDF733F998F8080000F0FE0014E0D6
:1054500098F80B00800712D598F80F0078B988F8F3
:105460001390782088F81C00012220219948FDF72C
:105470001DF998F8080000F0FD0088F808000024E5
:1054800098F800000AFA04F5284210D0782088F82D
:105490001C00012220218F48FDF708F901228021FC
:1054A0008C48FDF703F98C4820F8149017E0387801
:1054B000054221D0884931F81420521C93B221F8BA
:1054C0001430B8F81620934216D3A843387021F848
:1054D000142011D1002280217E48FDF7E7F898F8CA
:1054E0000000284208D001212046FFF7ABFC7A4992
:1054F000083121F814901AE07878054217D07649DF
:10550000083131F81420521C92B221F81420B8F856
:1055100018309A420BD3A84321F814307870022C2B
:1055200001D2800703D100212046FFF78BFC641CC9
:10553000E4B2042CA4D369480078012805D098F877
:10554000080000F0010088F8080098F8080098F8B2
:105550000B10884202D198F80910E9B38DF8300099
:1055600098F81A008DF8310098F80A008DF832008A
:1055700098F8020044460A2802D20920A07004E0EC
:10558000412802D9412088F80200E0780A2802D296
:105590000920E07003E0412801D94121E170A078A1
:1055A0008DF83300E0788DF834004D4800231A461A
:1055B0000CA9006801F030FB207AF978884201D10B
:1055C000617A49B102218DF800108DF80100A078B0
:1055D0008DF80200E07800E00DE08DF8030041480E
:1055E00000231A466946006801F016FB84F809900A
:1055F0009DF83000F870B888401C80B2B880B0F5D3
:105600007A7F0CD041F28831884203D3A7F8049006
:105610000120119034480178012916D056E01198E4
:105620000028F7D10120FBF748FB401C88F8140044
:1056300005218DF800108DF801002A4800231A4634
:105640006946006801F0E8FAE4E780F8009098F80D
:105650001E004946401CC0B288F81E003C2818D3E2
:1056600088F81E1098F81F204046521CD2B288F8C5
:105670001F20182A0DD3C177028C521C92B20284CB
:10568000B2F5B67F05D9018490F82210491C88F83C
:10569000221004208DF8000098F81E008DF80100FB
:1056A00098F81F008DF80200B8F820008DF804006B
:1056B000010A8DF8031098F822008DF805000948BA
:1056C00000231A466946006801F0A6FA012001F09D
:1056D000D7F969E4001002402A400020424000202F
:1056E000544000203C4000200040002010B5114CE8
:1056F000012208212046FCF7D9FF0520FEF783FD93
:10570000012204212046FCF7D1FF0A20FEF77BFD91
:10571000002208212046FCF7C9FF0A20FEF773FD8E
:10572000002204212046FCF7C1FFBDE810400520FF
:10573000FEF769BD0008024010B50D4C002208219B
:105740002046FCF7B3FF0520FEF75DFD0122042192
:105750002046FCF7ABFF0A20FEF755FD0122082189
:105760002046FCF7A3FFBDE810400A20FEF74BBD22
:105770000008024010B5502080F31188BFF34F8F0E
:10578000BFF36F8F05F0AAFD18B104494FF08050A8
:105790000860002080F3118810BD000004ED00E0D7
:1057A00030B597B030216846FAF7C9FD14210CA82E
:1057B000FAF7C5FD0025204811951295139514950B
:1057C000016841F080510160006800F08050159040
:1057D0001A48016841F4804101600068022400F425
:1057E00080401590092000904FF4803001900120F6
:1057F000CDE905048005079006200890A820CDE992
:10580000090404200B906846FDF7FAFA0CA90F2052
:1058100081E831004FF4A0500F90E0021090052174
:105820000CA8FDF747F920021490119411A8FDF778
:10583000A3F817B030BD00004038024000700040AF
:105840000548016841F47001016003494FF00060B0
:10585000803908607047000088ED00E00148FDF7DE
:1058600071BE0000CC450020F0B50268254C264DE5
:10587000264E274F274B4FF0804CA04209D0604561
:1058800007D0A84205D0B04203D0B84201D0984218
:1058900004D122F0700E4A6842EA0E02A0421BD0E8
:1058A000604519D0A84217D0B04215D0B84213D0E5
:1058B000984211D0184DA8420ED0184DA8420BD0D6
:1058C000174DA84208D0174DA84205D0164DA84242
:1058D00002D0164DA84203D122F44075CA682A436B
:1058E0004D6922F080022A4302608A68C2620A6817
:1058F0008262A04201D0984201D10969016301216D
:105900004161F0BD0000014000040040000800407B
:10591000000C0040000401400040014000440140F0
:105920000048014000180040001C004000200040DA
:105930000148FDF74BBF0000D052002010B5806B2E
:105940000021C185C184FDF737FF10BD0168CA6819
:1059500022F49072CA6001684A6922F001024A6129
:10596000202180F83A10704730B587B004461421E2
:105970006846FAF7E4FC13490025086840F0010086
:105980000860086800F0010005902046FFF718F84D
:10599000FFF732F84FF4004401200395CDE90040B1
:1059A000094D69462846FCF799FD00222146284604
:1059B000FCF77CFE0549012201F13700FEF74CF8A7
:1059C00007B030BD3038024000000240995200203C
:1059D00010B590F83A10222901D0022010BD81683C
:1059E000B1F5805F11D00169002901681FD04968B5
:1059F00001F07F03816A4A1C82620B70C18D491ECF
:105A00000904090CC18518D02BE00269816A002ABB
:105A10000268526805D0D2B20A80816A491C81624C
:105A2000ECE7C2F308020A80816A891CF7E74A683A
:105A3000816A4B1C83620A70E0E70168CA6822F041
:105A40002002CA600168CA6822F48072CA600168D4
:105A50004A6922F001024A61202180F83A10FEF7DB
:105A600025F8002010BD00002DE9F041184C0F462C
:105A70008046002210212046FCF718FE0122154E18
:105A8000D50329463046FCF711FE002041F2707123
:105A900000BF00BF00BF00BF00BF00BF00BF00BF0E
:105AA000401C8842F4D3FF233A4641460A48FEF799
:105AB00011F9022000F0E4FF002229463046FCF7ED
:105AC000F5FD2046BDE8F04101221021FCF7EEBDB6
:105AD0000010024000000240D05200202DE9F041A9
:105AE000044600680169E26821F4405111430161F4
:105AF0002169A068E269084361691143084321688C
:105B0000CA6849F20C639A430243CA60206841693B
:105B1000A26921F4407111434161E06919276425AC
:105B20003226B0F5004F354A354920684FF000085D
:105B300006D0884201D0904236D1FDF71FF935E0FA
:105B4000884201D0904202D1FDF718F901E0FDF73B
:105B500005F961684A18A0FB070148EB0803FAF74A
:105B600091FB0146B0FBF5F00201B1FBF5F06FF0DF
:105B70001803584301EB800006EBC000B0FBF5F0C2
:105B800000F0F80002EB4002B1FBF5F0584301EBE6
:105B9000800006EBC000B0FBF5F000F007002168C4
:105BA00010448860BDE8F081FDF7D8F861688B0F7C
:105BB0008A00A0FB0701FAF765FB0146B0FBF5F090
:105BC0006FF01802504301EB800006EB0010B0FBB1
:105BD000F5F000F0F002B1FBF5F002EB0012B1FBC2
:105BE000F5F06FF01803584301EB800006EB00104E
:105BF000B0FBF5F000F00F00D1E700000014014009
:105C00000010014010B50A48FDF7BDFDFEF72CF865
:105C1000FEF70EFF06480068C16841F01001C16040
:105C2000BDE810404FF4967202490148FDF714BFD9
:105C3000044E00206B51002090F83910212901D02A
:105C4000022070478168B1F5805F016A0BD04A1C61
:105C50000262026809785160C18C491E0904090C6E
:105C6000C1840ED017E009880268C1F308015160B1
:105C700001690029016A02D0491C0162ECE7891C14
:105C8000FBE70168CA6822F08002CA600068C16848
:105C900041F04001C160002070472DE9F041984675
:105CA00017460E460446069D1DE0681C1BD02DB10C
:105CB000FCF702FDA0EB0800A84214D92068C168D7
:105CC00021F4D071C1602068416921F00101416176
:105CD000202084F8390084F83A00002084F8380045
:105CE0000320BDE8F0812068006836EA000004D097
:105CF0000020B842D9D00020F3E70120F9E70000E6
:105D000038B51D4C20680168C943C9061DD4C16857
:105D1000C9061AD501684068009018480178AA2978
:105D200002D14178552915D0FDF7DEFCFDF79CFF27
:105D3000FEF77EFE2068C16841F01001C1604FF49B
:105D400096720E490C48FDF787FEBDE838400A48B8
:105D5000FDF73CBDC278911F0E29E7D20021084B08
:105D600003E0455C5D54491CC9B28A42F9D8054933
:105D700001200870DAE70000044E00206B5100207B
:105D80005751002092420020FEE70907090E002823
:105D900004DB00F1E02080F80014704700F00F00F1
:105DA00000F1E02080F8141D704702E008C8121FBF
:105DB00008C1002AFAD170477047002001E001C1F4
:105DC000121F002AFBD17047FFB50023EC460022CA
:105DD000C3F10304E70000EB83050CEB830600BF6F
:105DE00051F82240FC40B45415F802E08EEA040E4B
:105DF00005F802E0521C042AF2DB5B1C042BE6DBF4
:105E000004B00020F0BD2DE9F047E6B09146002235
:105E1000DDF8B8A15F926092619262920092019265
:105E2000029203920A4630AC01461D46A0465FA886
:105E3000FAF76CFA04AA10215FA800F07FFA002795
:105E40002DE04946684600F09BFD21466846FFF775
:105E5000BBFF01266846103400F02EFA684600F0B9
:105E600059FA21466846FFF7AFFF684600F0DCF9B3
:105E7000761C0A2EEEDB684600F04CFA684600F00D
:105E80001BFA04F110016846FFF79EFF2946684699
:105E900001F0D0FB103509F1100944461037574581
:105EA000CFD366B00020BDE8F0872DE9F043E1B024
:105EB00090460A460021DDF8A0915E915F916091C5
:105EC0005D9159915A915B915C9101461D466C46DA
:105ED0005DA8FAF71BFA6A4610215DA800F02EFAB9
:105EE00000272DE0414659A800F04AFD214659A857
:105EF000FFF76AFF012659A8103401F0ADFB59A83D
:105F000001F06AFB59A800F073FD214659A8FFF77C
:105F10005BFF761C0A2EEEDB59A801F09DFB59A809
:105F200001F05AFB04F1100159A8FFF74DFF294673
:105F300059A801F07FFB103508F110086C461037A6
:105F40004F45CFD361B00020BDE8F0832DE9F04785
:105F5000284E00252C464FF480713046FCF79AFB02
:105F600000B101244FF400713046FCF793FB08B1F7
:105F700044F002044FF400511F48FCF78BFB08B1BA
:105F800044F004041D4E02213046FCF783FB08B99F
:105F900044F0080401213046FCF77CFB08B144F0D2
:105FA0001004174F00214FF00A0938788846444002
:105FB000012307F10C0600BF03FA01F222420FD0C1
:105FC00016F801C00CF1010C0CF0FF0C06F801C032
:105FD000BCF10A0F06D32A43D5B206F8019001E0BE
:105FE00006F80180491C49B20529E5DB6840387094
:105FF000BDE8F087000C024000080240001002409B
:106000007040002010B500231A4604E010F8014B40
:10601000521C2344D2B28A42F8D3D8B210BD000039
:1060200070B5094DFF231A4605F5807606E000BFDE
:1060300010F8014B54402A5D5A40335D491EF7D297
:1060400042EA032070BD00001CC4010870B5214D58
:10605000002401212846FCF71DFB00B98024022101
:106060002846FCF717FB08B944F0400404212846F1
:10607000FCF710FB08B944F0200408212846FCF77F
:1060800009FB08B944F0100410212846FCF702FB74
:1060900008B944F0080420212846FCF7FBFA08B9A7
:1060A00044F0040440212846FCF7F4FA08B944F00F
:1060B000020480212846FCF7EDFA08B944F00104F7
:1060C000210904F00F0001EB810100EB4100C0B297
:1060D00070BD0000000C024010B55A210020FAF7F4
:1060E00020FE00BF00BF00BF00BF96212020FAF7AE
:1060F00018FE00BF00BF00BF00BF00212120FAF73B
:1061000010FE00BF00BF00BF00BF00210120FAF752
:1061100008FE00BF00BF00BF00BF2D211120FAF70D
:1061200000FE00BF00BF00BF00BF2D211220FAF704
:10613000F8FD00BF00BF00BF00BF00211020FAF72C
:10614000F0FD00BF00BF00BF00BF55211320FAF7CC
:10615000E8FD00BF00BF00BF00BFAA211820FAF76A
:10616000E0FD00BF00BF00BF00BF00211720FAF70D
:10617000D8FD00BF00BF00BF00BF0A211420FAF7FE
:10618000D0FD00BF00BF00BF00BF0A211520FAF7F5
:10619000C8FD00BF00BF00BF00BF02211620FAF7F4
:1061A000C0FD00BF00BF00BF00BF00214F20FAF7B5
:1061B000B8FD00BF00BF00BF00BF00213020FAF7CC
:1061C000B0FD00BF00BF00BF00BF00213120FAF7C3
:1061D000A8FD00BF00BF00BF00BF00213220FAF7BA
:1061E000A0FD00BF00BF00BF00BF00213320FAF7B1
:1061F00098FD00BF00BF00BF00BF00213420FAF7A8
:1062000090FD00BF00BF00BF00BF00212520FAF7AE
:1062100088FD00BF00BF00BF00BF0021BDE81040E7
:106220002620FAF77EBD00002DE9F04F214B834672
:1062300088B00FCB8DE80F00002104AA002002EBEC
:1062400081030BEB8104255C1D54401C0428FADB00
:10625000491C0429F2DB0025EA4600240BEB8509E2
:106260000AEB85060DF110081AF8250018F804103D
:10627000FBF79BFBA044074698F804107078FBF7E7
:1062800094FB474098F80810B078FBF78EFB474026
:1062900098F80C10F078FBF788FB474009F8047079
:1062A000641C042CDEDB6D1C042DD6DB08B0002042
:1062B000BDE8F08FCCBA0108FFB500210091019133
:1062C00002910A466D462026CDF80C1000EB8203A1
:1062D00019889C7849BA090441EA0424D978D7007E
:1062E0000C4324FA07F1574245F8224006EBC70752
:1062F000BC40214345F822100C0E00F822400C0C43
:106300005C700C0A9C70521CD970042ADEDB04B04D
:106310000020F0BD30B5084C0022002100EB8203C4
:106320005D5C655D5D54491C0429F9DB521C042A3F
:10633000F3DB002030BD000081410020F0B51146A4
:1063400002F1B0035FF0000400EB84052E88AF7803
:1063500076BA3604ED7846EA07262E4341F82460E3
:10636000641C042CF0DB224D224F0024C86805EB8E
:106370001066C0F3074C367815F80CC086EA0C6638
:10638000C0F3072C15F80CC04FEA0C4C55FA80FEF0
:106390009EF800E08CEA0E2C86EA0C0651F810CB31
:1063A00086EA0C0657F824C0641C86EA0C060E60C8
:1063B00051F80CCC8CEA060CC1F804C051F8086CFA
:1063C00086EA0C067040C1E902600A2CCEDB00218F
:1063D000A032002052F8204043F82040401C0428FE
:1063E000F8DB491C103A10330B29F2DB0020F0BD1A
:1063F0008140002094BA01082DE9F0410024FBF708
:10640000E9FA224901254B782BB10022012B06D055
:10641000022B37D10DE0A8B34D70887032E08B7835
:10642000984204D10220487043F0A00421E04A7051
:1064300028E050B18E78B04224D1CB785B1CDBB21F
:10644000CB700F79012F07D00DE04A70CA700A7126
:10645000887840F0D0040CE0032B04D9CA7040F0D7
:10646000C004887005E0962B0CD90D71CA7046F0F7
:10647000B0043CB106497820012208772021054864
:10648000FCF714F92046BDE8F081000070400020C0
:10649000A4450020001002402DE9FC5FF849F94DA9
:1064A0008C7D44F008048C75867995F800A0A6BB15
:1064B000C578ED0702D044F0100401E004F0EF04C9
:1064C0008C75C478002C8C7D02D084F0200401E00F
:1064D00044F020048C75C47864078C7D02D584F068
:1064E000010401E044F001048C75BAF1010F03D0FE
:1064F0008C7D24F0040408E0C47824078C7D02D548
:1065000084F0040401E044F004048C7544796508C7
:1065100004D0022C08D0032C0AD00FE08C7D24F08C
:10652000400444F0800408E08C7D44F0400402E024
:106530008C7D84F0400424F080048C7500240A26AD
:10654000D14DBAF1010F0AD0077864F3070364F361
:106550000F23002F78D04778012F76D0A5E090F850
:106560000AC0CA4FBCFBF6F817F8088068F30703A7
:10657000BCFBF6F806FB18CC17F80CC06CF30F2325
:1065800090F800C0BCF1000F60D090F801C0BCF1E1
:10659000010F03D0BCF1020F25D048E090F80EC0E7
:1065A000BCF1000F0CD0C479B4FBF6FC15F80CC09C
:1065B0006CF31742B4FBF6FC06FB1C442C5D01E0B7
:1065C00064F3174264F31F62047AB4FBF6FC17F815
:1065D0000CC06CF31743B4FBF6FC06FB1C443C5D9B
:1065E00064F31F6323E090F80EC0BCF1000F0CD0E1
:1065F000047AB4FBF6FC17F80CC06CF31743B4FB39
:10660000F6FC06FB1C443C5D01E064F3174364F3B5
:106610001F63C479B4FBF6FC15F80CC06CF3174289
:10662000B4FBF6FC06FB1C442C5D64F31F62447B48
:10663000B4FBF6FC17F80CC06CF30702B4FBF6FCD5
:1066400006FB1C443C5D36E01CE019E0047AB4FB18
:10665000F6FC17F80CC06CF31743B4FBF6FC06FB12
:106660001C4490F807C03C5D64F31F63BCFBF6F468
:106670002C5D64F31742BCFBF6F406FB14C4D3E7AD
:10668000877B77B1C779B7FBF6FC15F80CC06CF3C4
:106690001742B7FBF6FC06FB1C77EF5D67F31F6242
:1066A00003E064F3174264F31F6264F3174364F377
:1066B0001F6364F3070264F30F22047B91F81680D2
:1066C000B4FBF6F7B4FBF6FC06FB1C44EF5D2C5D57
:1066D00008F0F00CDDB20CEB151C81F800C04FEA9D
:1066E000051CC3F307250CEB151C81F801C04FEA0C
:1066F000051CC3F307450CEB151C81F802C02D01E6
:106700001B0E05EB1315CD701D01D3B205EB131550
:106710000D711D01C2F3072305EB131503F00F03E1
:1067200063F31F184FEA124C4FEA0C13120E4D710F
:1067300003EB121381F80680CDF804C01201CB716F
:1067400002EB17120A723A0102EB14124A7222018A
:106750008A72427ADFF83891B2FBF6F3B2FBF6F4B4
:1067600006FB1323C27B19F803B0B2FBF6F319F84A
:1067700004E0B2FBF6F406FB132319F8047019F8D1
:1067800003C0CDF800C0028A6423B2FBF3F5B2FB6C
:10679000F3F403FB1423B3FBF6F4B2FBF6F306FBAE
:1067A000132319F8055019F8044019F8033090F82C
:1067B00012C0BCFBF6F819F80820BCFBF6F806FB83
:1067C00018CC19F80C60DDF804C00CF0F0080BF0E0
:1067D0000F0CC4444CF0080C81F80BC00BF0F0080F
:1067E0000EF00F0CC4444CF0080C81F80CC0DDF81E
:1067F00000C00EF0F0080CF0070CC44481F80DC086
:10680000DDF800C007F00F080CF0F00CC4444CF0A9
:10681000080C81F80EC090F802C0BCF1000F75D0D2
:10682000C07A40B1012835D0022841D0032859D080
:1068300004286DD092E007F0F00003F00F07384411
:10684000C87303F0F00004F00F031844087404F058
:10685000F00005F00F031844487405F0F00006F04E
:106860000F031844887406F0F00002F00F03184478
:1068700040F00800C87402F0F0000E306DE0000037
:10688000484700204240002080BA010876BA01083B
:106890008ABA010807F0F00003F00F07384440F00F
:1068A0000800C87303F0F00004F00F0318440CE074
:1068B00007F0F00003F00F073844C87303F0F0004E
:1068C00004F00F03184440F00800087404F0F000CE
:1068D00005F00F031844487405F0F00006F00F03AC
:1068E00018442EE007F0F00003F00F073844C87397
:1068F00003F0F00004F00F031844087404F0F000F3
:1069000005F00F03184440F00800E4E731E0FFE72A
:1069100007F0F00003F00F073844C87303F0F000ED
:1069200004F00F031844087404F0F00005F00F039E
:106930001844487405F0F00006F00F03184440F0C6
:106940000800887406F0F00002F00F03184440F0CD
:106950000800C87402F0F000801D0875BAF1010F3C
:1069600003D0087D00F0FB000875BDE8FC5FFAF776
:10697000EFBF07F0F00003F00F07384491E7000085
:1069800030B500235FF0000200EB820511F8014BE7
:10699000521CEC54042AF7DB5B1C042BF2DB0020B6
:1069A00030BD08B500204FF480310090C80200F0DF
:1069B00067FEFCF719F9FBF78DFEFEF7F1FEFDF718
:1069C00053FF00F069FF022269465002FAF799F975
:1069D0000520FAF7B1FFFBF7EFFEFDF7BBFF00F074
:1069E00069F8FDF7F1FEFDF7A3FF00F07DF8FEE783
:1069F0002DE9F04F214B834688B00FCB8DE80F0077
:106A0000002104AA002002EB81030BEB8104255C2A
:106A10001D54401C0428FADB491C0429F2DB002524
:106A2000EA4600240BEB85090AEB85060DF11008F8
:106A30001AF8250018F80410FAF7B7FFA044074623
:106A400098F804107078FAF7B0FF474098F80810EB
:106A5000B078FAF7AAFF474098F80C10F078FAF7E8
:106A6000A4FF474009F80470641C042CDEDB6D1C95
:106A7000042DD6DB08B00020BDE8F08FBCBA0108B9
:106A800010B5EFF3058179B9EFF3108111B9EFF388
:106A9000118119B106490968022905D0002408B1FD
:106AA00001F028F8204610BD6FF00504FAE7000059
:106AB00028440020EFF3058068B9EFF310820949FC
:106AC000086812B9EFF311820AB1022803D028B185
:106AD0004FF0FF3070476FF00500704701200860ED
:106AE000002070472844002010B5EFF3058070B9EE
:106AF000EFF310820A49086812B9EFF311820AB164
:106B0000022804D0012805D04FF0FF3010BD6FF0EF
:106B1000050010BD0220086001F054F8002010BDEF
:106B200028440020F8B51D466FF003026FF00206FE
:106B30004FF00004EFF30583A3B9EFF3108313B90B
:106B4000EFF311831BB1154B1B68022B0AD060B108
:106B500059B12A4603F01EFF012810D075B16FF01D
:106B600001040CE008B101B10DB1144607E00022A8
:106B700000926A4603F0AAFF012802D0344620465C
:106B8000F8BD00980028FAD005494FF08050086001
:106B9000BFF34F8FBFF36F8FF1E700002844002051
:106BA00004ED00E0F8B514464FF00005EFF3058260
:106BB0006ABBEFF3108212B9EFF311821AB1154AD2
:106BC0001268022A23D010B309B3ACB1D4E902325F
:106BD0006BB1502A1BD32269CAB1676900FB01F669
:106BE000B74214D30025009503F04EFD07E072B9BB
:106BF000226962B9626952B9002203F021FD0500E1
:106C000005D00CB1216800E0002100F03DFF2846CE
:106C1000F8BD000028440020F8B51D466FF00302BF
:106C20006FF002064FF00004EFF30583ABB9EFF30A
:106C3000108313B9EFF311831BB1164B1B68022BA2
:106C40000BD068B161B100232A4603F095FD0128FD
:106C500011D07DB16FF001040DE008B101B10DB1AB
:106C6000144608E00022134600926A4603F034FE00
:106C7000012802D034462046F8BD00980028FAD0FA
:106C800005494FF080500860BFF34F8FBFF36F8FFF
:106C9000F1E700002844002004ED00E02DE9FF4169
:106CA0004FEA01034FF00005EFF30581039599BB0F
:106CB000EFF3108111B9EFF3118119B11F49096880
:106CC000022938D040B38026182100244AB317681F
:106CD00007B13C4697691FB139467F1E382F02D253
:106CE0001779FF0703D0002004B0BDE8F081576991
:106CF00007B1BE08D2F808C0BCF1000F0DD0D568AE
:106D00005C2D18D312693AB137B18DE806103246BE
:106D1000214604F0A4FA03900DE0D7685FB9126928
:106D20004AB903AACDE90012B2B2214604F06AFAC8
:106D3000012800D003950398D6E7000028440020DE
:106D40002DE9F041134C0F46054666692068001D89
:106D500000F09EFC681C07D137B12168BDE8F04106
:106D60000D48091D00F0E6BD20683544B542456078
:106D7000216805D2A068BDE8F041091D00F0C2BD40
:106D80006068091D00F0BEFD206B854200D22563BE
:106D9000BDE8F081D8430020605800202DE9F04183
:106DA000054600F0D3FD2D4C2069401C2061206871
:106DB0002B4F10B1E06930B32BE02560206901282A
:106DC00027D1002606EB860007EB800000F08CFD43
:106DD000761C382EF6D3234800F086FD2148143067
:106DE00000F082FD1F48283000F07EFD1D483C3039
:106DF00000F07AFD1B48503000F076FD19486060C5
:106E00001430A06005E02068E96AC06A884200D8B2
:106E10002560E06A401CE0626864E86AA169884213
:106E200000D9A06100EB800007EB8000291D00F075
:106E300081FD00F0ABFDE06900280CD02068E96A14
:106E4000C06A884207D208494FF080500860BFF3FB
:106E50004F8FBFF36F8FBDE8F0810000D843002053
:106E6000B05300201058002004ED00E038B500F0C9
:106E70006DFD104CA068C8B90F4800F035FD0E48F4
:106E8000143000F031FD0C482060143060600A4B73
:106E900000202833009003F1500210210A2003F053
:106EA000F3FBA06010B105A100F0EEFDBDE8384095
:106EB00000F06CBD1444002074580020546D7251D1
:106EC0000000000030B4026C0B46002A0BD0C168F1
:106ED0001144C1608468A14201D30168C16030BC23
:106EE0001846F9F713BA30BC70472DE9F041856BAD
:106EF000174604460026026C82B1C7B1E068F9F774
:106F000005FAE168206C091AE1602268914202D218
:106F1000A168081AE060022F16D017E02068A8B90F
:106F2000A06804F03FFA06460020A0600EE060680A
:106F3000F9F7ECF9216C606808446060A168884248
:106F400004D32068606001E005B16D1E6D1CA5636F
:106F50003046BDE8F08110B5044690F8590058B1AC
:106F600001280CD002280FD0502080F31188BFF3E5
:106F70004F8FBFF36F8FFEE7206B00F01BFD2046A5
:106F8000BDE8104000F016BD10BD000010484FF4E1
:106F9000F041420706D0C01D0D4920F00700411AFC
:106FA000C1F5F0410B4A00230144C2E9000308394E
:106FB000103A21F0070111604B600B600B1AC0E919
:106FC000001393604FF000405360D06070470000A2
:106FD000446000203C440020144E154CA6F29C470F
:106FE0004FF08058DFF84C9012E000BF00F0AEFC8C
:106FF000F068C568281D00F04BFB2069401E206129
:10700000E068401EE06000F0C1FC2846FFF7A3FFE7
:10701000E0680028EAD138680128F9D9C9F8008069
:10702000BFF34F8FBFF36F8FF2E700004C58002083
:10703000D843002004ED00E070B51D46049C51B11A
:10704000C4F80020C4E90F010121204603F050FBE1
:1070500084F84C5070BD2460F4E700002DE9F05F27
:107060008846DDE90B941546834691009A460A9EB0
:10707000A522206BF9F75CF96FF00301206B01EB9F
:107080008501084420F00707780707D0502080F3D7
:107090001188BFF34F8FBFF36F8FFEE70025B8F164
:1070A000000F0FD05FF00000221818F8001082F8CF
:1070B000341018F8001011B1401C1028F4D384F8D3
:1070C000435001E084F83450382E00D33726E6626E
:1070D000C4E91365201D00F012FC04F1180000F053
:1070E0000EFC2461C6F138006462A061656584F815
:1070F000585052465946384600F058FA2060B9F1C7
:10710000000F01D0C9F80040BDE8F09F30B511492B
:1071100000E011460A688242FBD34B685C18844247
:1071200003D1406818444860084643681C189442DC
:1071300009D1084C103C2468A24209D052681A4474
:1071400042600A6812680260814200D0086030BD67
:107150000460F9E73C44002070B5002441600B4D09
:107160000061914206D8D11A8269914206D2011D6E
:10717000686807E09A4203D2994201D3012403E0F0
:10718000011D286800F0BEFB204670BD144400209D
:1071900010B5044600F0DAFBA06B28B15FF00004E4
:1071A00000F0F4FB204610BD0124F9E730B589B0AA
:1071B0003C4D6EE00498002806DADDE90601059AE8
:1071C00090470498002864DB069C606910B1201D7C
:1071D00000F05EFA03A800F0D7F8024604980A28E7
:1071E00057D2DFE800F00505052D334A05052D339C
:1071F00094F8280040F0010084F828000599A0695F
:10720000059B01442046FFF7A7FF68B3216A20468B
:10721000884794F8280040073BD500200090059847
:10722000A169002342181946204604F0C5F9D8B9CF
:10723000502080F31188BFF34F8FBFF36F8FFEE7AD
:1072400014F8280F20F00100207022E094F82800A4
:1072500040F0010084F828000598A06128B1811849
:1072600013462046FFF778FF13E0502080F3118883
:10727000BFF34F8FBFF36F8FFEE794F828008107AD
:1072800003D4204600F096FB03E020F0010084F8D0
:107290002800002204A9A86803F07CFB002889D1FB
:1072A00009B030BD144400202DE9FC410F460546CD
:1072B00000F0CCFC01A800F067F80446019818B172
:1072C00004F0E8F8BDE8FC81254EAFB170680068B5
:1072D000D0B30027291B3A46B06800F0E9FB04F060
:1072E000D9F80028EED11F494FF080500860BFF355
:1072F0004F8FBFF36F8FE5E7A542EBD804F0CAF8D4
:1073000030682746C068C468201D00F0C1F994F8B1
:107310002800410719D5A0692B4641193A46204655
:10732000FFF71AFFA8B100200346014600902A4645
:10733000204604F041F960B9502080F31188BFF372
:107340004F8FBFF36F8FFEE707E020F0010084F856
:107350002800216A20468847B4E70127BAE70000E1
:107360001444002004ED00E006484168096829B192
:107370004168C968C9684968016370474FF0FF31C7
:10738000FAE70000D843002070B5054603F0A0FFDF
:10739000064E04463069844203D200F009F8012009
:1073A00000E0002028602046346170BD14440020B5
:1073B000F8B5194D20E0C068C4680668201D00F0CB
:1073C00067F9216A2046884794F82800400713D5BA
:1073D000A0693044B04206D924616060211D28684C
:1073E00000F090FA08E00020034601460090324683
:1073F000204604F0E1F838B1286801680029DAD1A4
:107400006968C5E90010F8BD502080F31188BFF30A
:107410004F8FBFF36F8FFEE7144400200848406889
:10742000401C4FF0500080F3118804D0BFF34F8F01
:10743000BFF36F8FFEE7BFF34F8FBFF36F8FFEE792
:1074400044440020074C2068016841B1C068002115
:10745000D0F80000FFF728FFFFF7A8FEF3E70121AF
:107460000020F7E7144400202DE9F041044600F025
:107470006DFA94F9455004F1240609E0606A48B1B8
:10748000304603F0CFFF08B100F062FB6D1E6DB215
:10749000002DF3DC4FF0FF3684F8456000F076FAFB
:1074A00000F054FA94F9445004F1100709E02069FF
:1074B00048B1384603F0B6FF08B100F049FB6D1E35
:1074C0006DB2002DF3DC84F84460BDE8F04100F0BB
:1074D0005DBA00002DE9F0410546002700F0B6FB3B
:1074E000314E306808B9FFF751FDF06805424BD1C5
:1074F000C5B3083568070ED005F00700C0F10800D5
:107500000544680707D0502080F31188BFF34F8FE0
:10751000BFF36F8FFEE72DB37068854234D82248E1
:10752000103001460C6801E020460C466168A94213
:1075300002D221680029F7D131688C4224D0076833
:107540002168016060680837411B10290FD9601954
:10755000420708D0502080F31188BFF34F8FBFF34C
:107560006F8FFEE710E041606560FFF7CFFD616857
:107570007068401A7060B268904200D2B060F068E3
:1075800001430020C4E9000103F084FF780707D01D
:10759000502080F31188BFF34F8FBFF36F8FFEE74A
:1075A0003846BDE8F08100002C44002010B5031FD0
:1075B0004FF080741C601B1F21F001011960191F1E
:1075C000044B0B6014390A60091F6FF00202443843
:1075D0000A6010BD1D740108FFB5002100910191E2
:1075E00002910A466D462026CDF80C1000EB82036E
:1075F00019889C7849BA090441EA0424D978D7004B
:107600000C4304FA07F1574245F8224006EBC7073E
:10761000FC40214345F822100C0E00F822400C0CCF
:107620005C700C0A9C70521CD970042ADEDB04B01A
:107630000020F0BD10B500235FF0000200EB8204D3
:10764000521CE45C01F8014B042AF7DB5B1C042BA1
:10765000F2DB002010BD000030B5084C00220021F4
:1076600000EB82035D5C655D5D54491C0429F9DB18
:10767000521C042AF3DB002030BD000081400020B2
:107680006FF30801014301480160704708ED00E015
:10769000D0E9013201699A60D0E901235A604A6851
:1076A000824201D182684A60002202610868401E5D
:1076B0000860086870470000034B036003F15C003A
:1076C00008608020106070478C590020044B0360D4
:1076D00003F15C0008604FF4807010607047000098
:1076E000E85B002008B50020024600900321052039
:1076F000FFF758FA124CA06018B1FBF73FF8FAF701
:10770000F5FDFEF723FC00F003018DF800100021C9
:10771000420700D5012110F0180F01D041F00201FD
:107720008DF80110FEF768FE8DF8020000231A465E
:107730006946A068FFF770FA1420FFF7A1F9E0E7A7
:107740007040002086B00446FCF706FF7820DFF882
:1077500034912077012220214846FAF7A7FF4A4DAD
:107760004A4E40F6E4474FF00008E07E8DF80000F6
:10777000E17B8DF8011020788DF8030060788DF89A
:107780000400607B8DF80500E07A8DF80200A07897
:107790008DF80700E0788DF8080020798DF8090051
:1077A00060798DF80A00A0798DF80C00E0798DF8E9
:1077B0000D00E07F8DF80F00208CADF8100094F8DC
:1077C00022008DF8120094F823008DF813009DF824
:1077D0000600401CC0B28DF806003C282ED99DF84A
:1077E0000B204046521CD2B28DF806808DF80B203B
:1077F000042A01D98DF80B0031B19DF80E0040B17B
:107800005FF000008DF80E00207F20B1401E207731
:1078100006E00120F6E7002220214846FAF746FF5D
:10782000002208217020FDF73EF900220821702077
:10783000FDF739F9FCF772FBFCF770FB6846FEF7C1
:107840002BFE2888401C80B22880FA2807D91048CF
:107850000078012803D1A5F80080FBF75FF8308895
:10786000401C80B23080B84207D90A48007801280D
:1078700003D1A6F80080FBF751F80C20FFF700F9C0
:1078800073E70000001002403643002094420020BD
:107890003243002088420020F8B51048016841F0CA
:1078A0000201016000680E4C00F0020000904FF4ED
:1078B00080702060022501200A4EE560606021464C
:1078C0003046FAF70BFE280220601120E560606068
:1078D00021463046BDE8F840FAF700BE3038024095
:1078E0000C4600200004024000F108014FF0FF3276
:1078F000C0E90112C16001610021016070470021EF
:107900000161704730B50B685A1C02D000F10802C3
:1079100002E0026904E02246546825689D42FAD9D3
:1079200053684B6099608A60516008610168491C26
:10793000016030BD42684A6093688B60936859600B
:10794000916008610168491C01607047502080F314
:107950001188BFF34F8FBFF36F8F0A494868401CEF
:10796000486001280CD10848006810F0FF0F07D0CC
:10797000502080F31188BFF34F8FBFF36F8FFEE766
:10798000704700004444002004ED00E008494868C6
:1079900028B1401E486001D180F311887047502003
:1079A00080F31188BFF34F8FBFF36F8FFEE70000A6
:1079B0004444002070B5002827D0144DA0F10804DD
:1079C0006168E868014207D1502080F31188BFF355
:1079D0004F8FBFF36F8FFEE722683AB1502080F3DC
:1079E0001188BFF34F8FBFF36F8FFEE78143616054
:1079F00000F02CF960686968084468602046FFF769
:107A000085FBBDE8704003F045BD70BD2C440020EF
:107A10004FF0E02000210161816105494FF47A7245
:107A20000968B1FBF2F1491E41610721016170470C
:107A3000D443002010B5F8F70FFC114910280ED3DD
:107A400000F1E02090F8F0030A78904207D250202D
:107A500080F31188BFF34F8FBFF36F8FFEE70948A4
:107A60000068896800F4E060884207D9502080F3FC
:107A70001188BFF34F8FBFF36F8FFEE710BD00007B
:107A8000444400200CED00E010B5084B002200BF7C
:107A900053F832401CB1521C082AF9D310BD43F8E8
:107AA000321003EBC201486010BD0000705300208B
:107AB00070B515460E460446FFF748FF94F944108A
:107AC0000020491C01D184F8440094F94510491C58
:107AD00001D184F84500FFF759FFA06B28B92A4669
:107AE000314604F1240000F051F82046BDE8704012
:107AF000FFF7BABC10B5020014D00F48806B38B144
:107B0000502080F31188BFF34F8FBFF36F8FFEE7D4
:107B100000F09CF800211046FFF712F903F0BAFCC0
:107B2000002807D105494FF080500860BFF34F8F00
:107B3000BFF36F8F10BD0000D843002004ED00E0BC
:107B400002498A6A0260496941607047D84300204F
:107B50000149012048627047D843002010B50C4607
:107B600050B1094909681831FFF7CCFE2046BDE83D
:107B700010400121FFF7E4B8502080F31188BFF3D3
:107B80004F8FBFF36F8FFEE7D843002070B51446C8
:107B90000D4668B10A4909681831FFF7CBFE0CB1F0
:107BA0004FF0FF3521462846BDE87040FFF7C8B8C2
:107BB000502080F31188BFF34F8FBFF36F8FFEE724
:107BC000D843002030B587B00024039405AA04A947
:107BD00003A80494FFF770FDDDE903010094CDE9EB
:107BE0000110002315A11748059A03F038FB164D24
:107BF000002868631FD003F0AFFC012809D0401CA7
:107C000019D1502080F31188BFF34F8FBFF36F8FCE
:107C1000FEE7502080F31188BFF34F8FBFF36F8FC3
:107C20004FF0FF3028630120E8616C6107B0BDE8C8
:107C3000304002F08BBC07B030BD000049444C45D9
:107C400000000000D96F0108D84300200248816B72
:107C5000491C816370470000D8430020164810B5C6
:107C6000816B11B10121416210BD00214162816926
:107C7000124A01E0B9B1491E01EB810352F82330E9
:107C8000002BF7D001EB810302EB830202F1080421
:107C900053685B685360A34201D15B685360DA6844
:107CA0000260816110BD502080F31188BFF34F8FB7
:107CB000BFF36F8FFEE70000D8430020B0530020D1
:107CC000B2B00546142109A8F8F739FB14210FA812
:107CD000F8F735FB00242246132108201494FEF700
:107CE00061FFFE4EB06010B1A88CFDF73DFEDFF8DD
:107CF000F0B3FC4FB0460221FB48FAF7D0FC95F8F0
:107D0000260088F804004646FF23002209A9D8F877
:107D10000800FEF707FF002870D14FF0010986F830
:107D200002907C703918401CC0B2CC701028F9D376
:107D30003078B046002878D19DF829A0AAF1B0008B
:107D40000A2873D2DFE800F00537725B7272739B0A
:107D5000C0E728798DF8640068798DF86500287A85
:107D60008DF86600687800F00F018DF867108107C4
:107D700007D000F00301AA22491ECA408DF86720EF
:107D800001E08DF8674010F0300F07D0C0F301100C
:107D9000AA21401EC1408DF8681001E08DF86840AE
:107DA0002878800703D5AA208DF8690001E08DF8B6
:107DB000694006263BE19DF82A00411F2E291AD270
:107DC0008DF8649040F2771110FB01F04FF6FF71CF
:107DD00001EA4000E88206208DF858009DF82A004C
:107DE0008DF859008DF85A408DF85C408DF85B4055
:107DF0008DF85D403BE08DF8644002E1FBE39DF8C7
:107E00002A000B28F7D2C0EBC00000EB80004FF433
:107E1000617202EB00106422B0FBF2F08DF8649006
:107E2000E870A87085F80990EBE028E1F3E09DF890
:107E30002A000146801E1328DDD28DF8649040F29E
:107E4000771011FB00F04FF6FF7101EA4000288324
:107E500006208DF858008DF859408DF85A408DF85D
:107E60005C409DF82A008DF85B408DF85D009F48CE
:107E7000FF23002216A90068FEF7CEFEC1E09C4950
:107E80008DF86440782008770126324620219948F1
:107E9000FAF70CFC9DF82A00AA2805D18DF8649009
:107EA000287A40F0010028729BF80000012831D1A7
:107EB0008DF865409DF82B00AA282AD18DF8659091
:107EC000287A40F0020023E089498DF86440782048
:107ED00008770126324620218648FAF7E7FB9DF80D
:107EE0002A00AA2805D18DF86490287A00F0FE00B7
:107EF00028729BF8000001280CD18DF865409DF890
:107F00002B00AA2805D18DF86590287A00F0FD0095
:107F1000287202268BE09DF82A00042844D006DC53
:107F200001280BD0022818D0032874D129E0052895
:107F300047D0062867D05A28F7D16DE095F822007F
:107F40008DF86400288C010A8DF865108DF86600A4
:107F5000E87F8DF86700042669E0654880F82240D4
:107F60000484C477847704208DF858008DF8594034
:107F70008DF85A408DF85C408DF85B408DF85D407F
:107F800008E05B494FF49640888403208DF8580040
:107F90004B2011E0554800231A4616A90068FEF749
:107FA0003BFE8DF864902CE051494FF416408884D4
:107FB00003208DF8580096208DF859008DF85A400E
:107FC000E8E79DF82B00A0F1090138290CD84849B1
:107FD0000126887085F809909DF82C008DF8649032
:107FE0000938382805D922E09DF82C0009383828AE
:107FF00011D83F499DF82C00C87085F809908DF87C
:108000006490012613E03A4881788DF86410C078B6
:108010008DF865007DE73FE032490020133119AA51
:108020000B5C1354401CC0B22028F9D3202698F8CA
:108030000400FE2823D07E218DF894108DF8950041
:108040008DF896A0002019A90DF1940A05E00A5CAC
:108050000AEB0003401CDA70C0B2B042F7D3F11C47
:108060005046FDF7DDFF0146020A0AEB0600C2702A
:1080700001717F214171B11D25A8FDF7F5FC98F82C
:1080800000004646012807D19BF800009DF82AA071
:10809000012802D000287AD0DFE35046BAF1200F41
:1080A00076D008DC012874D0022873D0032872D05F
:1080B000102808D13FE021286ED022286DD0DA2880
:1080C0006CD0DB286BD0A3208DF804009DF829002C
:1080D0008DF8050098F804000EE000003043002001
:1080E0004240002098520020000002403C40002006
:1080F000A4450020001002408DF8060007208DF8EE
:10810000080003208DF809008DF807A0062101A8BA
:10811000FDF778FF8DF80A00072101A8FDF7A4FC00
:108120008DF82540002009A90A18401CC0B2D4705F
:108130001028F9D391E3A3208DF804009DF82900BD
:108140008DF8050098F804008DF8060011218DF8CF
:1081500008108DF8099002208DF807A08DF80A000C
:1081600028798DF80B0068798DF80C00E87A4A467A
:10817000C0071CD0687810F00F0011D0012811D072
:10818000022811D05FF013008DF80D0011E027E3F5
:10819000A7E15CE0AAE0D1E02EE279E2A0E2EBE226
:1081A0001020F1E71220EFE78DF80D1001E08DF8B7
:1081B0000D40E87A800713D5687810F0F00008D0F9
:1081C000102808D0202808D05FF013008DF80E008A
:1081D00008E01020FAE71220F8E78DF80E1001E011
:1081E0008DF80E40687B8DF80F00287810B10128BB
:1081F00002D004E0F02000E0FF208DF81000287B82
:10820000AA2808D08DF811402878800706D5AA2022
:108210008DF8120004E08DF81120F5E78DF812407A
:108220008DF81340102101A8FDF7ECFE8DF8140025
:10823000112101A8FDF718FC8DF82540002009A99F
:108240000A18401CC0B2D4701028F9D305E3A3204B
:108250008DF804009DF829008DF8050098F80400B9
:108260008DF8060019208DF808008DF80990F1208E
:108270008DF80A0002208DF80B008DF807A0CC467F
:10828000002001A9FE4B0E181A5C401CC0B23272CD
:108290000828F8D38DF814C08DF815408DF81840D3
:1082A0008DF816408DF819C08DF817408DF81AC05A
:1082B000287BAA2817D08DF81B40182101A8FDF7AC
:1082C000A1FE8DF81C00192101A8FDF7CDFB224667
:1082D0008DF82540002009A90B18401CC0B2DA70A7
:1082E0001028F9D3B9E28DF81BC0E6E7A3208DF87A
:1082F00004009DF829008DF8050098F804008DF819
:10830000060007208DF8080003208DF809008DF87D
:1083100007A0062101A8FDF775FE8DF80A000721C8
:1083200001A8FDF7A1FB8DF82540002009A90A1836
:10833000401CC0B2D4701028F9D38EE2287BAA2842
:108340009DF82C0007D0012876D0022874D003288D
:1083500072D0C0B37EE0012805D0022803D00328E4
:1083600001D038B10DE0E87AC0070AD1287A40F090
:10837000010005E0E87AC00703D0287A00F0FE008B
:1083800028729DF82D00012805D0022803D003286B
:1083900001D038B10DE0E87A80070AD4287A40F09D
:1083A000020005E0E87A800703D5287A00F0FD0096
:1083B00028729DF82E00012806D0022804D0032838
:1083C00002D018B104E03EE0AA2000E05520287356
:1083D000A3208DF804009DF829008DF8050098F879
:1083E00004008DF806000A208DF808008DF807A01B
:1083F0008DF809909DF82C008DF80A009DF82D004D
:108400008DF80B009DF82E008DF80C00092101A8B5
:10841000FDF7F8FD8DF80D000A2101A8FDF724FBFA
:108420008DF82540002009A90A18401CC0B2D4705C
:108430001028F9D335E3FFE7E87AC0070AD1287A94
:1084400040F0010005E0E87AC00703D0287A00F088
:10845000FE0028729DF82D00012805D0022803D0C7
:10846000032801D038B10DE0E87A80070AD4287AD1
:1084700040F0020005E0E87A800703D5287A00F092
:10848000FD002872A3208DF804009DF829008DF8C6
:10849000050098F804008DF8060009208DF8080002
:1084A0008DF807A08DF809909DF82C008DF80A0032
:1084B0009DF82D008DF80B00082101A8FDF7A2FD05
:1084C0008DF80C00092101A8FDF7CEFA8DF82540A2
:1084D000002009AA1118401CC0B2CC701028F9D392
:1084E000DFE29DF82C00811E31290DD28DF8590054
:1084F000C0EB4011C1EB00204FF6FF7101EA800094
:10850000E88285F8099001E08DF859409DF82D002A
:10851000A0F10901392908D2E870A8709DF82D0052
:108520008DF85A0085F8099001E08DF85A409DF8C1
:108530002E00411E032907D2A8769DF82E008DF843
:108540005B0085F8099001E08DF85B409DF82F10E5
:10855000B9B1012915D08DF85C4000BF9DF83000FD
:10856000811E312915D28DF85D00C0EB4011C1EBA1
:1085700000204FF6FF7101EA8000288385F80990FA
:1085800009E0552088408DF85C00287385F8099033
:10859000E4E78DF85D4006208DF858003948FF2348
:1085A000002216A90068FEF737FBA3208DF804000F
:1085B0009DF829008DF8050030798DF80600072018
:1085C0008DF808008DF807A08DF80990062101A804
:1085D000FDF718FD8DF80A00072101A8FDF744FA00
:1085E0008DF82540002009A90A18401CC0B2D4709B
:1085F0001028F9D331E137E19DF82C00411E032901
:1086000007D2A87685F809909DF82C008DF85B00BC
:1086100001E08DF85B4006208DF8580019488DF870
:1086200059408DF85C408DF85A408DF85D40FF232D
:10863000002216A90068FEF7EFFAA3208DF80400C7
:108640009DF829008DF8050030798DF80600072087
:108650008DF808008DF807A08DF80990062101A873
:10866000FDF7D0FC8DF80A00072101A8FDF7FCF901
:108670008DF82540002009A90A18401CD47003E099
:10868000A04200203C400020C0B21028F4D3E4E017
:10869000A3208DF804009DF829008DF8050098F8B6
:1086A00004008DF8060007208DF8080003208DF8DF
:1086B00009008DF807A0062101A8FDF7A3FC8DF89D
:1086C0000A00072101A8FDF7CFF98DF82540002009
:1086D00009A90A18401CC0B2D4701028F9D3BCE014
:1086E0009DF82B008DF853009DF82C008DF851005B
:1086F0009DF82D008DF852009DF82E008DF83C005D
:108700009DF82F008DF83D009DF830008DF83E005B
:10871000002214A9FB48FAF7D1FD00220FA9F9485D
:10872000FAF730FE06208DF804009DF853008DF80E
:1087300005009DF851008DF806009DF852008DF857
:1087400007009DF83C008DF808009DF83D008DF86D
:1087500009009DF83E008DF80A00072101A8FDF7E9
:1087600083F98DF82540002009A90A18401CC0B2E1
:10877000D4701028F9D370E0002214A9E148FAF768
:10878000EDFC00220FA9DF48FAF70AFD06208DF85C
:1087900004009DF853008DF805009DF851008DF8F8
:1087A00006009DF852008DF807009DF83C008DF8FA
:1087B00008009DF83D008DF809009DF83E008DF8F9
:1087C0000A00072101A8FDF74FF98DF82540002088
:1087D00009A90A18401CC0B2D4701028F9D33CE093
:1087E0005046BAF1200F7CD008DC012841D0022885
:1087F00078D0032877D0102808D15BE1212873D0E6
:10880000222872D0DA2871D0DB2870D0A3208DF80E
:1088100004009DF829008DF8050098F804008DF8F3
:10882000060007208DF8080003208DF809008DF858
:1088300007A0062101A8FDF7E5FB8DF80A00072136
:1088400001A8FDF711F98DF82540002009A90A18A3
:10885000401CC0B2D4701028F9D388F8014001221E
:10886000791CA948FBF7F8F80520FEF709F9FFF78E
:1088700042BAA3208DF804009DF829008DF8050068
:1088800098F804008DF8060019208DF808008DF87E
:108890000990F1208DF80A009C4B8DF807A0CC467A
:1088A0008DF80B90002001A91A5C0E18401CC0B274
:1088B00032720828F8D38DF814C08DF815408DF861
:1088C00018408DF816408DF819C08DF817408DF8B6
:1088D0001AC0287BAA281FD08DF81B40182101A898
:1088E00006E056E11BE042E0DBE121E248E293E2F0
:1088F000FDF788FB8DF81C00192101A8FDF7B4F8DD
:1089000023468DF82540002009A90A18401CC0B252
:10891000D3701028F9D3A0E78DF81BC0DEE7A320A1
:108920008DF804009DF829008DF8050098F80400E2
:108930008DF8060007208DF8080003208DF8090047
:108940008DF807A0062101A8FDF75CFB8DF80A0051
:10895000072101A8FDF788F88DF82540002009A916
:108960000A18401CC0B2D4701028F9D375E7287BD0
:10897000AA289DF82C0007D001285AD0022858D0E8
:10898000032856D0E8B362E0012805D0022803D0BE
:10899000032801D038B10DE0E87AC0070AD1287A5F
:1089A00040F0010005E0E87AC00703D0287A00F023
:1089B000FE0028729DF82D00012805D0022803D062
:1089C000032801D010B103E0AA2000E0552028734D
:1089D000A3208DF804009DF829008DF8050098F873
:1089E00004008DF8060009208DF808008DF807A016
:1089F0008DF809909DF82C008DF80A009DF82D0047
:108A000000E01DE08DF80B00082101A8FDF7FAFA3F
:108A10008DF80C00092101A8FDF726F88DF82540F6
:108A2000002009A90A18401CC0B2D4701028F9D33C
:108A300037E0E87AC0070AD1287A40F0010005E063
:108A4000E87AC00703D0287A00F0FE002872A3203D
:108A50008DF804009DF829008DF8050098F80400B1
:108A60008DF8060008208DF808008DF807A08DF815
:108A700009909DF82C008DF80A00072101A8FDF748
:108A8000C1FA8DF80B00082101A8FCF7EDFF8DF865
:108A90002540002009A90A18401CC0B2D470102833
:108AA000F9D31B4978200122087720211948F9F7CA
:108AB000FDFDD2E6A3208DF804009DF829008DF875
:108AC000050098F804008DF806000F208DF80800C6
:108AD0008DF809908DF807A08DF80A9028798DF807
:108AE0000B00E87A4946C0071CD0687810F00F00E8
:108AF00012D0012812D0022812D013208DF80C00B9
:108B000012E0000050530020D0520020A04200206C
:108B1000A4450020001002401020EFE71220EDE7EE
:108B20001120EBE78DF80C40687B8DF80D0028785C
:108B300010B1012802D004E0F02000E0FF208DF801
:108B40000E00287BAA2808D08DF80F4028788007CF
:108B500006D5AA208DF8100004E08DF80F10F5E777
:108B60008DF810408DF811400E2101A8FDF74AFA4A
:108B70008DF812000F2101A8FCF776FF8DF8254033
:108B8000002009A90A18401CC0B2D4701028F9D3DB
:108B900063E69DF82C00811E31290DD28DF8590015
:108BA00000EB4001C1EBC0104FF6FF7101EAC000BD
:108BB000E88285F8099001E08DF859409DF82D0074
:108BC000A0F10901392907D2A8709DF82D008DF870
:108BD0005A0085F8099001E08DF85A409DF82E0062
:108BE000411E032907D2A8769DF82E008DF85B0060
:108BF00085F8099001E08DF85B409DF82F00B0B139
:108C0000012814D08DF85C409DF83000811E312978
:108C100015D28DF85D0000EB4001C1EBC0104FF69E
:108C2000FF7101EAC000288385F8099009E0552109
:108C300081408DF85C10297385F80990E4E78DF880
:108C40005D4006208DF858008848FF23002216A9B1
:108C50000068FDF7E1FFA3208DF804009DF82900CE
:108C60008DF8050030798DF8060007208DF8080092
:108C70008DF807A08DF80990062101A8FDF7C2F92B
:108C80008DF80A00072101A8FCF7EEFE8DF82540BB
:108C9000002009A90A18401CC0B2D4701028F9D3CA
:108CA000DBE59DF82C00411E032907D2A87685F844
:108CB00009909DF82C008DF85B0001E08DF85B4079
:108CC00006208DF8580069488DF859408DF85C40B1
:108CD0008DF85A408DF85D40FF23002216A90068E8
:108CE000FDF79AFFA3208DF804009DF829008DF868
:108CF000050030798DF8060007208DF808008DF802
:108D000007A08DF80990062101A8FDF77BF98DF8E1
:108D10000A00072101A8FCF7A7FE8DF825400020D6
:108D200009A90A18401CC0B2D4701028F9D394E5E0
:108D3000A3208DF804009DF829008DF8050098F80F
:108D400004008DF8060007208DF8080003208DF838
:108D500009008DF807A0062101A8FDF753F98DF849
:108D60000A00072101A8FCF77FFE8DF825400020AE
:108D700009A90A18401CC0B2D4701028F9D36CE5B8
:108D80009DF82B008DF853009DF82C008DF85100B4
:108D90009DF82D008DF852009DF82E008DF83C00B6
:108DA0009DF82F008DF83D009DF830008DF83E00B5
:108DB000002214A92E48FAF781FA00220FA92C48A4
:108DC000FAF7E0FA06208DF804009DF853008DF8BC
:108DD00005009DF851008DF806009DF852008DF8B1
:108DE00007009DF83C008DF808009DF83D008DF8C7
:108DF00009009DF83E008DF80A00072101A8FCF744
:108E000033FE8DF82540002009A90A18401CC0B285
:108E1000D4701028F9D320E5002214A91448FAF7D9
:108E20009DF900220FA91248FAF7BAF906208DF829
:108E300004009DF853008DF805009DF851008DF851
:108E400006009DF852008DF807009DF83C008DF853
:108E500008009DF83D008DF809009DF83E008DF852
:108E60000A00072101A8FCF7FFFDF6E43C400020C2
:108E700050530020ADF5147D0546F94F4FF4A07115
:108E800039A8F7F75CFADC2101A8F7F758FAFAF7E6
:108E90000BFBFDF7DBF885F82600FCF7B3FEF14E7F
:108EA0000024DFF8C48334724FF0010A4FF0020946
:108EB0004FF47A7BB07B012802D0707918B1F1E3CE
:108EC000F8F798F8FBE7317A00296FD0B08A401C98
:108ED00080B2B082012914D14FF4FA71B0FBF1F2E3
:108EE00001FB120018B995F8260000F09BFFB18A2B
:108EF00040F6B830814204D3B4823472B472B47094
:108F000007E0B18A41F28830814202D3307A0228E8
:108F1000F2D0B07900287DD0348286F804A0B471F4
:108F200038880090024639A9B81CF7F7A7FFCD484A
:108F300001AB39AA10212430FCF765FFFA21B81CD7
:108F4000F7F7FDF9C9A101A8F7F704FA40B186F8CF
:108F50000890B48234707470F4723473747202E0E6
:108F6000307A022856D1C6A101A8F7F7F3F90028F4
:108F70005DD0C9A101A8F7F7EDF9C9A10090F7F7F5
:108F8000E9F9919092AACAA10098F7F719FA012875
:108F900006D190AAC8A19198F7F712FA012806D035
:108FA000DC2101A8F7F7CBF9C7A147E3ECE39098E0
:108FB000811E302935D8D44A8DF82D02127812B18D
:108FC000012A09D011E000EB4001C1EBC0114FF6BE
:108FD000FF7000EAC10007E0C0EB4011C1EB0021C7
:108FE0004FF6FF7000EA8100288385F809A08DF80C
:108FF00029428DF82A428DF82B4206208DF828024E
:10900000C2488DF82C42FF2300228AA90068FDF790
:1090100003FE00E042E3DC2101A8F7F790F9BCA1D0
:109020000CE3DC2101A8F7F78AF9C6A106E3D3A176
:1090300001A8F7F78FF9002850D089948E94D4A115
:1090400001A88F94F7F786F90090D5A101A8F7F74A
:1090500081F9919089AAD6A10098F7F7B1F9012872
:1090600036D1D7487821012201772021D548F9F758
:109070001DFB89988EAA01289198D3A104D0F7F7F7
:109080009FF9012814D023E0F7F79AF901281FD19E
:109090009DF83902312803D1287A40F00100287266
:1090A0009DF83A02312813D1287A40F002000EE0F0
:1090B0009DF83902312803D1287A00F0FE00287289
:1090C0009DF83A02312803D1287A00F0FD00287279
:1090D000DC2101A8F7F733F9C0A1AFE2CAA101A8CA
:1090E000F7F738F968B1DC2101A8F7F728F98648C5
:1090F000007810B1012802D0B4E2C9499EE2C94902
:109100009CE2C9A101A8F7F725F9002874D0DC2159
:1091100001A8F7F714F97C480078012801D0D8B3EA
:10912000A0E2287B4FF0DC02AA2811D0C44901A894
:10913000F7F7ECF8E87AC0076FD031218DF83410DA
:109140008DF849102878400769D58DF85A1069E0E4
:10915000BB4901A8DC39F7F7D9F8E87AC0071CD079
:1091600031218DF834108DF84A102878400702D547
:109170008DF85C1002E030208DF85C00E87A800702
:1091800018D531218DF835108DF84B10287800074F
:1091900009D58DF85D1009E06AE130208DF83400C2
:1091A0008DF84A00E8E730208DF85D00687B38B123
:1091B000312006E030208DF835008DF84B00F3E7C4
:1091C00030208DF86F0031218DF880102878C0078D
:1091D00002D08DF8911002E030208DF89100287BAC
:1091E000AA280AD030208DF836008DF84C008DF872
:1091F0005E008DF8A40035E2BFE18DF8A4108DF873
:1092000036108DF84C102878800702D58DF85E1046
:1092100028E230208DF85E0024E211E0FFE73020E4
:109220008DF85A00E87A800719D531218DF835106C
:109230008DF84A102878000708D58DF85B1009E0F2
:1092400030208DF834008DF84900E9E75FF03000F8
:109250008DF85B00687B08B13120FAE0F8E0F1E0BE
:10926000AE4E0020844200206E400020434F4D5FF0
:109270004445565F5245474953544552000000004B
:10928000434F4D5F52454C41595F434F4E54494EF9
:1092900055455F54494D4500226964223A0000005B
:1092A0002272656C617954696D65223A0000000094
:1092B000226964223A2564002272656C61795469DE
:1092C0006D65223A256400007B22436F6D6D616EEF
:1092D00064223A22434F4D5F52454C41595F434F00
:1092E0004E54494E55455F54494D45222C225265F6
:1092F00073756C74223A312C224572726F72436F0F
:109300006465223A327D0000424000203C4000204B
:109310007B22436F6D6D616E64223A22434F4D5F35
:1093200052454C41595F434F4E54494E55455F5449
:10933000494D45222C22526573756C74223A226F76
:109340006B227D007B22436F6D6D616E64223A2239
:10935000434F4D5F52454C41595F434F4E54494E28
:1093600055455F54494D45222C22526573756C74E6
:10937000223A226572726F72227D0000434F4D5F68
:109380005A4F4E455F534554555041524D000000D1
:1093900022736574757054797065223A000000007C
:1093A0002261726D5A6F6E654368616E223A0000E9
:1093B00022736574757054797065223A25640000D3
:1093C000A4450020001002402261726D5A6F6E6544
:1093D0004368616E223A2573000000007B22436FD0
:1093E0006D6D616E64223A22434F4D5F5A4F4E4578
:1093F0005F534554555041524D222C22526573758E
:109400006C74223A307D0000434F4D5F484F5354F7
:109410005F4341504142494C495449455300000083
:109420005CCC0108D4CC0108434F4D5F51554552E7
:10943000595F4445565F5354415455530000000052
:10944000264D002030208DF835008DF84A00FFE6CB
:10945000302031218DF86C008DF87D102878C00700
:1094600002D08DF88E10FDE030208DF88E00F9E0EE
:10947000287B4FF0DC02AA2811D0FA4901A8F6F7A0
:1094800045FFE87AC0075FD031218DF834108DF8A0
:109490004810287840074FD58DF8581050E0F14912
:1094A00001A8DC39F6F732FFE87AC00712D0312183
:1094B0008DF834108DF849102878400702D58DF8C2
:1094C0005A1003E05FF030008DF85A00687B38B125
:1094D000312006E030208DF834008DF84900F3E7A4
:1094E000302031218DF86C008DF87D102878C00770
:1094F00002D08DF88E1002E030208DF88E00287B8F
:10950000AA2809D030208DF835008DF84A008DF852
:109510005B008DF8A100A5E08DF835108DF8A11045
:109520008DF84A102878800702D58DF85B1099E0F5
:1095300030208DF85B0095E05FF030008DF858002A
:10954000687B38B1312006E030208DF834008DF88A
:109550004800F3E7302031218DF869008DF87A104A
:109560002878C00702D08DF88B1002E030208DF8EB
:109570008B0030208DF89E0074E0BBA101A8F6F7A7
:10958000E9FE80B1AFF2F81101A88994F6F7E2FE86
:1095900089AAAFF2E411F6F713FFDC2101A8F6F770
:1095A000CEFEB5A14AE0BFA101A8F6F7D3FEE8B30D
:1095B0008994C1A101A88E94F6F7CCFEC1A10090B8
:1095C000F6F7C8FE919089AAC2A10098F6F7F8FEB6
:1095D000012806D18EAAC3A19198F6F7F1FE0128C1
:1095E00005D0DC2101A8F6F7AAFEC2A126E08998E1
:1095F000E870A87085F809A08E980146401E0928D9
:1096000017D8A9768DF8294289988DF82A028DF805
:109610002B1206208DF82802C1488DF82C428DF8B7
:109620002D42FF2300228AA9006800E00AE0FDF72E
:10963000F3FADC2101A8F6F782FEBAA101A8F6F739
:10964000B6FE0FE0C2A101A8F6F784FE58B3C7A189
:1096500001A88994F6F77EFE89AAC8A1F6F7B0FEA4
:10966000012821D001A8FBF72FFA01A8F6F784FE04
:1096700080B28E90009039AB01AA1021C348FCF74C
:1096800014FCC34939A88E9AF7F74EFCC048F6F788
:1096900073FE80B2BE4900F077FEB482B078012834
:1096A00070D0C3E070E33DE08998831E302B33D83F
:1096B000B849097811B1012909D011E000EB400146
:1096C000C1EBC0124FF6FF7101EAC20107E0C0EB27
:1096D0004011C1EB00224FF6FF7101EA8201E982DD
:1096E00085F809A08DF829028DF82A428DF82B42C1
:1096F00006208DF828028A488DF82C428DF82D42DC
:10970000FF2300228AA90068FDF786FADC2101A860
:10971000F6F715FEA0A191E7DC2101A8F6F70FFEF0
:10972000ABA18BE7B8A101A8F6F714FE58B3B9A115
:1097300001A88994F6F70EFE89AAB9A1F6F740FEB2
:10974000012819D1899801281FD02C735FF055008A
:109750008DF829428DF82C028DF82A428DF82B4283
:1097600006208DF828026E488DF82D42FF23002236
:109770008AA90068FDF750FADC2101A8F6F7DFFDA1
:10978000AAA15BE729E003E0F1E2AA202873DFE762
:10979000B0A101A8F6F7DEFD28B1DC2101A8F6F79B
:1097A000CEFDB2A14AE7BCA101A8F6F7D3FD10B1E6
:1097B00086F8009072E7BEA101A8F6F7CBFD00285D
:1097C000F6D1C1A101A8F6F7C5FD0028F2D086F8B0
:1097D00002A05846FDF754F960E786F8029080220F
:1097E000BC496B48F6F792FD6949802000F0CCFD3A
:1097F0005846FDF745F98022B7496548F6F786FDDA
:109800006349802000F0C0FD5846FDF739F9582221
:10981000B2495F48F6F77AFD5D49582000F0B4FD83
:109820005846FDF72DF96420FDF72AF9F078401C21
:10983000C0B2F070FA2800D9F470B07800280ED0C9
:10984000F07A3073287800F00F00F072F1780A296E
:1098500004D93178022903D0012902D04DE1CDE1AC
:109860003EE142E1264D0020434F4D5F5A4F4E45A9
:109870005F454E41424C45007B22436F6D6D616EEA
:1098800064223A22434F4D5F5A4F4E455F454E4149
:10989000424C45222C22526573756C74223A307DFD
:1098A00000000000434F4D5F5A4F4E455F504152FC
:1098B000414D5F5345540000227A6F6E65566F6CC0
:1098C000223A0000227A6F6E6553656E7369223A00
:1098D00000000000227A6F6E65566F6C223A256494
:1098E00000000000227A6F6E6553656E7369223A3C
:1098F000256400007B22436F6D6D616E64223A2205
:10990000434F4D5F5A4F4E455F504152414D5F535B
:109910004554222C22526573756C74223A317D00B5
:109920003C4000207B22436F6D6D616E64223A22C1
:10993000434F4D5F5A4F4E455F504152414D5F532B
:109940004554222C22526573756C74223A307D0086
:10995000434F4D5F42555A5A45525F434F4E54490B
:109960004E55455F54494D45000000002262757A0E
:109970007A657254696D65223A0000002262757A38
:109980007A657254696D65223A256400A842002008
:1099900017500020424000207B22436F6D6D616EA6
:1099A00064223A22434F4D5F42555A5A45525F4313
:1099B0004F4E54494E55455F54494D45222C225235
:1099C0006573756C74223A226F6B227D0000000073
:1099D0007B22436F6D6D616E64223A22434F4D5F6F
:1099E00042555A5A45525F434F4E54494E55455F72
:1099F00054494D45222C22526573756C74223A22CB
:109A00006572726F72227D00434F4D5F494F5F5305
:109A10004554000022656E61626C65223A000000C8
:109A200022656E61626C65223A2564007B22436F79
:109A30006D6D616E64223A22434F4D5F494F5F5313
:109A40004554222C22526573756C74223A226F6B36
:109A5000227D0000434F4D5F434F4E544C455645C9
:109A6000525F414E5449434C494D42007B22436F63
:109A70006D6D616E64223A22434F4D5F5A4F4E45E1
:109A80005F454E41424C45222C22526573756C74E1
:109A9000223A317D00000000434F4D5F55504C4F3E
:109AA00041445F5A4F4E455F535441545553000053
:109AB000434F4D5F55504C4F41445F4445564943D9
:109AC000455F414C41524D00737461747573436F2F
:109AD00064650000CA4A0020CA4B002072BD01081C
:109AE0003470717849B140B106E0FF21317371786B
:109AF00009B1B0B100E018B17472317B81427DD000
:109B0000BE4986F800A0F47009780129717A0AD05C
:109B1000092973D2DFE801F0C2F972F78B72727211
:109B2000F6007172ECE7092968D2DFE801F0056AF6
:109B30006E7C808DA5B39700400713D56878C10768
:109B400002D08022AE4904E080070BD5AC498022C8
:109B50008039AC48F6F7DAFBAA49802000F014FC03
:109B600086F809A0F07A000713D56878C10602D5F7
:109B70008022A54904E080060BD5A34980228039C4
:109B8000A048F6F7C3FB9F49802000F0FDFB86F854
:109B90000990F07A80070AD580229C499948F6F707
:109BA000B5FB9849802000F0EFFB03207072F07A3B
:109BB000C0070AD0582296499248F6F7A7FB914968
:109BC000582000F0E1FB04207072F07AC0F34201EB
:109BD000072901D105217172C0F38101032901D147
:109BE000062171720A21814301D107217172C0F3EC
:109BF0004100032801D10820707200E0BBE07470BE
:109C0000B9E07F498022803182E07F498022803123
:109C10007C48F6F77BFB7B49802000F0B5FB747233
:109C200086F80190A7E07949802280317EE078496A
:109C3000582259317348F6F769FB7249582000F0F1
:109C4000A3FB747204207AE06D49802280316D4854
:109C5000F6F75CFB6B49802000F096FB6A49802296
:109C600080316848F6F752FB6649802000F08CFB93
:109C700066498022803171E06149802280316148EB
:109C8000F6F744FB5F49802000F07EFB5E498022AE
:109C9000803163E05A4980228031E2E7400713D5E2
:109CA0006878C10702D080225A4904E080070BD5AA
:109CB0005849802280395348F6F728FB51498020C3
:109CC00000F062FB86F809A0F07A80070AD58022AE
:109CD00051494C48F6F71AFB4A49802000F054FBE2
:109CE00003207072F07AC0070AD0582248494548CC
:109CF000F6F70CFB4349582000F046FB0420707235
:109D0000F07A74E71DE00EE0FFE7424980228031DF
:109D10003C48F6F7FBFA3B49802000F035FB7472B3
:109D200086F801A027E03C49802280313548F6F7CB
:109D3000EDFA3449802000F027FB74720320707024
:109D400019E03449802280312E48F6F7DFFA2D4998
:109D5000802000F019FB3049802280312948F6F735
:109D6000D5FA2849802000F00FFB747203E095F8C3
:109D7000260000F057F898F80010012904D188F85F
:109D80000090B4823472B472708A88B3401C80B27E
:109D9000708264282CD9A6F812A055208DF83802BC
:109DA000AA208DF83902C2208DF83A021B490A20F8
:109DB0008DF83B0208798DF83C0288798DF83D02D8
:109DC00049798DF83E128DF83F0208218EA8F7F7E9
:109DD00011FC000A8DF8400208218EA8F7F70AFC52
:109DE0008DF841025B460A228EA90D48F9F772FFF1
:109DF0000A20FCF745FEFFF75DB800004240002056
:109E00004BBE010817500020CBBF0108CBC0010892
:109E100019BD01084A4A00204A4B0020A4450020F1
:109E2000044E00202DE9F04FCFB08246FB4EFC21BE
:109E300010A8F6F784FAFA4C5727DFF8E893A27ACD
:109E4000C0200E2100254FF0AB0806F5B37B172A82
:109E500067D2DFE802F00CFBFAF9F8F7666666668F
:109E600066666666666656697A9CBEDDFC004FF4DF
:109E7000FA60FCF705FE55208DF80400AA208DF845
:109E800005005A208DF80600E448FF23032201A9AB
:109E90004038F9F71FFF6420FCF7F2FDE571A520BB
:109EA0008DF80400DD48FF23012201A94038F9F7AD
:109EB00011FF6420FCF7E4FDE07920B1E571A07AA0
:109EC000401CA07215E0607B401CC0B26073052886
:109ED0000FD96573E5718DF804708DF805805E20EB
:109EE0008DF80600CD48FF23032201A94038F9F779
:109EF000F1FE99F80000022801D11020A072322052
:109F0000C0E08DF804708DF8058011268DF806608C
:109F10008DF807008DF808508DF80950402022E098
:109F200065734FB0BDE8F08F1226FF208DF80470E6
:109F30008DF805808DF808008DF806608DF8090011
:109F40008DF807008DF80A500FE08DF804708DF839
:109F5000058013268DF806608DF807008DF80850EF
:109F60008DF8095001208DF80A00AC48FF23072224
:109F700001A94038F9F7AEFE3220FCF781FDE07907
:109F800000287DD0E57189F80050A672C8E78DF8E9
:109F900004708DF8058015218DF806108DF80700E6
:109FA0008DF808508DF80950C9208DF80A009B489B
:109FB000FF23072201A94038F9F78CFE3220FCF775
:109FC0005FFDE0790028DCD0E57189F800501420AD
:109FD00003E18DF804708DF8058016208DF80600D9
:109FE00041208DF807009C208DF808008B48FF2346
:109FF000052201A94038F9F76DFE3220FCF740FD3B
:10A00000E0790028BDD0E57189F800501520E4E022
:10A010008DF804708DF805800D208DF806007F48BE
:10A02000FF23032201A94038F9F754FE3220FCF740
:10A0300027FDE0790028A4D0E57189F800501620AA
:10A04000CBE004E0F7E0D2E0C9E046E01DE08DF8A7
:10A0500004708DF8058071488DF80610FF230322E7
:10A0600001A94038F9F736FE3220FCF709FDE07906
:10A07000002886D0E57189F80050A572657300E06C
:10A08000B4E06420FCF7FCFC4BE78DF804708DF81D
:10A09000058061208DF806006048E5717580FF231A
:10A0A000032201A94038F9F715FE6420FCF7E8FC0B
:10A0B00012215D48F6F743F9E07928B1E5715A4974
:10A0C000701DFAF771F986E0607B401CC0B26073C6
:10A0D000A5720528D8D9A57222E78DF804708DF8ED
:10A0E000058081208DF806004C487580FF230322EF
:10A0F00001A94038F9F7EEFD6420FCF7C1FCE079D6
:10A10000002873D0E571707900220009FAF7ACFCE1
:10A110008BF812007079594600F00F00FAF7A4FC92
:10A12000C874B0790009FAF79FFC0875B07900F09F
:10A130000F00FAF799FC4875F0790009FAF794FCDA
:10A140008875F07900F00F00FAF78EFCC875307A48
:10A150000009FAF789FC0876307A00F00F00FAF768
:10A1600083FC4876707A0009FAF77EFC8876707A6C
:10A1700000F00F00FAF778FCC876B07A0009FAF719
:10A1800073FC0877B07A00F00F00FAF76DFC48779F
:10A19000002003233A26571CB7FBF3FC03FB1C7C6F
:10A1A000BCF1000F08D001EB000C0A449CF812C06F
:10A1B00082F81FC0FAB20AE00A44D677FAB20F1842
:10A1C00001EB020CBF7C521C8CF81F70D2B2401CF9
:10A1D000C0B20C28DFD3A07A401CA072A0E68DF894
:10A1E00004708DF805808DF8061008E01EE08DF8EB
:10A1F00004708DF805805E208DF80600E571074833
:10A20000FF23032201A94038F9F764FD6420FCF71D
:10A2100037FCE07950B1E571DDE70000444E0020E5
:10A22000844200206E400020AA4F0020607B401C2A
:10A23000C0B260734DE7F0212F48F6F780F82F4940
:10A240002D48F6F7B4F82C4A002059460B1815187B
:10A25000401C9B7CC0B285F83A300C28F6D3284DC0
:10A2600000200A182B18401CD27FC0B25A72112845
:10A27000F7D30A20BAFBF0F1BAFBF0F201F00F01BC
:10A2800000FB12A0303185F84D10303085F84E00BB
:10A290001320F6F712FDAA282BD0302085F8620093
:10A2A0001848F6F769F882B2E28216491248F6F7C2
:10A2B0006AF8782212491048F6F765F80E48FAF75E
:10A2C00003FC0D48F6F758F880B2E08200900C4885
:10A2D00010AB094A10211038FBF7E7FD0649E28A66
:10A2E000FA3110A8F6F720FE00F00EF801202072D7
:10A2F00017E63120D2E7000090470020CBC10108CB
:10A30000B8420020AA4F002070B51C48F6F734F878
:10A3100085B229461948F7F76DF906463C221849D7
:10A320001848F5F7F3FF174B0024A3F64B0001196B
:10A330001A19641C91F83210E4B21171142CF6D37E
:10A34000002003F8340F0F495870280A9870DD7008
:10A35000302018715871300A9871DE71FF233C2249
:10A36000A1F2D710F9F7B6FC2A46BDE870400349C0
:10A37000FF2301F27A50F9F7ADBC00008A480020B3
:10A38000DCBC0108DB4F002070B50E4605463C22C0
:10A3900016491748F5F7BAFF154C0020A4F64B01F3
:10A3A0000A182318401C92F83220C0B21A711428DF
:10A3B000F6D329463046F7F71DF9002104F8341F7B
:10A3C000FF236170290AA170E570010AA171084993
:10A3D000E0713C22A1F2D710F9F77CFC2A46314605
:10A3E000BDE87040FF230348F9F774BCDCBC0108EA
:10A3F000DB4F0020044E00200EB50022092105206D
:10A40000FCF7D0FB504E6D46306000231A4669467B
:10A410003068FCF787FB002824D19DF8000008284D
:10A4200020D2DFE800F08D042034404F58894F20BF
:10A43000F6F743FC074600242819417804EBC700CF
:10A44000503080B2F6F797FC1420FCF719FB641C1F
:10A45000082CF1DB7F1CF9B2642900D100214F20C8
:10A46000F6F75FFC6CE09DF801101020F6F783FC16
:10A470001420FCF705FB9DF802101120F6F77BFC79
:10A480001420FCF7FDFA9DF8031012201DE09DF842
:10A4900001102020F6F76FFC1420FCF7F1FA9DF86C
:10A4A0000210212011E000242819417804F1300025
:10A4B000F6F761FC1420FCF7E3FA641CE4B2052C07
:10A4C000F2D33DE09DF801100120F6F754FC142072
:10A4D000FCF7D6FA34E09DF8011029B11420F6F704
:10A4E0004AFC1420FCF7CCFA9DF8021069B1112047
:10A4F000F6F741FC1420FCF7C3FA9DF80210122075
:10A50000F6F739FC1420FCF7BBFA9DF8031029B1CB
:10A510001620F6F730FC1420FCF7B2FA9DF8041070
:10A5200029B11320F6F727FC1420FCF7A9FA9DF8AF
:10A53000051029B11520C8E79DF801101720C4E7C0
:10A540000A20FCF79DFA60E73C4000201CB5374824
:10A550000168374A914207D1502080F31188BFF338
:10A560004F8FBFF36F8FFEE700683149491E884265
:10A5700007D1502080F31188BFF34F8FBFF36F8F47
:10A58000FEE72C4908780190FF20087008788DF8C4
:10A5900000009DF800009DF8002000F0F0009042BF
:10A5A00007D0502080F31188BFF34F8FBFF36F8F18
:10A5B000FEE79DF80000204B00F0500018700720C7
:10A5C000986005E09DF8002052008DF80020401EA4
:10A5D0009DF800201206F5D49860032807D050207B
:10A5E00080F31188BFF34F8FBFF36F8FFEE74FF4F7
:10A5F00040709860019808700C482030016841F460
:10A6000070010160016841F070410160FDF700FADE
:10A6100000205860F5F7E8FD0848016841F0404126
:10A620000160F5F7CDFD00201CBD000000ED00E04D
:10A6300071C20F4100E400E04444002034EF00E028
:10A64000F8B517460E46050014D0DEB105FB06F03E
:10A650005030FCF73FFF04000AD0002084F8460089
:10A6600004F150023B46314628460094FCF7E4FCD6
:10A670002046F8BD502080F31188BFF34F8FBFF301
:10A680006F8FFEE70020E3E738B5049D18B153B1A2
:10A69000CAB181B120E0502080F31188BFF34F8F01
:10A6A000BFF36F8FFEE7502080F31188BFF34F8F09
:10A6B000BFF36F8FFEE7502080F31188BFF34F8FF9
:10A6C000BFF36F8FFEE739B1502080F31188BFF3DD
:10A6D0004F8FBFF36F8FFEE750241C46012384F891
:10A6E00046302B460094FCF7A7FC204638BD0000FE
:10A6F00070B50D46040025D0FDF728F9D4E90F20E8
:10A70000216802FB0011A1600021A1632168616042
:10A710000A46D4E90F01401E00FB0121E1602146F9
:10A720004FF0FF3001F8440F487004F110008DB174
:10A73000FDF7DAF804F12400FDF7D6F8FDF726F965
:10A74000012070BD502080F31188BFF34F8FBFF3FD
:10A750006F8FFEE721690029F0D000F063FE00282A
:10A76000ECD004494FF080500860BFF34F8FBFF327
:10A770006F8FE3E704ED00E02DE9FF4782B01D464F
:10A780008A464FF00008040003D0BAF1000F08D049
:10A7900011E0502080F31188BFF34F8FBFF36F8F0C
:10A7A000FEE7206C38B1502080F31188BFF34F8F43
:10A7B000BFF36F8FFEE7022D0AD1E06B012807D0AF
:10A7C000502080F31188BFF34F8FBFF36F8FFEE7E8
:10A7D00000F070FD3F4F4FF000094FF0805648B930
:10A7E000049838B1502080F31188BFF34F8FBFF326
:10A7F0006F8FFEE7FDF7AAF8A06BE16B884207D3E5
:10A80000022D05D00498D0B1B8F1000F1AD01EE087
:10A810002A4651462046FCF768FB616A19B104F1EB
:10A82000240000F0FFFD20B13E60BFF34F8FBFF367
:10A830006F8FFDF7ABF8012006B0BDE8F087FDF79C
:10A84000A5F822E06846FDF77BF94FF00108FDF717
:10A850009DF8FDF7FBF9FDF779F894F94400401CE9
:10A8600001D184F8449094F94500401C01D184F84A
:10A870004590FDF78BF804A9684600F089FC30B1DB
:10A880002046FCF7F1FD00F005FE0020D4E7FDF7BF
:10A890005DF8A06BE16B884213D1FDF777F804F106
:10A8A00010000499FDF75AF92046FCF7DDFD00F091
:10A8B000F1FD00289ED13E60BFF34F8FBFF36F8F35
:10A8C00098E7FDF763F82046FCF7CEFD00F0E2FDC7
:10A8D00090E7000004ED00E02DE9F0471F469046A8
:10A8E0008946040003D0B9F1000F08D011E05020D0
:10A8F00080F31188BFF34F8FBFF36F8FFEE7206C9B
:10A9000038B1502080F31188BFF34F8FBFF36F8FA2
:10A91000FEE7022F0AD1E06B012807D0502080F318
:10A920001188BFF34F8FBFF36F8FFEE7FDF782F8FB
:10A930005020EFF3118680F31188BFF34F8FBFF3E0
:10A940006F8FA06BE16B884206D3022F04D00020EA
:10A9500086F31188BDE8F08794F945503A46494698
:10A960002046FCF7C2FA681C04D06D1C84F84550E0
:10A970000120EDE7606A0028FAD004F1240000F01D
:10A9800051FD0028F4D0B8F1000FF1D00121C8F832
:10A990000010EDE72DE9F747002683B08A46040052
:10A9A00003D0BAF1000F08D011E0502080F31188D5
:10A9B000BFF34F8FBFF36F8FFEE7206C38B150208D
:10A9C00080F31188BFF34F8FBFF36F8FFEE700F066
:10A9D00071FCDFF8F4804FF000094FF0805748B960
:10A9E000059838B1502080F31188BFF34F8FBFF323
:10A9F0006F8FFEE7FCF7AAFFA56BC5B15146204655
:10AA0000FCF760FA6D1EA563206950B104F11000D7
:10AA100000F008FD28B1C8F80070BFF34F8FBFF3F6
:10AA20006F8FFCF7B3FF012006B0BDE8F0870598F3
:10AA300008B11EB106E0FCF7A9FF27E06846FDF764
:10AA40007FF80126FCF7A2FFFDF700F9FCF77EFF77
:10AA500094F94400401C01D184F8449094F94500D5
:10AA6000401C01D184F84590FCF790FF05A9684689
:10AA700000F08EFB002820460AD0FCF7F5FC00F021
:10AA800009FD2046FCF784FB0028B3D00020CBE76B
:10AA9000FCF77EFB90B104F124000599FDF75EF808
:10AAA0002046FCF7E1FC00F0F5FC0028A2D1C8F834
:10AAB0000070BFF34F8FBFF36F8F9BE72046FCF70B
:10AAC000D3FC00F0E7FC95E704ED00E02DE9F0474A
:10AAD00090468946040003D0B9F1000F08D011E078
:10AAE000502080F31188BFF34F8FBFF36F8FFEE7C5
:10AAF000206C38B1502080F31188BFF34F8FBFF323
:10AB00006F8FFEE7FCF796FF5020EFF3118680F37E
:10AB10001188BFF34F8FBFF36F8FA76BF7B194F915
:10AB2000445049462046FCF7CDF97F1EA763681CB8
:10AB300004D06D1C84F84450012010E020690028E6
:10AB4000FAD004F1100000F06DFC0028F4D0B8F148
:10AB5000000FF1D00121C8F80010EDE7002086F3C6
:10AB60001188BDE8F0870000002786B03A4605212D
:10AB70000220FCF717F8DFF80C8400224446C8F8DE
:10AB8000140007210220FCF70DF8A0610026042222
:10AB9000FD49FE48F7F78EF9FB4904221031FC48C5
:10ABA000F7F788F9F84D41F2941BB03505F10A002A
:10ABB00005F13C04059004F10A004FF47A7AB1469D
:10ABC00004907F1CBFB241F28830874200D95F46B3
:10ABD00000231A4602A9D8F81400FBF7A3FFE0BB34
:10ABE0009DF80820D0071AD0012129709DF80B008C
:10ABF000E84BA8711B5CAB80E64BA43333F81030F4
:10AC0000AB86E44BE8714C33185C2872687808B95D
:10AC10004FF4FA676970012688F8001006E085F89D
:10AC2000009085F8079085F80890012690071CD5BC
:10AC3000012121709DF80C00D64AD64BA071125C00
:10AC4000A433A28033F81030A386D24BE0714C338A
:10AC5000185C2072607818B900E018E04FF4FA67C9
:10AC6000617088F80110AA8005E084F8079084F8E4
:10AC7000089084F800909DF8090085F8360084F863
:10AC800036009DF80A0085F8370084F837006878A8
:10AC900010B9617800297DD06988012915D0AA886A
:10ACA00091421CD118B10220687685F8189060781E
:10ACB00018B184F818900220607600224FF40061E9
:10ACC000B548F7F7F3FC012214E008B101206876DB
:10ACD000607808B1012060760122D1020CE00A32CE
:10ACE00091420DD108B104206876607808B1042043
:10ACF000607600224FF48051A748F7F7D7FCC6E1F1
:10AD00005145FCD15F45FAD300287DD0F5F7ECFA28
:10AD1000062190FBF1F201FB120010F0FF0041460A
:10AD200088F804000AD001280AD002280BD0032892
:10AD30000CD0042802D005280BD00DE0A8790AE039
:10AD4000A879401C07E0A879801C04E0A879401E7F
:10AD500001E0A879801EE8718E48AA794C30805CA9
:10AD60002872287818B985F8079085F808906889BE
:10AD7000C0086881A889C008A881E889C008E8815E
:10AD8000288AC0082882087878B3401CC0B20870AE
:10AD9000022800E098E105D0032803D0042824D13C
:10ADA00088F800900598F6F703F8774AA9792032D9
:10ADB000525C801AA8860E290DD80598F5F7F8FF81
:10ADC000B8F80A10884206D90598F5F7F1FFB8F8E7
:10ADD0000610401AA8866B4869891C300180A98931
:10ADE0004180E9898180298AC180F6F737FCA8B3C0
:10ADF000F6F716FCD0B195F83000401CC1B285F8CA
:10AE0000301095F8360000E05AE081424ED301211F
:10AE100085F83810022185F8391085F83000522065
:10AE2000287246F0010685F807903FE095F831005A
:10AE3000401CC0B285F8310095F83610884235D3F1
:10AE4000012085F8380085F8390085F8311085F83B
:10AE5000089085F8079046F0020627E0FFE795F88E
:10AE60003700AA2802D1F6F717FCF8B995F8380090
:10AE7000012802D1812085F83800000610D595F808
:10AE80003300401CC0B285F8330002280AD385F88D
:10AE9000339085F8389085F8399046F0040601E043
:10AEA00046F0080685F8309085F83190A5F81090A6
:10AEB000A5F80E90A5F80C90A5F80A90C5F8149086
:10AEC000607800286AD0F5F70FFA062190FBF1F2BE
:10AED00001FB120010F0FF00414688F804000AD080
:10AEE00001280AD002280BD003280CD0042802D055
:10AEF00005280BD00DE0A0790AE0A079401C07E0FE
:10AF0000A079801C04E0A079401E01E0A079801E99
:10AF1000E0712048A2794C30805C2072207818B90A
:10AF200084F8079084F808906089C0086081A0893F
:10AF3000C008A081E089C008E081208AC008208282
:10AF40004878F0B1401CC0B24870022805D00328F0
:10AF500003D0042832D188F801900498F5F728FF2F
:10AF6000094AA1796732525C801AA0860E291CD842
:10AF70000498F5F71DFFB8F80C10884215D904980D
:10AF80000DE01BE0404000202046002054440020FB
:10AF90009C440020F8B601080010024077E0F5F765
:10AFA00007FFB8F80810401AA08677486189018029
:10AFB000A1894180E1898180218AC180F6F7AEFBB9
:10AFC00098B3F6F78DFBC0B194F83000401CC1B2C5
:10AFD00084F8301094F8360081424ED3012184F871
:10AFE0003810022184F8391084F830005220207281
:10AFF00084F8079046F010063FE094F83100401CBA
:10B00000C1B284F8311094F83600814235D3012161
:10B0100084F8381084F8391084F8310084F80890E6
:10B0200084F8079046F0200627E0FFE794F8370001
:10B03000AA2802D1F6F790FBF8B994F83800012855
:10B0400002D1812084F83800000610D594F833002E
:10B05000401CC0B284F8330002280AD384F833902D
:10B0600084F8389084F8399046F0400601E046F0C4
:10B07000800684F8309084F83190A4F81090A4F8F9
:10B080000E90A4F80C90A4F80A90C4F81490688864
:10B09000401C80B2688050452FD9012068806878B4
:10B0A00038B1287828B985F8019085F8389085F866
:10B0B0003990607808B32078F8B984F8019084F862
:10B0C000389084F8399018E001206880C10200228D
:10B0D0002E48F7F7EBFA00224FF480512B48F7F790
:10B0E000E5FA687818B185F8079085F808906078D7
:10B0F00018B184F8079084F80890F6B198F8021017
:10B10000012969781DD08DF8001095F838108DF858
:10B11000011095F8391001F00F018DF80210E9794E
:10B120008DF80310297A8DF8051000231A46694618
:10B13000D8F81800FBF770FD00260120FBF7A0FCF3
:10B140003FE5627841EA42018DF8001095F8381029
:10B1500094F8382041EA42018DF8011094F8391032
:10B1600095F8392061F31F128DF80220E9798DF8E6
:10B170000310E1798DF80410297A8DF80510217AF1
:10B180008DF80610D1E70000644000200010024056
:10B190002DE9F0410C46050011D0C4B1FCF7D6FBF7
:10B1A000174B5A696E682068911B471C17D02F688F
:10B1B0009B6A9F4219D0964217D8012410E0502074
:10B1C00080F31188BFF34F8FBFF36F8FFEE75020DE
:10B1D00080F31188BFF34F8FBFF36F8FFEE700241A
:10B1E000FCF7D4FB2046BDE8F081884205D9401A1F
:10B1F00020602846FCF7A4FCF1E700202060DCE793
:10B20000D84300202DE9FF5F8346DDE90E8799468C
:10B2100016468A469000FCF75DF905001CD05C20BC
:10B22000FCF758F9040014D00020256384F8590075
:10B23000CDE90240CDE900874B463246514658469B
:10B24000FBF70CFF2046FBF7A9FD012004B0BDE889
:10B25000F09F2846FCF7AEFB4FF0FF30F6E7F0B565
:10B2600085B0DDE90B640A9DA6B1DCB15C270097CF
:10B270002663022684F85960002604AFCDE9024611
:10B28000CDE90057FBF7EAFE2046FBF787FD04985F
:10B2900005B0F0BD502080F31188BFF34F8FBFF38E
:10B2A0006F8FFEE7502080F31188BFF34F8FBFF3FD
:10B2B0006F8FFEE70548C16919B1806B18B1002096
:10B2C000704701207047022070470000D8430020DB
:10B2D0000148406970470000D84300202DE9F04143
:10B2E0002E4C0027A06B40B1206A401C2062606A8F
:10B2F00000B101273846BDE8F0816669761C6661B9
:10B3000013D16068006838B1502080F31188BFF312
:10B310004F8FBFF36F8FFEE76068A1686160A06028
:10B32000A06A401CA062FCF71FF8206BDFF8708059
:10B33000864209D36068006880B16068C068C568EB
:10B34000686886420DD220632068C06A00EB8001E5
:10B3500058F821000128CAD90127C8E74FF0FF306B
:10B36000F1E7281DFCF794F9A86A18B105F1180057
:10B37000FCF78EF9E86AA169884200D9A06100EB68
:10B38000800108EB8100291DFCF7D4FAE86A2168E6
:10B39000C96A8842CED30127CCE70000D8430020F9
:10B3A000B053002070B504004FF0000133D01B4DA6
:10B3B0002868844207D0502080F31188BFF34F8F54
:10B3C000BFF36F8FFEE7206D38B1401E2065E36C40
:10B3D000E26A9A421FD040B11DE0502080F31188EC
:10B3E000BFF34F8FBFF36F8FFEE7201DFCF750F9BF
:10B3F000E06CE062C0F13800A061E06AA9698842AF
:10B4000000D9A861064900EB800001EB8000211DF6
:10B41000FCF790FA0121084670BD0000D8430020D7
:10B42000B053002070B5C068C46854B104F118006E
:10B430000646FCF72DF9144DA86B50B13146134860
:10B4400015E0502080F31188BFF34F8FBFF36F8F4B
:10B45000FEE7201DFCF71CF9E06AA969884200D9C3
:10B46000A8610B4900EB800001EB8000211DFCF777
:10B4700061FAE06A2968C96A884202D901206862D3
:10B4800070BD002070BD0000D84300203858002057
:10B49000B05300202DE9F0472C4D00242746A86B1F
:10B4A00038B1FCF753FAA86B401EA863A86B40B1F3
:10B4B00046E0502080F31188BFF34F8FBFF36F8FAA
:10B4C000FEE72969224E0120D1B3A6F59169804695
:10B4D0003068E0B1F068C46804F11800FCF7D8F8EF
:10B4E000201DFCF7D5F8E06AA969884200D9A86157
:10B4F00000EB800109EB8100211DFCF71BFAE06ADB
:10B500002968C96A8842E3D3C5F82480E0E70CB112
:10B51000FBF72AFF2C6A4CB14FEA0806FFF7DEFE64
:10B5200000B16E62641EF9D100202862686A38B1E9
:10B530000849012738070860BFF34F8FBFF36F8FAB
:10B54000FCF724FA3846BDE8F0870000D843002015
:10B550003858002004ED00E010B586B0FBF786FCFB
:10B56000114CA068B8B100200390049005AA04A96A
:10B5700003A8FCF7ABF8DDE9032102208DE8070002
:10B5800000230AA10B48059AFFF769FEE06010B19D
:10B5900006B0012010BD502080F31188BFF34F8FFB
:10B5A000BFF36F8FFEE7000014440020546D72203B
:10B5B00053766300457401082DE9FF411E4613468A
:10B5C00002000A9D4FF0000016D0144CA768002F0F
:10B5D0000FD0CDE900130292062917DAFFF76AFEB1
:10B5E00002284FF000030FD000226946A068FFF741
:10B5F000C3F804B0BDE8F081502080F31188BFF398
:10B600004F8FBFF36F8FFEE72A46EEE700233246E7
:10B6100069463846FFF760F9EBE700001444002064
:10B6200088C60108000000000000000000000000C3
:10B6300000000000000200001800000000000000F0
:10B6400000000000A0C6010800000000000000008B
:10B650000000000000000000000400001D000000C9
:10B6600000000000000000007CC60108000000008F
:10B6700000000000000000000000000000200000AA
:10B680001C0000000000000000000000ACC6010823
:10B6900000000000000000000000000000000000AA
:10B6A000000200001A00000000000000000000007E
:10B6B00094C6010800000000000000000000000027
:10B6C000000000000002000019000000000000005F
:10B6D00000000000B8C601080000000000000000E3
:10B6E0000000000000000000000800002000000032
:10B6F0000000000000000000000505050505050527
:10B70000051414141414141D1E2021232426272983
:10B710002A2C2D2F303233353638393B3C3E3F41D1
:10B7200042444647494B4E505356595C5E606264F2
:10B7300066686A6C6E7072747678787878787878E3
:10B740007878787800060708090A0B0C0D0E0F10A0
:10B750001112131415161718191A1B1C1D1E1F2061
:10B760002122232425262728292A2B2C2D2E2F3051
:10B7700031323334353637383C3D3E3F4041424329
:10B780004445464748494A4B4C4D4E4F5051525301
:10B790005455565758595A5B5C5D5E5F00000F0068
:10B7A0000F000F0014001900190019001E00780086
:10B7B0007D00820087008C0091009600A000AA0006
:10B7C000B400BE00C800E600FA0004010E012C011E
:10B7D000310136013B0140014A0154015E01630120
:10B7E0006801720177017C0181018601900190015D
:10B7F00090019001900190019001900190019001C1
:10B800009001B301B301B301B301B301B301B301BB
:10B81000B301B301B301B301B301BD01BD01BD016A
:10B82000BD01BD01BD01BD01BD01BD01BD01BD0128
:10B83000BD01BD01BD01BD01BD01BD01BD01000FC7
:10B840000F0F1419191982DCDCDCDCDCDCB3B3B3B8
:10B85000B4B4B4B4B4A6A6A6A6A697979797978DA6
:10B860008D8D8D8D919191919167676767676E6EF0
:10B870006E6E6E6B6B6B6B6B686868686874747403
:10B880007474747474000F0F0F1419191978D0D0D0
:10B89000D0D0D0D0B3B3B3B4B4B4B4B4A6A6A6A633
:10B8A000A697979797978D8D8D8D8D919191919169
:10B8B00096969696967D7D7D7D7D73737373736F7B
:10B8C0006F6F6F6F7474747474747474000F0F0FEF
:10B8D0001419191982DCDCDCDCDCDCB3B3B3B4B4DE
:10B8E000B4B4B4A6A6A6A6A697979797978D8D8D64
:10B8F0008D8D919191919167676767676E6E6E6E9E
:10B900006E6B6B6B6B6B6868686868747474747466
:10B91000747474000F0F0F1419191978D0D0D0D087
:10B92000D0D0B3B3B3B4B4B4B4B4A6A6A6A6A69705
:10B93000979797978D8D8D8D8D91919191919696E9
:10B940009696967D7D7D7D7D73737373736F6F6F38
:10B950006F6F7474747474747474000F0F0F14190F
:10B96000191982DCDCDCDCDCDCB3B3B3B4B4B4B412
:10B97000B4A6A6A6A6A697979797978D8D8D8D8D21
:10B98000919191919167676767676E6E6E6E6E6B4E
:10B990006B6B6B6B686868686874747474747474C7
:10B9A00074000F0F0F1419191978D0D0D0D0D0D03F
:10B9B000B3B3B3B4B4B4B4B4A6A6A6A6A6979797E7
:10B9C00097978D8D8D8D8D9191919191969696965B
:10B9D000967D7D7D7D7D73737373736F6F6F6F6FF6
:10B9E0007474747474747474000F0F0F141919192B
:10B9F00082DCDCDCDCDCDCB3B3B3B4B4B4B4B4A65A
:10BA0000A6A6A6A697979797978D8D8D8D8D9191C8
:10BA100091919167676767676E6E6E6E6E6B6B6B09
:10BA20006B6B686868686874747474747474740098
:10BA30000F0F0F1419191978D0D0D0D0D0D0B3B3BC
:10BA4000B3B4B4B4B4B4A6A6A6A6A697979797978E
:10BA50008D8D8D8D8D919191919196969696967DE5
:10BA60007D7D7D7D73737373736F6F6F6F6F747490
:10BA7000747474747474FD0DDB9F2FB7F78DFFBF62
:10BA8000FB0BBD9F4FDEFE1BFFDFF303B59747D6D1
:10BA9000F613F7D7000000010000000200000004C8
:10BAA000000000080000001000000020000000401E
:10BAB000000000800000001B0000003602030101AE
:10BAC0000102030101010203030101020E0B0D0932
:10BAD000090E0B0D0D090E0B0B0D090E00002110A8
:10BAE000422063308440A550C660E77008812991E8
:10BAF0004AA16BB18CC1ADD1CEE1EFF13112100290
:10BB000073325222B5529442F772D6623993188337
:10BB10007BB35AA3BDD39CC3FFF3DEE3622443345B
:10BB200020040114E664C774A44485546AA54BB587
:10BB300028850995EEE5CFF5ACC58DD5533672262F
:10BB400011163006D776F6669556B4465BB77AA7D7
:10BB500019973887DFF7FEE79DD7BCC7C448E5587B
:10BB60008668A7784008611802282338CCC9EDD927
:10BB70008EE9AFF9488969990AA92BB9F55AD44ACF
:10BB8000B77A966A711A500A333A122AFDDBDCCB77
:10BB9000BFFB9EEB799B588B3BBB1AABA66C877C9B
:10BBA000E44CC55C222C033C600C411CAEED8FFDC7
:10BBB000ECCDCDDD2AAD0BBD688D499D977EB66E6F
:10BBC000D55EF44E133E322E511E700E9FFFBEEF17
:10BBD000DDDFFCCF1BBF3AAF599F788F8891A981D9
:10BBE000CAB1EBA10CD12DC14EF16FE18010A100C3
:10BBF000C230E3200450254046706760B9839893B3
:10BC0000FBA3DAB33DC31CD37FE35EF3B102901212
:10BC1000F322D2323542145277625672EAB5CBA57E
:10BC2000A89589856EF54FE52CD50DC5E234C32462
:10BC3000A01481046674476424540544DBA7FAB752
:10BC40009987B8975FE77EF71DC73CD7D326F236B2
:10BC50009106B01657667676154634564CD96DC99E
:10BC60000EF92FE9C899E9898AB9ABA94458654802
:10BC700006782768C018E1088238A3287DCB5CDBF2
:10BC80003FEB1EFBF98BD89BBBAB9ABB754A545A52
:10BC9000376A167AF10AD01AB32A923A2EFD0FEDBE
:10BCA0006CDD4DCDAABD8BADE89DC98D267C076CA2
:10BCB000645C454CA23C832CE01CC10C1FEF3EFF92
:10BCC0005DCF7CDF9BAFBABFD98FF89F176E367EF2
:10BCD000554E745E932EB23ED10EF01E484B30315D
:10BCE0003030303030303030303030303030303054
:10BCF0003030303030303030303030303030303044
:10BD0000303030303030303030303030313131312F
:10BD1000303030303030303000777A4353624E6FFD
:10BD2000396E4367656B4B33704834664B487A4FC6
:10BD30004445344D664B4F44354B4E51533161654C
:10BD4000695972727365544A4D5974792F6F4B4219
:10BD50004D44774A7556526B364A676E3731757562
:10BD6000773570644674635A595156507669673D09
:10BD70003D00777A4353624E6F396E4367656B4B74
:10BD800033704834664B487A4F4445344D664B4FC8
:10BD900044354B4E51533161656959727273655424
:10BDA0004A4D5974792F6F4B424D44774A7556521C
:10BDB0006B3643524E5548784C303362556A6B2F80
:10BDC0004B34657738556D513D3D00777A4353626A
:10BDD0004E6F396E4367656B4B33704834664B4822
:10BDE000374C514B6D353674362B4355654C4A6490
:10BDF000496B64397968584F7A516F3046396D39DB
:10BE00004C6E646F6644316E4B39396338745250EE
:10BE100044694476314733563275363366714B4C3C
:10BE20004E354133377A646D3441465A517448591E
:10BE3000465A5341416D42774C4269614D5A3166D1
:10BE4000476B3355334B4A7438684B777A435362A8
:10BE50004E6F396E4367656B4B33704834664B48A1
:10BE6000374C514B6D353674362B4355654C4A640F
:10BE7000496B64397968584F7A516F3046396D395A
:10BE80004C6E646F6644316E4B393963387452506E
:10BE900044694476314733563275363366714B4CBC
:10BEA000484275306159774734316D6356644B733E
:10BEB00063565073483642774C4269614D5A316639
:10BEC000476B3355334B4A7438684B777A43536228
:10BED0004E6F396E4367656B4B33704834664B4821
:10BEE000374C514B6D353674362B4355654C4A648F
:10BEF000496B64397968584F7A516F3046396D39DA
:10BF00004C6E646F6644316E4B39396338745250ED
:10BF100044694476314733563275363366714B4C3B
:10BF20004E5731422B38742F376874323464765749
:10BF300057304770464742774C4269614D5A3166E7
:10BF4000476B3355334B4A7438684B777A435362A7
:10BF50004E6F396E4367656B4B33704834664B48A0
:10BF6000374C514B6D353674362B4355654C4A640E
:10BF7000496B64397968584F7A516F3046396D3959
:10BF80004C6E646F6644316E4B393963387452506D
:10BF900044694476314733563275363366714B4CBB
:10BFA0004E354133377A646D3441465A517448599D
:10BFB000465A5341416D3035616C4263722B516575
:10BFC0002B4235354D4C6261665A74777A43536221
:10BFD0004E6F396E4367656B4B33704834664B4820
:10BFE000374C514B6D353674362B4355654C4A648E
:10BFF000496B64397968584F7A516F3046396D39D9
:10C000004C6E646F6644316E4B39396338745250EC
:10C0100044694476314733563275363366714B4C3A
:10C02000484275306159774734316D6356644B73BC
:10C030006356507348363035616C4263722B5165DC
:10C040002B4235354D4C6261665A74777A435362A0
:10C050004E6F396E4367656B4B33704834664B489F
:10C06000374C514B6D353674362B4355654C4A640D
:10C07000496B64397968584F7A516F3046396D3958
:10C080004C6E646F6644316E4B393963387452506C
:10C0900044694476314733563275363366714B4CBA
:10C0A0004E5731422B38742F3768743234647657C8
:10C0B0005730477046473035616C4263722B51658B
:10C0C0002B4235354D4C6261665A74777A43536220
:10C0D0004E6F396E4367656B4B33704834664B481F
:10C0E000374C514B6D353674362B4355654C4A648D
:10C0F000496B64397968584F7A516F3046396D39D8
:10C100004C6E646F6644316E4B39396338745250EB
:10C1100044694476314733563275363366714B4C39
:10C120004E354133377A646D3441465A517448591B
:10C13000465A5341416E536C686D4F5162336B5692
:10C14000524A694773585634366C2B777A43536298
:10C150004E6F396E4367656B4B33704834664B489E
:10C16000374C514B6D353674362B4355654C4A640C
:10C17000496B64397968584F7A516F3046396D3957
:10C180004C6E646F6644316E4B393963387452506B
:10C1900044694476314733563275363366714B4CB9
:10C1A0004E5731422B38742F3768743234647657C7
:10C1B000573047704648536C686D4F5162336B5629
:10C1C000524A694773585634366C2B7B22436F6D45
:10C1D0006D616E64223A22434F4D5F4445565F5273
:10C1E00045474953544552222C2244617461223AF6
:10C1F0007B226465766963654944223A2231303096
:10C2000033323032303030464638313939324634C4
:10C2100039222C226D616E75666163747572657268
:10C22000223A2231303033222C226970223A220005
:10C2300000000000000000000000000000000000FE
:10C2400000000000000000000000000000000000EE
:10C2500000000000000000000000000000000000DE
:10C2600000000000000000000000000000000000CE
:10C2700000000000000000000000000000000000BE
:10C2800000000000000000000000000000000000AE
:10C29000000000000000000000000000000000009E
:10C2A000000000000000000000000000000000008E
:10C2B000000000000000000000000000000000007E
:10C2C000000000000000000000000000000000006E
:10C2D0000000000000000000000000003E00000020
:10C2E0000000000000000000000000003F0000000F
:10C2F0003400000035000000360000003700000068
:10C3000038000000390000003A0000003B00000047
:10C310003C0000003D0000000000000000000000A4
:10C32000000000000000000000000000000000000D
:10C3300000000000000000000100000002000000FA
:10C3400003000000040000000500000006000000DB
:10C350000700000008000000090000000A000000BB
:10C360000B0000000C0000000D0000000E0000009B
:10C370000F0000001000000011000000120000007B
:10C38000130000001400000015000000160000005B
:10C390001700000018000000190000000000000055
:10C3A000000000000000000000000000000000008D
:10C3B000000000001A0000001B0000001C0000002C
:10C3C0001D0000001E0000001F00000020000000F3
:10C3D00021000000220000002300000024000000D3
:10C3E00025000000260000002700000028000000B3
:10C3F000290000002A0000002B0000002C00000093
:10C400002D0000002E0000002F0000003000000072
:10C4100031000000320000003300000000C1814004
:10C4200001C0804101C0804100C1814001C0804104
:10C4300000C1814000C1814001C0804101C08041F4
:10C4400000C1814000C1814001C0804100C18140E4
:10C4500001C0804101C0804100C1814001C08041D4
:10C4600000C1814000C1814001C0804100C18140C4
:10C4700001C0804101C0804100C1814000C18140B4
:10C4800001C0804101C0804100C1814001C08041A4
:10C4900000C1814000C1814001C0804101C0804194
:10C4A00000C1814000C1814001C0804100C1814084
:10C4B00001C0804101C0804100C1814000C1814074
:10C4C00001C0804101C0804100C1814001C0804164
:10C4D00000C1814000C1814001C0804100C1814054
:10C4E00001C0804101C0804100C1814001C0804144
:10C4F00000C1814000C1814001C0804101C0804134
:10C5000000C1814000C1814001C0804100C1814023
:10C5100001C0804101C0804100C1814000C0C10113
:10C52000C30302C2C60607C705C5C404CC0C0DCDA3
:10C530000FCFCE0E0ACACB0BC90908C8D81819D913
:10C540001BDBDA1A1EDEDF1FDD1D1CDC14D4D51543
:10C55000D71716D6D21213D311D1D010F03031F133
:10C5600033F3F23236F6F737F53534F43CFCFD3D63
:10C57000FF3F3EFEFA3A3BFB39F9F83828E8E92953
:10C58000EB2B2AEAEE2E2FEF2DEDEC2CE42425E503
:10C5900027E7E62622E2E323E12120E0A06061A173
:10C5A00063A3A26266A6A767A56564A46CACAD6D23
:10C5B000AF6F6EAEAA6A6BAB69A9A86878B8B97993
:10C5C000BB7B7ABABE7E7FBF7DBDBC7CB47475B5C3
:10C5D00077B7B67672B2B373B17170B050909151B3
:10C5E0009353529296565797559594549C5C5D9DE3
:10C5F0005F9F9E5E5A9A9B5B9959589888484989D3
:10C600004B8B8A4A4E8E8F4F8D4D4C8C4484854582
:10C610008747468682424383418180400006101648
:10C6200000061016000000000000000001020304D4
:10C63000060708090000000001020304DDDDDDDD5E
:10C64000DCBBBBDDDDDDDDDDDDDDDDDD98888888A3
:10C65000888888887777777777888888855555564A
:10C6600066666666666666666668888883333332A1
:10C6700022222222222222222228888D756172748F
:10C680005443505461736B006C6F676963546173FA
:10C690006B000000656570726F6D5461736B000014
:10C6A000756172745461736B00000000646973708B
:10C6B0006C61795461736B0070756C736554617350
:10C6C0006B0000004142434445464748494A4B4CB1
:10C6D0004D4E4F505152535455565758595A616206
:10C6E000636465666768696A6B6C6D6E6F707172A2
:10C6F000737475767778797A3031323334353637EA
:10C7000038392B2F00000000777A4353624E6F397F
:10C710006E4367656B4B33704834664B48374C51FA
:10C720004B6D353674362B4355654C4A64496B6402
:10C73000397968584F7A516F3046396D394C6E648B
:10C740006F6644316E4B39396338745250446944D2
:10C7500076314733563275363366714B4C4E57310E
:10C76000422B38742F376874323464765757304709
:10C770007046453577345435505130794D4D3577C5
:10C780006D3069466E46713500000000777A43537C
:10C79000624E6F396E4367656B4B33704834664B3E
:10C7A00048374C514B6D353674362B4355654C4AE2
:10C7B00064496B64397968584F7A516F3046396DE6
:10C7C000394C6E646F6644316E4B3939633874523C
:10C7D0005044694476314733563275363366714B6F
:10C7E0004C4E354133377A646D3441465A51744862
:10C7F00059465A5341416B3577345435505130794D
:10C800004D4D35776D3069466E467135000000003C
:10C81000777A4353624E6F396E4367656B4B337063
:10C820004834664B48374C514B6D353674362B4384
:10C8300055654C4A64496B64397968584F7A516F31
:10C840003046396D394C6E646F6644316E4B393900
:10C8500063387452504469447631473356327536E2
:10C860003366714B4C484275306159774734316DAE
:10C870006356644B73635650734835412B46664389
:10C880006A56716330695071746A464D46637962C5
:10C8900000000000777A4353624E6F396E4367653C
:10C8A0006B4B33704834664B48374C514B6D3536C3
:10C8B00074362B4355654C4A64496B643979685822
:10C8C0004F7A516F3046396D394C6E646F66443122
:10C8D0006E4B39396338745250446944763147336A
:10C8E000563275363366714B4C4E5731422B387485
:10C8F0002F37687432346476575730477046464154
:10C900002B4666436A56716330695071746A464DAE
:10C910004663796200000000777A4353624E6F39B4
:10C920006E4367656B4B33704834664B48374C51E8
:10C930004B6D353674362B4355654C4A64496B64F0
:10C94000397968584F7A516F3046396D394C6E6479
:10C950006F6644316E4B39396338745250446944C0
:10C9600076314733563275363366714B4C4E35410E
:10C9700033377A646D3441465A51744859465A5394
:10C9800041416C412B4666436A5671633069507170
:10C99000746A464D46637962000000007B22436F53
:10C9A0006D6D616E64223A22434F4D5F5155455281
:10C9B000595F4445565F535441545553222C227AB3
:10C9C0006F6E65456E61626C65223A223131222CB0
:10C9D000227A6F6E6541726D537461747573223A79
:10C9E000223131222C227A6F6E65416C61726D2288
:10C9F0003A223030222C22706F7765725374617442
:10CA00007573223A312C2274616D706572456E61C6
:10CA1000626C65223A312C2274616D7065725374B8
:10CA200061747573223A302C22696E667261726588
:10CA300064537461747573223A302C22636F6D6D88
:10CA4000537461747573223A307D00007B22436F0A
:10CA50006D6D616E64223A22434F4D5F51554552D0
:10CA6000595F4445565F535441545553222C227A02
:10CA70006F6E65456E61626C65223A2231313122FA
:10CA80002C227A6F6E6541726D53746174757322D6
:10CA90003A22313131222C227A6F6E65416C6172FB
:10CAA0006D223A22303030222C22706F776572531B
:10CAB0007461747573223A312C2274616D706572E1
:10CAC000456E61626C65223A312C2274616D70652D
:10CAD00072537461747573223A302C22696E6672D7
:10CAE00061726564537461747573223A302C2263E9
:10CAF0006F6D6D537461747573223A307D00000060
:10CB00007B22436F6D6D616E64223A22434F4D5F0D
:10CB100051554552595F4445565F535441545553FE
:10CB2000222C227A6F6E65456E61626C65223A2214
:10CB300031222C227A6F6E6541726D537461747567
:10CB400073223A2231222C227A6F6E65416C617217
:10CB50006D223A2230222C22706F776572537461F5
:10CB6000747573223A312C2274616D706572456E52
:10CB700061626C65223A312C2274616D706572536A
:10CB80007461747573223A302C22696E6672617218
:10CB90006564537461747573223A312C22636F6D2E
:10CBA0006D537461747573223A307D007B22436F3C
:10CBB0006D6D616E64223A22434F4D5F515545526F
:10CBC000595F4445565F535441545553222C227AA1
:10CBD0006F6E65456E61626C65223A223131222C9E
:10CBE000227A6F6E6541726D537461747573223A67
:10CBF000223131222C227A6F6E65416C61726D2276
:10CC00003A223030222C22706F776572537461742F
:10CC10007573223A312C2274616D706572456E61B4
:10CC2000626C65223A312C2274616D7065725374A6
:10CC300061747573223A302C22696E667261726576
:10CC400064537461747573223A312C22636F6D6D75
:10CC5000537461747573223A307D00007B22436FF8
:10CC60006D6D616E64223A22434F4D5F484F5354BD
:10CC70005F4341504142494C4954494553222C227B
:10CC800044617461223A7B227A6F6E654E756D2223
:10CC90003A7B22406D696E223A303030312C22408E
:10CCA0006D6178223A303030327D2C22616C6172B5
:10CCB0006D54696D65223A7B22406D696E223A306F
:10CCC0003030322C22406D6178223A303035307D60
:10CCD0007D7D00007B22436F6D6D616E64223A2280
:10CCE000434F4D5F484F53545F4341504142494C7D
:10CCF0004954494553222C2244617461223A7B22D3
:10CD00007A6F6E654E756D223A7B22406D696E2298
:10CD10003A303030322C22406D6178223A30303057
:10CD2000337D2C22616C61726D54696D65223A7B92
:10CD300022406D696E223A303030322C22406D61D3
:10CD400078223A303035307D7D7D00006CCD010891
:10CD50000040002054040000700A010824D001089B
:10CD600054440020F4970000BA5D0108018110537B
:10CD7000637C777BF26B6FC53001672BFED7AB7698
:10CD8000CA82C97DFA5947F0ADD4A2AF9CA472C043
:10CD9000B7FD9326363FF7CC34A5E5F171D83115B0
:10CDA00004C723C31896059A071280E2EB27B275D1
:10CDB00009832C1A1B6E5AA0523BD6B329E32F8449
:10CDC00053D100FF00ED20FCB15B6ACBBE394A4C69
:10CDD00058CFD0EFAAFB434D338545F9027F503C35
:10CDE0009FA851A3408F929D38F5BCB6DA2110FF61
:10CDF000F3D2CD0C13EC5F974417C4A77E3D645D5E
:10CE0000197360814FDC222A908846EEB814DE5EEA
:10CE10000BDBE0323A0A4906245CC2D3AC6291953E
:10CE2000E479E7C8376D8DD54EA96C56F4EA657A7A
:10CE3000AE08BA78252E1CA6B4C6E8DD741F4BBD1B
:10CE40008B8A703EB5664803F60E613557B986C1C8
:10CE50001D9EE1F8981169D98E949B1E87E9CE55E5
:10CE600028DF8CA1890DBFE6426841992D0FB0548F
:10CE7000BB1652096AD53036A538BF40A39E81F350
:10CE8000D7FB7CE339829B2FFF87348E4344C4DE7B
:10CE9000E9CB547B9432A6C2233DEE4C950B42FA6B
:10CEA000C34E082EA16628D924B2765BA2496D8BA9
:10CEB000D12572F8F66486689816D4A45CCC5D65BA
:10CEC000B6926C1013704850FDEDB9DA5E154657F6
:10CED000A78D9D8490D8AB009D1F8CBCD30AF7E42E
:10CEE0005805B8B34506D02C1E8FCA3F0F02C1AFFC
:10CEF000BD0301138A6B3A9111414F67DCEA97F247
:10CF0000CFCEF0B4E67396AC7422E7AD3585E2F986
:10CF100037E81C75DF6E47F11A711D29C5896FB797
:10CF2000620EAA18BE1BFC563E4BC6D279209ADB75
:10CF3000C0FE78CD5AF41FDDA8338807C731B1127F
:10CF400010592780EC5F60517FA919B54A0D2DE576
:10CF50007A9F93C99CEFA0E03B4DAE2AF5B0C8EB99
:10CF6000BB3C83539961172B047EBA77D626E169BF
:10CF7000146355210C7D2202880B031419041D0132
:10CF80002345678905181C12222C226D6163223A01
:10CF90002230303A46463A38313A39393A32463A0E
:10CFA00034391A180876657273696F6E1E18145634
:10CFB000322E302E30335F32303235303432393029
:10CFC0003031203F7573657249443D490129151878
:10CFD0001D62537570457870616E645A6F6E65227C
:10CFE0003A302C226465766963655479700FDD32BE
:10CFF00034317DAD18082F2F44532D52465CED304F
:10D00000364E5F6BAB2F2F230A2031230C2032309A
:10D01000344609162332018210037124F41AAA013E
:04D02000810000008B
:040000050801018964
:00000001FF

