:020000040800F2
:10000000D81F0020D5000008554300085D3C0008BB
:1000100000000000000000000000000000000000E0
:10002000000000000000000000000000358400080F
:100030000000000000000000C57800089984000856
:10004000E7000008E7000008817A0008E7000008E0
:10005000E7000008E7000008D51B0008ED1B0008BA
:10006000E7000008E7000008E7000008E7000008D4
:10007000E7000008E700000800000000E7000008B3
:1000800000000000E7000008000000000000000081
:10009000E700000800000000E7000008E700000893
:1000A0005F3C0008E7000008E7000008E7000008E0
:1000B000E700000809790008E7000008A196000899
:1000C0000348854600F002FD0048004721CD0008A6
:1000D000D81F00200448804704480047FEE7FEE799
:1000E000FEE7FEE7FEE7FEE729850008C1000008FD
:1000F00030B50B46014600202022012409E00D46C0
:10010000D5409D4205D31D469540491B2546954047
:1001100040191546521E002DF1DC30BD70B500248B
:100120002546002801DA01244042002901DA012590
:100130004942FFF7DDFFAC4200D04042002C00D026
:10014000494270BD03460B439B0703D009E008C931
:10015000121F08C0042AFAD203E00B780370401C77
:10016000491C521EF9D27047D2B201E00270401C05
:10017000491EFBD270470022F6E710B513460A4627
:1001800004461946FFF7F0FF204610BD10B50022C7
:1001900000E0521C835C8C5CA34201D1002BF8D19F
:1001A000D8B2E1B2401A10BD0321001D401E0378F1
:1001B00012021A43491EF9D510467047F8B5024697
:1001C0004A40D40F42004B0052085B089A4202D2C8
:1001D0000246084611464A0023D0C30D4A00DDB24C
:1001E000120EAD1A202D35DA49020126490AF6050C
:1001F0008A19002C00D0524220214F1B1146B940D1
:100200002A411018C20D9A4221D0002C17D0012D7E
:1002100008DCDA05801AD20F8019D207DBB200F0B1
:1002200089FBF8BDDA05801A012340001B06C018BF
:1002300080185A428018CA0F1043490007E0490845
:10024000C2071143DA05801A80194008801800F0AF
:1002500069FBF8BD61000122511A001BF7E701227A
:10026000D2075140AAE70122D2075040A6E7024632
:1002700070B54A40D30FDB0740002DD04A002AD08A
:10028000010E140E000212020919400A520A8418C3
:10029000E50104465443000A120A2E045043A419EF
:1002A0004219200CC543AA18120C0125AD03521C9B
:1002B000521912047F39240400D0521C104301D477
:1002C0004000491EC2B20C06C0092018401C40085C
:1002D000802A02D003E0002070BD400840000029C1
:1002E00000DA0020184370BD70B502464A40D50FB1
:1002F00040004A00ED0740085208002814D0002AA8
:1003000012D0C40DD30D41020120C0055202490A8A
:10031000520AE41A091812187D34914201D3641C60
:1003200000E04900002C01DA002070BD002391425A
:1003300001D3891A0343400849000028F7D1002956
:100340000AD0914202D10121C90705E0914201D2B0
:10035000012101E00121C943E005C018401900F066
:10036000E1FA70BD420005D04200120E52428A42AC
:1003700001DB00207047C90508187047F0B5074633
:100380000846584087B0C00F049048000E465900F8
:1003900040084908BC1A884105D2384631461E46F5
:1003A00017460B4602465800400810434CD0300D0B
:1003B000039040055900400D490D0590401A0290E8
:1003C000402872DA18030121000B09050843019047
:1003D00004980092002805D00199524200208841DB
:1003E00000920190029840210A1A0199009800F0A9
:1003F00065FA05460C466B4607CB00F080FAC0193B
:100400007141039A0E0D0023D71756401A467A40C1
:10041000164344D0049A002A2DD0029A012A039A46
:1004200015DC1205C01A914101263605001C7141E8
:10043000D20F059ED2070093019202962A462346C8
:1004400000F0BEFA07B0F0BD38463146FAE71605AF
:10045000224A0F46B218C01AB74101210905001CF3
:100460004F4100187F41114618187941E20F10439F
:100470006D19644113E0E2076D0815436408C20773
:100480001443039A01261205C01A91413605001C37
:100490007141CE07400830434908C01851412A46EF
:1004A000234600F080FACDE7FFE7049801224000E0
:1004B000C117121A00238B4104983146C417381A09
:1004C000A141EEE730B40124E407634030BC55E7B6
:1004D00030B40124E407614030BC4FE70000E0FF86
:1004E000F0B51FB488B00B990998002448400999C9
:1004F000C00F490049080991C0070B9900904900B5
:1005000049080B9109990898A64608431CD00B99F5
:100510000A98084318D0099801244000420D480069
:10052000410D099824050003000B204309900B9806
:100530000003000B20430B9050181C494018002268
:1005400001901446104605E0002001460DB0F0BDB4
:10055000032801DA034600E003239C46C11A0AAED1
:100560000AE05F0008ADED5B4F00F75B7D430027BD
:10057000AA187C41491C5B1E6145F2DD410004ABB9
:100580005A522104120C0A43240C401C0828DFDBB9
:10059000019802900099704601910090059B049A81
:1005A0000799069800F00CFAD0E700000DFCFFFF59
:1005B000F0B50C465C4085B0E40FE40703944C00B2
:1005C00000266408590094464908024602962243D0
:1005D00021D062460A431ED06200570D4A000E0326
:1005E0002303550D012402462C492405781B1B0BBF
:1005F000360B401823432643614600901C46501A90
:10060000B44103D30098401C009002E09218009877
:100610005B41002803DA0020014605B0F0BD002050
:10062000012109050746864611E064461D46141B54
:10063000B54106D36546521BB341744607430C438C
:10064000A646CD0740084908284392185B41054655
:100650000D43EAD11046184313D060461946504066
:100660007140084306D06046101AB34106D20122F9
:10067000002306E000220123DB0702E00122D2432F
:100680005310009874460105381C6141029C039D7B
:100690000019694100F087F9BFE70000FD03000081
:1006A00070B54B005B0803430BD04B005C0D00267C
:1006B00033466542B341D417AD1AA34102DB002093
:1006C000014670BD12053018514170BDC217C10FEF
:1006D000504010B54018CA079623002100F02AF9AF
:1006E00010BD10B500229623114600F023F910BD6D
:1006F0000EB5C217C10F5040CA0740180021054B64
:100700000293019200910A460B4600F059F903B09A
:1007100000BD0000330400000EB505490291002120
:1007200000910A460B46019100F04AF903B000BD62
:10073000330400000EB5054A0292002200921346CF
:10074000019200F03DF903B000BD00003304000049
:10075000410040020122400AD205090E80187F297B
:1007600001DA00207047962903DC9622511AC8400E
:10077000704796398840704770B5CD0F4A0009031D
:100780000123090B1B0519430B4BED070024520DE8
:100790009A4201DA002070BD074B34339A4203DCE1
:1007A0009A1A00F09BF802E00449511888402C4343
:1007B000F1D0404270BD0000FF030000CDFBFFFF01
:1007C0004A0009030123090B1B051943094B10B506
:1007D000520D9A4201DA002010BD064B34339A4282
:1007E00003DC9A1A00F07AF810BD034951188840CA
:1007F00010BD0000FF030000CDFBFFFFC20FD207BA
:10080000400040080BD0C10D0723DB01C91840028E
:100810000905400A1143C2084007114370470020F0
:1008200001467047CB0FDB07490010B54908024667
:100830000A4307D00A0D07240903E401090B121B20
:10084000002A01DC002010BDC900440F0C43C10088
:10085000E018D205801800F065F810BDF0B51FB49F
:100860000646002082B005464024019100901BE01E
:10087000019922460F46304600F030F8049A059B55
:10088000801A994110D310461946224600F016F8F6
:10089000361A8F410197224601200021009F00F067
:1008A0000DF838184D4100902046641E0028DFDC0A
:1008B000019B00982946324607B0F0BD10B5202AAA
:1008C00004DB0146203A9140002010BD91402023D6
:1008D0009C1A0346E3401943904010BD10B5202AEE
:1008E00004DB0846203AD040002110BD0B46D3401F
:1008F000D0402024A21A91400843194610BD10B5DB
:10090000202A06DBCB170846203A1041C1170B43BB
:1009100006E00B461341D0402024A21A9140084320
:10092000194610BD002904DA401C490001D14008D5
:100930004000704770B40024050C05D11024000459
:1009400002D1002921D01124050E01D10002083462
:10095000050F01D10001241D850F01D18000A41CC9
:10096000002801DB4000641C002908D020252E1B34
:100970000D46F540A14000D001212943084301065E
:100980001B1B000ADB1D02D5002070BC7047DB0575
:10099000181880180029F8DA401C4900F5D170BCFD
:1009A00040084000704710B5002B08DA0024401CB6
:1009B000614192185B411A4301D14008400010BDCB
:1009C000F0B51FB482B005460C0003D0084608F00D
:1009D00083FE02E008F080FE2030024600902146AF
:1009E0002846FFF76BFF049B059A04460F46184301
:1009F0001143084314D0184610431BD000984021DF
:100A00000A1A18460599FFF769FF05460E46009A2F
:100A100005990498FFF752FF084305D0012004E030
:100A20002046394607B0F0BD0020C11705430E43EC
:100A30002C43374300990E986305401A7905E40A60
:100A400000220C43FD0A0A3002D500200146E9E7E6
:100A50000105101969410C9C0D9D00196941FFF7B2
:100A6000A2FFDFE74A0009030123090B1B05194315
:100A70000A4B10B5520D9A4202DA0020014610BD11
:100A8000064B34339A4203DC9A1AFFF727FF10BD56
:100A9000034BD218FFF712FF10BD0000FF03000048
:100AA000CDFBFFFF10B5002904DB0124E407404221
:100AB0008C412146002B04DB1C460123DB075242FC
:100AC000A341994200D1904210BD0000064C01257F
:100AD000064E05E0E36807CC2B430C3C98471034E6
:100AE000B442F7D3FFF7F0FAA4FE0008C4FE0008F2
:100AF00070B58C180578401C6B075B0F01D103782B
:100B0000401C2A1106D10278401C03E006780E70C2
:100B1000401C491C5B1EF9D12B0705D40023521E33
:100B20000DD40B70491CFAE70378401CCB1A921CB9
:100B300003E01D780D70491C5B1C521EF9D5A142C3
:100B4000D8D3002070BD0000F0B5134887B0C26A4A
:100B500004210A43C262C06A0224084005900820AA
:100B6000012500266A46039461C20C4F6946384647
:100B700001F090F801220821384601F03AF96A465E
:100B800070C26946384601F085F8002202213846D5
:100B900001F02FF907B0F0BD00100240000800502E
:100BA000F0B587B0FFF7D0FF634D686B634908432A
:100BB0006863634E30698000800830613069C9071E
:100BC00008433061F0680A0C1043F060880BB06293
:100BD00070690722104370615A4882684B0A1A43B1
:100BE00082605948026AFF2302331A430262564860
:100BF000006A4000FBD5B068C00703D0B068400869
:100C00004000B060B0680843B06030680005FCD5B3
:100C100030680121C9020843306001F015F8B1685D
:100C200004200143B16031684907FCD5444F403787
:100C30003968B16804200143B16030684007FCD5D1
:100C4000386882B200203968401C89188AB2192895
:100C5000F9D31A211046FFF74BFA01469920C00339
:100C6000FFF746FA84B200F09FFFE96A28460425A0
:100C70002943C162C06A0095284005900320019075
:100C8000002002906946314801F004F80020B0626B
:100C9000B06A2F490843B06200F0D6FFB068002266
:100CA0002843B06030684007FCD5386881B2B0682E
:100CB0002843B06030684007FCD53868B36880B21C
:100CC0002B43B36033685B07FCD53B689B1800225D
:100CD0003D68521CEB18192AFAD30818C0181C21B9
:100CE000FFF706FA60430001000C1A4A211A50432C
:100CF000FFF7FEF907F066FD1749088000F054FF82
:100D000000F052FF114C00220821204601F071F83A
:100D100000220221204601F06CF80A490020886078
:100D20000948016A490849000162016A8215914334
:100D3000016207B0F0BD0000001002400102000097
:100D4000002401400027014000000140000800503D
:100D500000100030A086010088020020014600B586
:100D600041390B0008F0CFFC060406080A0C0E05FA
:100D7000412000BD422000BD432000BD442000BDF5
:100D8000452000BD462000BD0FB4F8B50123002466
:100D9000DA1E0A2106A801F0A7F94023DA43002150
:100DA00006A801F0A1F90423621F002106A801F0A2
:100DB0009BF901267602F74333463A460C2106A8F2
:100DC00001F092F908256000291A33463A4606A830
:100DD00001F08AF9641C042CF5DBF8BC08BC04B0F3
:100DE000184700000FB4F8B5159800240E26169D7C
:100DF000030008F088FC091306172533414F5D6A8C
:100E000013002027FF43285D3A4643016000311A52
:100E100006A801F069F9641C072CF4DBF8BC08BCD7
:100E200004B018471027FF43285D3A4603016000CD
:100E3000311A06A801F058F9641C072CF4DBEDE721
:100E40000827FF43285D3A46C3006000311A06A810
:100E500001F04AF9641C072CF4DBDFE70427FF43A9
:100E6000285D3A4683006000311A06A801F03CF97B
:100E7000641C072CF4DBD1E74027FF43285D3A468A
:100E800083016000311A06A801F02EF9641C072CBA
:100E9000F4DBC3E78027FF43285D3A46C3016000C7
:100EA000311A06A801F020F9641C072CF4DBB5E721
:100EB0000C4F285D3A4603026000311A06A801F083
:100EC00013F9641C072CF4DBA8E7074F285D3A46AA
:100ED00003026000311A06A801F006F9641C072C11
:100EE000F4DB9BE7FFFEFFFFFFFDFFFF30B504468D
:100EF000114887B0C26A04210A43C262C06A08402E
:100F000005900E496000085A0090002002900320CE
:100F100001900B49A0000858694600F0BBFE074D40
:100F200000222D1F2857032101F046F9285701F010
:100F30002FF907B030BD00000010024080F5000816
:100F40001801002030B50446114887B0C26A042158
:100F50000A43C262C06A084005900E496000085A00
:100F60000090012002900C4801900C49A000085804
:100F7000694600F08FFE074D00222D1F28570321E0
:100F800001F01AF9285701F00DF907B030BD000043
:100F90000010024080F50008000021101801002018
:100FA00030B50446114887B0C26A04210A43C262C0
:100FB000C06A084005900E496000085A0090002061
:100FC0000290032001900B49A0000858694600F0E8
:100FD00061FE074D00226D1F2857012101F0ECF83A
:100FE000285701F0D5F807B030BD000000100240CE
:100FF00082F500081C01002030B50446114887B076
:10100000C26A04210A43C262C06A084005900E49C0
:101010006000085A0090012002900C4801900C4991
:10102000A0000858694600F035FE074D00226D1FEC
:101030002857012101F0C0F8285701F0B3F807B094
:1010400030BD00000010024082F5000800002110B1
:101050001C01002030B50F490446C86A87B004223D
:101060001043C862C86A10400590481500900020DF
:101070000290032001906946074800F00BFE074DDF
:1010800000222857022101F097F8285701F080F834
:1010900007B030BD00100240000800507EF5000887
:1010A00030B5174A87B0D36A044604200343D3629D
:1010B000D26A144B02400592C2010220002914D0CA
:1010C000012910D1029010480190009269461846FB
:1010D00000F0E0FD0D4D00222857022101F06CF8D0
:1010E000285701F05FF807B030BD00210290019150
:1010F000039000926946184600F0CCFDF3E700002B
:101100000010024000080050000011107EF5000899
:101110000FB4F0B59FB038A003C800271CAA339CB9
:1011200083C27D21C9002046FEF7E2FF0846642104
:10113000FEF7DEFF18AA107664212046FEF7D8FFDE
:1011400008460A21FEF7D4FF18AA50760A21204645
:10115000FEF7CEFF18AA917600241CAD1EAE20E04B
:101160002F54401CC0B20728FAD3352224A90DA859
:10117000FEF7E8FF30A9487918A9487232981B9009
:10118000601DC0B20B902C2211A90C956846FEF789
:10119000D9FF0DA80FC8FFF725FE641CE4B2032C8D
:1011A00002D2305D0028DBD011AF1DE0305D1CA9FC
:1011B00002F056FD352224A90DA8FEF7C3FF30A981
:1011C000487918A9487232981B90601DC0B20B90E4
:1011D0002C2239460C956846FEF7B4FF0DA80FC8BF
:1011E000FFF700FE641CE4B2032CDFD31FB0F0BC99
:1011F00008BC04B018470000010101000101010012
:10120000F0B591B000252F4605951822AD4906A8E6
:101210000E95FEF797FF0122ABA1AC480AF07AFDCC
:101220000D2862D100221146A7A00AF0D1FA0122AE
:10123000A5A1A6480AF06EFDA2486C4618300FC85A
:101240000FC40126760230460DF0ECFA04466755CD
:101250006D1CB542FBD300210B4608466D462A5C47
:10126000002A77D0012BFCD04718E255401C0B28F0
:10127000F5D360180822C272F22181757821C175F8
:101280009B2101764C2141760122204607F01CFA71
:1012900006228FA192480AF065FD0020FF2121540B
:1012A000401CB042FBD300258E4B324621468C4871
:1012B0000AF0B5FE6D1C082DF6D389480AF0D3F963
:1012C000062289A186480AF04DFD0025854B32464D
:1012D000214683480AF0A3FE6D1C032DF6D38048F7
:1012E0000AF0C1F920460DF091FA824800F0C8FAE0
:1012F000022869D37F481C3000F0C2FA012863D06D
:101300007C482C3800F0BCFAC4B27A48283800F087
:10131000B7FA030E020C010A303AD6B23038C2B224
:101320007448303B3039DDB2CFB22438019200F03E
:10133000A7FA010A3039C9B2C0B20091FFF70EFD19
:10134000019A009902922B4601970096039104900E
:10135000224600E03AE068A16C4808F0A9F96B4A1F
:101360006BA106A808F0A4F96248183800F088FAC2
:1013700000906048203800F083FA0102090E0391C2
:101380000104C5B25B480C0E1C3800F079FA01026A
:101390000F0E0104C0B20F900120000504905548C3
:1013A0000E0E2C3000F06CFAC0B2109000980C9029
:1013B000002809D0062206A949480AF0D3FC0028D3
:1013C00009D047480AF04FF911B0F0BD2022431868
:1013D000E25401234AE74248C1680AF052F90EABD1
:1013E0001F224EA13E480AF01AFE002049E00222C8
:1013F00005A8049906F02EFE04986946801C049006
:10140000487D097D0002401800B2FFF75FF94B49A3
:10141000FEF76AFF0F99F2B2009201910290FBB2BF
:10142000AAB22146039800F08BF81098301886B2C3
:101430003C2E24D33C213046FEF75AFEC01987B219
:101440000E46182F1BD3182138466D1CFEF750FE90
:101450000F46042C1AD0062C18D0092C16D00B2CB1
:1014600014D0022C15D0202D02D30125641CA4B267
:101470000C2C04D90398401C80B2012403900D98D1
:10148000401C0C990D908842B1D39AE71F2DECD2E5
:10149000EEE70398800705D164210398FEF728FE44
:1014A000002909D1FF2191310398FEF721FE00297F
:1014B00002D01D2D02D2E2E71E2DE0D30125032428
:1014C000DDE7000084F50008303A0000080700203E
:1014D000303A2F73657474696E672E7478740000E7
:1014E0003809002034010020303A2F737973746575
:1014F0006D0000003C000808253032642564256436
:10150000256425642564256300000000580C002034
:10151000303A2F25732E43535600000059592F4D52
:101520004D2F44442C48482F4D4D2F53532C546578
:101530006D70657261747572652C0A00000020413F
:10154000F0B595B00E46074600201C9913901D4635
:1015500014460846FFF752F9059104901B991A9812
:101560000391029033463A46019500940BA106A8D8
:1015700008F09EF8002406A800E0641C015D002924
:10158000FBD11048C1680AF07CF813AB224606A9CB
:101590000C480AF044FD15B0F0BD0000253032645F
:1015A0002F253032642F25303264092C25303264E7
:1015B0003A253032643A253032642C25302E31669B
:1015C0002C0A0000380900200FB4F0B5B1B007466E
:1015D000FF2101314B48489E00F006FC49904A48E3
:1015E00000F04EF90025C0B22C46012800D101259B
:1015F00020A94C9808874D9848874E988887469828
:10160000C887499800286CD10121FFF7C9FC012146
:101610000020FFF76BFC13A8309037A800F022FCE5
:1016200001223A493A4801F0EBFF032C19D1352247
:1016300037A90DA8FEF786FD40A9487C18A9487275
:1016400045981B9033490020085E0B902C2211A96D
:101650000C966846FEF776FD0DA80FC800F060F8FE
:101660000646352237A910A8FEF76CFD40A9487C34
:1016700018A9487545981E9062002EA9895E4F985A
:101680000F900CA832C0302268463099FEF75AFD00
:1016900010A80EC81FA800F079F81FA9352237A896
:1016A000FEF750FD28A9487C40A948742D98459024
:1016B0000121084601F052FB641CE4B2042CACD3B7
:1016C00001210020FFF798FC01210020FFF73AFCE0
:1016D000114901220888801E088010490C4801F039
:1016E0008FFF352237A93846FEF72CFD40A8417CF4
:1016F0003520C1554598B86331B0F0BC08BC04B082
:1017000018470000000800507C0108085D33000005
:10171000D804002088020020AC000020E69F0000D2
:101720000FB410B59CB01EA82E9C00F09BFB002CA3
:1017300002D0012C0DD022E035221EA90CA8FEF704
:1017400001FD28A9487B18A948712C981A900020FF
:101750000BE035221EA90CA8FEF7F4FC28A9487B53
:1017600018A948712C981A9003200B902C2210A9CC
:101770006846FEF7E7FC0CA80FC806F05CFE2046A2
:101780001CB010BC08BC04B0184700000FB4F0B582
:101790009DB004463648349F359E329D00F070F867
:1017A000C0B201280ED12846FEF7A2FF314A324BC3
:1017B000FEF796FE0022314BFEF7E0FDFEF7DCFF60
:1017C00005B20127352223A90BA8FEF7BBFC30A9DF
:1017D000487818A94870319819902C220FA96846AA
:1017E000FEF7B0FC0BA80FC8FFF7CEFA352223A9ED
:1017F0000CA8FEF7A7FC30A9487818A948713198C1
:101800001A902C2210A968460B96FEF79BFC0CA898
:101810000FC8FFF77DFC352223A90EA8FEF792FC26
:1018200030A9487818A9487331981C903398F9B2B8
:10183000C0B20C910D902C220B9512A96846FEF7B0
:1018400081FC0EA80FC800F065F823A800F026FC64
:10185000352223A92046FEF775FC30A949783520AA
:1018600001553198A0631DB0F0BC08BC04B0184706
:101870007C010808CDCCCCCCCCCCFC3F0000744023
:1018800005490A6840231A430A600A6802231A437A
:101890000A600068704700000020024010B50C4A42
:1018A0000A4BD3600B4BD3605368DB07FCD1536802
:1018B000FF24013423435360536823435360016082
:1018C000506801210843506010BD0000EFCDAB8986
:1018D000002002400504030210B50C4A0A4BD360F5
:1018E0000B4BD3605368DB07FCD15368FF240134F2
:1018F00023435360536823435360016050680121C0
:101900000843506010BD0000EFCDAB8900200240BD
:10191000050403020FB4F0B59FB065A0002705C809
:101920003499359C1CAD85C5FE1E002902D00129C5
:1019300008D019E002233246062124A800F0D4FB87
:10194000002306E000233246062124A800F0CCFB49
:1019500002233246042124A800F0C6FB00233246AD
:10196000022124A800F0C0FB0025ED43002C06D086
:10197000012C07D0022C14D0032C2CD023E00223FE
:1019800032462AE000232A460C2124A800F0ACFBB2
:10199000022332460A2124A800F0A6FB00232A468F
:1019A0000DE000232A460C2124A800F09DFB002313
:1019B0002A460A2124A800F097FB02233246082178
:1019C00024A800F091FB1EA9339805F07CFF0024A9
:1019D0001CAD1EAE28E000232A460C2124A800F0EE
:1019E00083FB00232A46D5E72F54401CC0B20728AA
:1019F000FAD3352224A90DA8FEF7A4FB30A9487913
:101A000018A9487232981B90641CE0B20B902C22EB
:101A100011A90C956846FEF795FB0DA80FC8FFF7B6
:101A2000E1F9E4B2022C02D2305D0028DCD011AF23
:101A30001CE0305D1CA902F013F9352224A90DA881
:101A4000FEF780FB30A9487918A9487232981B909C
:101A5000641CE0B20B902C2239460C956846FEF7C8
:101A600071FB0DA80FC8FFF7BDF9E4B2042CE0D359
:101A700020223398D243002818DA40420E4900B29F
:101A8000884209DD2023002124A800F02DFB1FB08F
:101A9000F0BC08BC04B01847632801DD202303E034
:101AA0000028F4DD1023DA430821EDE70023EAE7FC
:101AB0000101010001010100E70300000FB4F0B5CE
:101AC0009FB02BA106C900271CAB339886C31EA963
:101AD00005F0F9FE00241CAD1EAE1FE02F54401C83
:101AE000C0B20728FAD3352224A90DA8FEF72AFB95
:101AF00030A9487918A9487232981B90641CE0B24A
:101B00000B902C2211A90C956846FEF71BFB0DA823
:101B10000FC8FFF767F9E4B2032C02D2305D00284A
:101B2000DCD011AF1CE0305D1CA902F099F8352221
:101B300024A90DA8FEF706FB30A9487918A9487218
:101B400032981B90641CE0B20B902C2239460C9505
:101B50006846FEF7F7FA0DA80FC8FFF743F9E4B29D
:101B6000042CE0D31FB0F0BC08BC04B01847000040
:101B700001010100010101007FB57D24240100194C
:101B80006D462880A970AA8002A8019A00990CF0DD
:101B90005DFE2889011B03480170A97A4170A9895B
:101BA00081707FBD2001002009488168490703D565
:101BB00081681022114381608168C906FCD4816864
:101BC0000222114381608168C907FCD1704700007F
:101BD0000024014010B5FF20013000F04FF8024909
:101BE0000120087010BD0000A4000020F8B5144CBE
:101BF000FF210131204600F0F7F8054680212046FC
:101C000000F0F2F8074601214902204600F0ECF806
:101C10000646284601240B4D002803D1200200F07F
:101C20002DF82C70002F03D1802000F027F8EC71E4
:101C3000012E03D1700200F021F86C70F8BD000095
:101C400000080050A40000200548816801221143CB
:101C50008160C168090402D40168C907FCD07047DB
:101C60000024014031B500F0CBF8044600F0C8F87C
:101C70000099001B8842F9D338BD704710B504495C
:101C80004A69024202D04861FFF7F7FF10BD000029
:101C900000040140F0B5002292E001249440A446E3
:101CA00023407DD04C68022C01D0122C0CD1D408DA
:101CB000A40027183D6A5407E40E0F26A640B5433A
:101CC0000E69A6402E433E624C68012C05D0022CC2
:101CD00003D0112C01D0122C11D185685400032699
:101CE000A640B543CE68A6402E438660446865464C
:101CF000AC430D79ED06ED0F95402543456007682F
:101D000054000325A5400E79AF43B607B60FA64091
:101D10003E430660C668AE438D68A5403543C56046
:101D20004C68E4004BD5294D6C6B012634436C6341
:101D30009508274CAD002F19BD689407240F0F2676
:101D4000A640B54305263607B04201D1002614E06F
:101D5000204EB04201D101260FE01F4EB04201D10A
:101D600002260AE01D4EB04201D1032605E01C4EBA
:101D7000B04201D1052600E00626A6402E43BE60F3
:101D8000184D2C684E689C43F60300D51C432C600C
:101D90006C684E689C43B60300D51C436C6000E041
:101DA0000DE0AC684E689C43F60200D51C43AC6065
:101DB000EC684E689C43B60200D51C43EC60521C94
:101DC0000B681C46D44000D067E7F0BD001002400D
:101DD000000001400004005000080050000C0050BA
:101DE000001C0050000401400069084000D00120A0
:101DF0007047002A01D081617047816270470000FE
:101E000001480068704700008C0200200248016809
:101E1000491C0160704700008C02002010B5064884
:101E20000168402211430160002000F007F800F033
:101E300097F9002010BD00000020024010B50446B4
:101E400007487D21C9000068FEF752F901F094FEB1
:101E500000222146501E00F0AFF9002010BD000006
:101E600090020020F8B5044605462034607D012824
:101E700004D0607D022801D00120F8BD207D01281A
:101E800008D00120207502206075FFF7B9FF0746D2
:101E900000260DE00220F8BDFFF7B2FFC11B7D2038
:101EA000C000814204D90220A86326750320F8BD32
:101EB00028688068C0434007EED5002188002A6862
:101EC00014301650491C0F29F8D9284600F0E6F8BE
:101ED0000020F8BDF8B500250446002806D02646A7
:101EE0002036707D0027002802D005E00120F8BDD3
:101EF0003775204600F06CF8022070752068016884
:101F0000490849000160A800216814300F506D1C79
:101F1000EDB20F2DF7D9206881680422114381604A
:101F20006168A068E26A0143A06A10430143E06966
:101F30000143206A0143A0690143606A01432068AC
:101F40004268224B1A4011434160204601F0A8FE2E
:101F5000E1682069226B01436069104301432068F6
:101F60000268FE239A431143016020680168012240
:101F700011430160FFF744FF054608E0FFF740FF0B
:101F8000411B7D20C000814201D9082010E020685B
:101F90008068C043C007F1D1FFF732FF05460AE071
:101FA000FFF72EFF411B7D20C000814203D9102086
:101FB000A0630320F8BD20688068C043C006EFD44A
:101FC000A763012070750020F8BD00000F0000FC21
:101FD000F0B500682A4987B088424ED12948816B04
:101FE000421511438163C16A04263143C162C16A4B
:101FF00031400591C16A02242143C162C16A214076
:102000000591C26A08210A43C262C26A0A40059267
:10201000C16A01252943C162C16A29400591C26A8A
:1020200080210A43C262C06A002708400590164812
:10203000694691C105206946000703970495FFF79B
:1020400029FE1248694691C16946114803970495D3
:10205000FFF720FE07208002694691C169460D48BE
:1020600003970495FFF716FE029769460A480397FF
:10207000009604950194FFF70DFE07B0F0BD000037
:102080000024004000100240CE0700003B02000088
:102090000004005000080050000C0050F8B5044641
:1020A00021680820C860206881680427394381605E
:1020B000FFF7A6FE2546064620350BE0FFF7A0FEFB
:1020C000811B7D20C000814204D9A76300202875B0
:1020D0000320F8BD20688068C0430007EED40120CB
:1020E000687500202875F8BDFFB504460546203404
:1020F000607D81B0012805D0607D022802D00120DA
:1021000005B0F0BD607D01281DD1207D012807D0DC
:102110000120207502276775FFF772FE06460DE065
:102120000220EDE7FFF76CFE811B7D20C00081429D
:1021300004D9AF63002020750320E1E72868806898
:10214000C0434007EED502982968800014300A5831
:10215000039B1A40049B1A430A500020D0E700005A
:1021600010B50A48416B0122114341630022114618
:10217000501F00F021F800221146901E00F01CF8BC
:1021800000221146501E00F017F810BD001002404A
:10219000C106C90E0120884001490860704700004F
:1021A00080E100E0C106C90E0120884001490860B5
:1021B0007047000000E100E010B502F0CDF810BD5E
:1021C000BFF34F8F04490348C860BFF34F8F00BF70
:1021D000FDE700000400FA0500ED00E010B50C0674
:1021E00006D54906490E1C2461430818283004E02E
:1021F0001C2461430818FF30093099B2002A06D028
:1022000001228272C180190C0181002010BD0022C0
:1022100082728180F9E71C224A43121810B5FF3000
:10222000FF300230926BC06906F047FE10BD1C22E1
:102230004A43121810B5FF30FF32FF30013202302E
:102240009269C06906F094FE10BD0000F0B54B061F
:102250005B0E1C225A43CC091218002C01D02832E4
:1022600001E0FF32093213700346C909FF33517090
:10227000E133197A01293DD001211972947A494933
:10228000002C547838D0002C147805685CD0A40059
:102290002E5B760404D52E5B434F0E403E432E53F7
:1022A00014780568A4002E5B760604D52E5B3F4F9C
:1022B0000E403E432E5315780468AD00665B0E4019
:1022C00039490E43665314780168A4000E5B354DFE
:1022D00030352E40354D403D2E430E531178006869
:1022E0008900425A304CF13C22402A43425200209D
:1022F0001872F0BD0220F0BD002C147805680FD0D4
:10230000A4002E5B760604D52E5B0E4027490E43B3
:102310002E53117800688900425A224C30340EE066
:10232000A4002E5B760404D52E5B0E401E490E439E
:102330002E53117800688900425A1B4CF13C224010
:102340001A4C403C2243D1E7A4002E5B760404D50E
:102350002E5B154F0E403E432E5314780568A400A3
:102360002E5B760604D52E5B104F0E403E432E5357
:1023700015780468AD00665B0E400C490E43665349
:1023800014780168A4000E5B074DF13D2E40074D07
:10239000403D2E430E53117800688900425A014C8B
:1023A0003034A1E78F8F000080C00000C0800000A3
:1023B000F0B54B06CA095B0E002A04D01C225A4312
:1023C0001218283204E01C224A431218FF32093244
:1023D000002494701370C90951700146FF31E13136
:1023E0000B7A012B1DD001230B7253781B4D002B50
:1023F0001B4E1378046816D09B00E75A7F0605D55C
:10240000E75A2F40164D40352F43E75212780068A7
:102410009200835A114C303423401024634020240E
:1024200015E00220F0BD9B00E75A7F0404D5E75A6F
:102430002F400C4D2F43E752127800689200835AC8
:10244000084CF13C234001242403634064006340B2
:102450003343835200200872F0BD00008F8F0000CC
:102460008080000080C00000002070474906490EAF
:102470001C2251430818FF300130008C80B2704795
:10248000F0B54D066D0E1C246C43CE092418002EA9
:1024900001D0283401E0FF3409342570C909617086
:1024A0000146FF31E260E131E3708C46097A01298F
:1024B0000DD0012261460A72E1789A4B002908D0BA
:1024C00001291ED002290DD0032923D111E00220B9
:1024D000F0BD2278016892008D5A1D40FF35FF350E
:1024E000023504E02278016892008D5A1D408D5219
:1024F00010E02278016892008D5A1D4003235B0290
:1025000006E02278016892008D5A1D4001239B024B
:10251000EB188B5225780168AB00CE5A824A1640E0
:10252000824A16432E43CE52A17A002959D02178EF
:1025300007688B00FD5A7C497D4E0D403543FD52A6
:10254000E38850265D0803686D00F65AF618237874
:10255000DF0001239B02FB18F552238950265D08FA
:1025600003686D00F65AF6182378DF005311FB1844
:10257000F55263780768002B23787CD09B00FD5AC6
:102580006D0404D5FD5A6B4E0D403543FD52237842
:1025900007689B00FD5A6D0605D5FD5A634E0D4038
:1025A00040363543FD5225780368AD005E5B0E4032
:1025B00060490E435E53237801689B00CD5A5A4E02
:1025C000303635401543CD52217800688900435A92
:1025D000584CF13C2340134343520020614608729B
:1025E000F0BD61780029A18822D04B0801685025F0
:1025F0006D5A5B006D182178CE0001218902711897
:102600006B522178036889005D5A6D0606D55D5AC4
:10261000454E3540454E403635435D522178006881
:102620008900435A404C3034234020246340D2E791
:102630004B08016850256D5A5B006D182178CE005B
:102640003D4971186B52016850235B5A3A4D591835
:102650002378AD1CDB005B19CD18E1683E290BD94E
:10266000CB021B0CC90601D15B1E9BB29902012350
:10267000DB03194307E022E0CB031B0CC90701D0A1
:102680005B1C9BB2990229802178036889005D5AFE
:102690006D0405D55D5A244E3540264E35435D52B6
:1026A0000168207880000B5A224CF13C2340012421
:1026B000240363406400634013430B528DE79B0087
:1026C000FD5A6D0404D5FD5A1A4E0D403543FD5296
:1026D000237807689B00FD5A6D0605D5FD5A134EF9
:1026E0000D4040363543FD5225780368AD005E5BF2
:1026F0000E400E4940310E435E53237801689B0023
:10270000CD5A0C4EF13E3540012636037540760019
:1027100075401543CD52217800688900435A024C18
:10272000303457E78F8900008F8F000080800000D1
:102730008081000080C0000004040000F0B549065C
:10274000490E1C244C432418FF34002519342CC492
:102750001C3C03466570FF332170E133197A01296F
:1027600008D0012119726269E1688A4204D9521ABB
:10277000626103E00220F0BD11466561A27A002A81
:1027800005D06278002A19D0012A37D059E00268B2
:102790005026B65AB6182278D700324ABA18B61858
:1027A0003E293ED9CA02120CC90637D09102012235
:1027B000D203114300E09102318042E002685026CA
:1027C000B65AB6182278D700264A121FBA18B61879
:1027D0003E290AD9CA02120CCF0601D1521E92B26A
:1027E00092020127FF033A4306E0CA03120CCF0707
:1027F00001D0521C92B29202328009E00268502647
:10280000B65AB6182278D700164A121FBA18B15213
:102810006278002ABBD0012A0AD012E0521E92B27E
:10282000C4E7CA03120CC907C5D0521C92B2C2E752
:1028300002685026B65AB6182278D700094ABA1844
:10284000B152217800688900425A074C2240012485
:102850002403624064006240044C224342521D72D1
:102860000020F0BD060400008FBF00008080000043
:10287000F0B50346FF33E1331A7A012A0BD0012564
:102880004A06CC09520E1D72002C06D01C2454435B
:102890002418283406E00220F0BD1C244C432418E0
:1028A000FF340934A5702270CD0965700126360306
:1028B00010270F4C002A09D049060068C90D425A5A
:1028C000002D0CD00B4D2A407A400CE000680188A6
:1028D000094A1140714079402143018005E0064DCD
:1028E000303D2A4072402243425200201872F0BD0F
:1028F00080800000BF8F0000BFBF0000F0B506461B
:102900004806400E1C2141438C19E3630021A26359
:1029100021640121283437466170FF372070E13788
:10292000387A012806D03972E5686069A84203D96F
:10293000401B03E00220F0BD054600206061A07A44
:10294000002807D060780121C903002812D001288F
:102950002DD061E0ABB2A2882169306801F0CFFED2
:1029600030685021095A09182078C20045481018CB
:102970000D5274E030685022125A12182078C300A9
:102980004048181812183E2D08D9E802000CEB0632
:1029900001D1401E80B28002084306E0E803000C2B
:1029A000EB0701D0401C80B28002108008E0306844
:1029B0005022125A12182078C300324818181552A3
:1029C000304A6078121D002802D001281CD023E074
:1029D000306850231B5A18182378DB009A18821885
:1029E0003E2D08D9E802000CEB0601D1401E80B252
:1029F0008002084306E0E803000CE90701D0401C10
:102A000080B28002108007E030685021095A08180F
:102A10002178C90089184552217830688900415AC7
:102A2000490601D5228900E0E288ABB2216901F0B4
:102A300066FE6078144A002802D0012807D00EE014
:102A4000217830688900435A1340104A05E0217804
:102A500030688900435A13400D4A1343435221788A
:102A600030688900425A084B30331A4010235A40CC
:102A700020235A40054B403B1A43425200203872F3
:102A8000F0BD0000020400008F8F0000C080000035
:102A900080C0000070B50446006840308088C00BDC
:102AA00002D0204601F084FC20684030818849052E
:102AB0000AD58188334A11408180204600F0D6F83B
:102AC0000021204600F0FCF820684030818849044D
:102AD00003D581882C4A114081802068403081884C
:102AE000890403D58188294A1140818020684030BB
:102AF00081880425C904002910DA0188A9430180CE
:102B0000BD202168000240310880204600F0BAF85C
:102B10002068403081881E4A114081802068403002
:102B20008188090517D581881A4A1140818020685B
:102B3000403001880822114301802068403001881C
:102B400029430180206840308088C043C00402D5FA
:102B5000204600F0DFF8206840308188890506D5DE
:102B600081880D4A11408180204600F0A1F820683C
:102B700040308188C90503D58188084A1140818089
:102B800070BD0000FFFB0000FFBF0000FFDF000082
:102B9000FFEF0000FFF70000FFFD0000FFFE000058
:102BA000F8B500270446002807D02546FF35E13553
:102BB000687A0026002802D005E00120F8BD2E72B8
:102BC000204600F03BF80320687201220BE01C2035
:102BD00078430019014620314A720F72CE72466363
:102BE00086637F1CC6636068B842F0D800210BE0A2
:102BF0001C2048430019FF30013046720172C67232
:102C000046618661491CC66160688842F0D82068C8
:102C10004030028020684030068020684030868046
:102C2000206840300682BD202168000240310880C3
:102C3000203426716A720020F8BD000010B50068CB
:102C4000084988420DD10848816B0122D205114301
:102C50008163032202211F20FFF7AEFA1F20FFF736
:102C6000A1FA10BD005C00400010024010B5C41D68
:102C7000FF34FA340121E06906F05FFAE06906F0FA
:102C800024FA10BD10B504468069002806D0074814
:102C9000016906229143016105F004FCFF34FF3411
:102CA0000234E06906F034FA10BD000000ED00E0E7
:102CB000FF3010B5FF300230C06906F02FFA10BDAA
:102CC0000246FF32E132137A012B08D0012313723E
:102CD000002906D0203001710020107270470220B8
:102CE00070470068802140308181F5E710B5872169
:102CF00089000A580146FF31ED31104606F029FAE5
:102D000010BD00684030018B0122D20311430183C2
:102D10000020704710B50446FF30FF300230C06914
:102D200006F058FAA069002804D003480169062279
:102D30001143016110BD000000ED00E00248016890
:102D4000021511430160704700700040024801689D
:102D50004215114301607047007000400A4B1A6829
:102D60009208920002431A600848026904231A4339
:102D70000261012906D040BF20BF20BF01699943ED
:102D80000161704730BFF9E70070004000ED00E0DE
:102D9000F8B5044600685C4D810601D400056FD586
:102DA000594940390A68032760693F0503463A409C
:102DB0003B409A4205D10B68A2693B403A4093429E
:102DC00008D08003800F032804D10868800301D550
:102DD0000120F8BD4C484038816B020411438163E7
:102DE0004A480168821511430160FFF709F8064659
:102DF00004E0FFF705F8801B64282AD843480068E0
:102E0000C005F6D5286903210904626908400A4013
:102E1000904205D12A69A0690A40084082422FD019
:102E2000286903210904884329690122D204114336
:102E30002961296991432961286180050ED5FEF732
:102E4000DFFF064607E0FEF7DBFF811B30488142CB
:102E500001D90320F8BD28698005F4D56069810394
:102E6000890F032948D0284840380168B9430160D8
:102E700029690320000462698143024011432961EA
:102E80002078C00705D0E8686168800880000843A2
:102E9000E8602078800705D5E8680C218843A168A0
:102EA0000843E8602078400706D5E86803218902D6
:102EB0008843E1680843E8602078000706D5E868A1
:102EC00003210903884321690843E860207840060C
:102ED00006D5E868012189068843E1690843E8606E
:102EE0002078000606D5E868032189048843216A12
:102EF0000843E8600020F8BD034A403A11683840B2
:102F0000B94301431160B3E7401002400070004034
:102F100088130000F8B5044653480E460068C00701
:102F2000C00FB0420AD250480168490849003143F5
:102F300001600068C007C00FB0426FD120784B4FCE
:102F4000800705D5F868F0218843A1680843F86038
:102F50002078C00752D06068022817D0002818D007
:102F60003968032818D04907002957DAF968890811
:102F700089000143F960FEF743FF054660680228B7
:102F800012D003281CD0002826D032E039688903EB
:102F9000EAE739688905E7E78901E5E7FEF730FFE9
:102FA000411B3348814222D8F8680007800F02286D
:102FB000F4D123E0FEF724FF411B2D48814216D8AF
:102FC000F8680007800F0328F4D117E0FEF718FF18
:102FD000411B274881420AD8F8680007800FF5D1C5
:102FE0000CE0FEF70DFF411B2148814201D903206F
:102FF000F8BDF8680007800F0128F2D11A4801686F
:10300000C907C90FB1420BD30168490849003143D0
:1030100001600068C007C00FB04201D00120F8BDB8
:103020002078400706D5F868072109028843E1683F
:103030000843F8602078000707D5F8680721C9021F
:1030400088432169C9000843F86000F03DF8F96839
:10305000084A0906090F515CC8400749086000206A
:10306000FEF7ECFE0020F8BD0020024000100240F8
:103070008813000038FE0008900200200148006814
:103080007047000090020020044805490068C968A4
:10309000044A4905490F515CC8407047900200201E
:1030A0000010024051FE0008044805490068C96844
:1030B000044A8904490F515CC840704790020020BF
:1030C0000010024051FE000810B51A4B5868D9682C
:1030D0000004420F0C200140174805D0042906D0F7
:1030E00008290BD00C290BD0521C904010BD186839
:1030F000C00601D5114810BD114810BD114810BDC2
:10310000D868D9688002104A000F105C0902DA689A
:10311000890F01242404491C224204D11A68D206D2
:1031200003D5064A02E0074A00E0054A5043FCF78F
:10313000DFFF10BD001002400080000000093D00CC
:103140000024F40000127A0048FE0008FEB5044690
:103150000078F94EC0074CD0F0680007800F0228B5
:1031600007D0F0680007800F032809D1F068C0037A
:1031700006D5306880033CD56068002874D038E0FC
:10318000012160680904884202D13068084313E0D5
:10319000052301221B0492049842306805D188431C
:1031A0003060306810433060EFE78843306030684B
:1031B00008400090306890433060606800280CD070
:1031C000FEF71EFE054604E0FEF71AFE401B6428CB
:1031D0007ED830688003F7D50BE0FEF711FE054678
:1031E00004E0FEF70DFE401B6428F1D83068800330
:1031F000F7D42078800740D5F0681F270007800F9C
:103200003F02012807D0F0680007800F032809D18A
:10321000F068C00306D43068400717D5E06801287D
:1032200022D113E0E0680921002816D032688A43D1
:1032300002433260FEF7E4FD054604E0FEF7E0FDE0
:10324000401B0228C4D830684007F7D57068216950
:10325000B8430902084370600FE03068884330606B
:10326000FEF7CEFD054605E0A0E0FEF7C9FD401BD8
:103270000228ADD830684007F7D42078C00658D56A
:10328000F068AE4F0007800F0BD0E06900283FD0F8
:103290003068FF21013108433060FEF7B1FD05467B
:1032A00026E03068800502D5E06900287ED070688D
:1032B000616AB843084370607068218C0002000A9C
:1032C000090608437060FFF7FFFEF168090600E099
:1032D000E4E09B4A090F515CC8409A49086000200D
:1032E000FEF7ACFD25E0FEF78BFD401B0228A9D8B8
:1032F00030688005F7D57068616AB843084370602C
:103300007068218C0002000A09060843706010E012
:103310003168FF20013081433160FEF771FD0546C1
:1033200004E0FEF76DFD401B02288BD83068800555
:10333000F7D42078844D000722D5606900282869D9
:103340000FD0012108432861FEF75AFD074604E02B
:10335000FEF756FDC01B02288BD828698007F7D5D9
:103360000EE0400840002861FEF74AFD074604E0F1
:10337000FEF746FDC01B0228B9D828698007F7D49C
:10338000207880062FD57149A0694B14002817D0EA
:10339000B26801200243B260726B02437263086A32
:1033A00018430862FEF72CFD074605E0E9E0FEF74A
:1033B00027FDC01B022871D8B0688007F7D512E03E
:1033C000B06840084000B060086A98430862FEF7A1
:1033D00017FD074604E0FEF713FDC01B02285DD869
:1033E000B0688007F7D42078400771D5002002909C
:1033F0000190B06BC00006D4B06B012109070843EF
:10340000B0630120029052480068C00513D45048B0
:10341000016882151143016001200190FEF7F0FC64
:10342000074604E0FEF7ECFCC01B642836D8484889
:103430000068C005F6D5FF27A0680137B84202D161
:10344000286938430CE001218902002803D00522B5
:10345000120290420CD02869B84328612869884339
:103460002861A068002815D0FEF7CAFC00900DE086
:103470002869B8432861286908432861E0E7FEF716
:10348000BFFC0099411A3348814273D828698005EE
:10349000F5D50EE0FEF7B4FC009007E06AE0FEF719
:1034A000AFFC0099411A2B48814263D828698005F6
:1034B000F5D40198002803D025480168B94301607C
:1034C0000298002804D0B06B012109078843B0633B
:1034D000A06A002853D0F1680907890F032950D04A
:1034E00001273F060228306805D0B8433060FEF758
:1034F00087FC044640E0B8433060FEF781FC054697
:1035000004E0FEF77DFC401B022833D830688001C0
:10351000F7D4616B206BF2680843E16AFD231B045A
:103520009A4311430843F060306838433060FEF737
:1035300067FC044615E000000010024000E00000B7
:1035400038FE0008900200204010024000000140B8
:103550000070004088130000FEF752FC001B022898
:1035600008D830688001F7D509E0FEF749FC001B58
:10357000022801D90320FEBD30688001F5D4002067
:10358000FEBD0120FEBDF8B505460446203528786D
:10359000012819D001202870022068702168CA20F3
:1035A00048622168532048622068816801229202A3
:1035B0009143816020688168120191438160FEF728
:1035C0001FFC064600270FE00220F8BDFEF718FC9E
:1035D000811B7D20C000814206D92168FF204862FE
:1035E000032068702F70F8BD2068C0684007EDD5D3
:1035F0002168FF204862012068702F700020F8BD0C
:10360000F7B50546044620352878012813D0012057
:103610002870022068702168CA20486221685320FF
:1036200048622068806800274005002810DAFEF70D
:10363000E7FB064608E00220FEBDFEF7E1FB811B2A
:103640007D20C00081421BD82068C0684007F4D4A8
:1036500020688268012189028A4382602068C168EB
:1036600080221140204A8918C160FEF7C9FB064636
:103670000DE0FEF7C5FB811B7D20C000814206D90D
:103680002168FF204862032068702F70FEBD20680B
:10369000C0684007EDD521680198486120688168BD
:1036A000C908C900816020688168029A114381605D
:1036B0000E4801680122120511430160816811431F
:1036C000816020688168921111438160206881685F
:1036D0001211114381602168FF2048620120687047
:1036E0002F700020FEBD00007FFBFFFF00040140A3
:1036F00002480168042211430160704700700040D5
:1037000010B504460068C068400509D52046FFF79B
:10371000EFFF2068C16880221140054A8918C16006
:10372000012004490005486101202034607010BD6B
:103730007FFBFFFF0004014010B500680B464068A6
:10374000C021C94301400002000ECC04D870E40E31
:103750005C708C06A40E0904490F9C701970002A35
:103760000AD104F05DF9D870587804F059F958700E
:10377000987804F055F99870002010BD30B50B46CC
:103780000168896A5960016809694904490C9960AE
:10379000006804680F482146014088024D04800EED
:1037A00018706D0E49065D70490E99706102490EE0
:1037B00040242140D970002A0AD104F031F9187050
:1037C000587804F02DF95870987804F029F9987019
:1037D000002030BD7F7F7F0070B5040005D02546F6
:1037E00020356878002802D006E0012070BD002056
:1037F0002870204600F042F8022068702168CA2034
:103800004862216853204862204604F01CF9FF21D9
:103810000028206803D0416204206870E5E78268D0
:10382000154B1A408260206882686368A6691A4353
:10383000236933431A4382602268E068106120687C
:10384000026923891B041A4302612068C26880232D
:103850009A43C2602068C26C92089200C264E26916
:10386000606902432068C36C1A43C26420684162E5
:1038700001206870002070BDBFFF8FFF0068054900
:10388000884205D104480169012292041143016173
:10389000704700000028004040100240F8B505467F
:1038A0000446203528780B46012822D001202870B4
:1038B000022068705878002A1DD004F0B1F898787A
:1038C00004F0AEF8D8789E7800040643587819784A
:1038D00000024903084306432168CA204862216860
:1038E00053204862204604F0AEF8002700282AD171
:1038F00017E00220F8BDC10603D5EF2108400A30C9
:103900005870D87804F094F80604587804F090F8C9
:1039100000020643987804F08BF8064318784003B9
:10392000D9E711480640206846602068C1688022B7
:103930009143C1602068806880060CD4204600F066
:103940008DF8002807D02168FF20486204206870A5
:103950002F700120F8BD2168FF20486201206870A7
:103960002F700020F8BD00003FFFFF00F8B50646AD
:103970000446203630780D4601280ED001203070E4
:1039800002207070206800278068002A07D0400657
:103990001AD5287804F044F817E00220F8BD400654
:1039A00000D4EF70287804F043F80204687804F03B
:1039B0003FF800020243A87804F03AF80243E8789E
:1039C0000004024300920BE0EF702978A878090404
:1039D00008436978EA780902120411430843009009
:1039E0002168CA204862216853204862204604F0BA
:1039F0002AF800281FD1184900980840216808605B
:103A0000206881680122920491438160E9682869F5
:103A1000014320688268114381602068C168802268
:103A20009143C1602068806880060CD4204600F075
:103A300015F8002807D02168FF2048620420707024
:103A400037700120F8BD2168FF20486201207070A6
:103A500037700020F8BD00007F7F7F0070B50546FD
:103A60000068C168A0229143C160FEF7C9F97D26B4
:103A70000446F60006E0FEF7C3F9001BB04201D988
:103A8000032070BD2868C0688006F4D5002070BD92
:103A900070B5040006D025464035687C0026002815
:103AA00002D005E0012070BD2E74204600F032F8EF
:103AB0000220687420680168402291430160A16877
:103AC000606822690843E168114308436169012283
:103AD0000843A169520211400843E1690843216A81
:103AE0000843A16A084321680860A0690421000C0A
:103AF0000840616A0843216848602168E06A0861FB
:103B00002068C16992009143C161666501206874B3
:103B1000002070BD00B500680C4985B0884213D103
:103B20000B48816B012292031143816307204003FC
:103B30000090022000210190032002910491039043
:103B400069460448FEF7A6F805B000BD00380040FD
:103B500000100240000400500422044904280869AF
:103B600002D09043086170471043FBE700E000E09B
:103B700010B5FEF74BF910BD094910B5401E88423B
:103B800001D9012010BD074C60610321081F00F01E
:103B9000E3FB0020A06107202061002010BD000091
:103BA000FFFFFF0000E000E010B5FFF7E1FF10BDF0
:103BB00070B5040005D025466035687A002802D02B
:103BC00006E0012070BD00202872204600F024F895
:103BD0002420687220680168490849000160204675
:103BE00004F0C2FE606A002802D0204604F02AFEDB
:103BF000206841680922D2029143416020688168AF
:103C00002A229143816020680168012211430160EA
:103C1000204604F07DFE70BD00B501680C4885B0FB
:103C2000814212D10B48816B0122920411438163BE
:103C30003020009001210220029103210190039184
:103C4000049069460448FEF725F805B000BD000061
:103C5000004800400010024000080050FEE7704796
:103C600070B58CB00D46064600242C220B496846E0
:103C7000FCF768FA0A2E02D8B00069460C581822E0
:103C800000202146D1400907090F2954121F401C6A
:103C9000C0B2D2B20728F4D30CB070BDA4F40008AF
:103CA00070B50546FEF7ACF87D260446F60008E040
:103CB000FEF7A6F8001BB04203D90120A863032039
:103CC00070BD28688068C0438006F1D4002070BDB4
:103CD00030B504249DB0A0010790059405A8FFF716
:103CE00035FA032080021690139413A8FFF750F8BA
:103CF0001448C16A2143C162C16A21401C91C16A52
:103D00002143C162C16A21401C91816B220411438D
:103D1000816310200224009000200B4D029001943A
:103D20000394694604942846FDF7B4FF202101203E
:103D300000910290049469462846FDF7ABFF1DB040
:103D400030BD000000100240000800500249CA695E
:103D50001206FCD5886270470048004000B58FB05D
:103D600004200090800102906846FFF7EFF90FB041
:103D700000BD70B50546FF30FF3002308469E11D9B
:103D8000FF31FA31087E002809D14869002806D0A1
:103D9000607A002803D10121284605F009FA812123
:103DA000284605F005FA607A022807D183208000B2
:103DB00022181F230121284605F07EF970BD00005E
:103DC000F8B5C71DFF37FA37BC690646E51DFF3554
:103DD000FA3528692863686968630121304605F06F
:103DE0000CF91F280BD12649E868884207D1697E63
:103DF000012904D8A87E002801D0102808D9697E9E
:103E000020230522304604F0A2F80220607209E067
:103E10001C482218304603F083FE0028207A07DA77
:103E2000052803D03046FFF7A4FFF8BD012123E0A9
:103E30000228FAD00128F8D00328F6D06389002B95
:103E400019D0B9692246CD1DFF35FA356C690C329F
:103E500030469C4200D223466C6B9BB2E41A6C63E2
:103E600011256D0100244D192C7604240C7281213A
:103E700005F0B8F9F8BD0021304600F095F8F8BD1E
:103E8000555342431B02000010B54322D200145880
:103E9000627A022A07D0C90904D0012A02D001217E
:103EA00000F082F810BD812105F082F900206072D7
:103EB00010BD000010B50446FF30FF3002308269AB
:103EC000117A022905D0032901D004290ED100213D
:103ED00009E00748815C801C1218204603F020FE90
:103EE000002803DA0121204600F05EF810BD000032
:103EF0001902000010B50446FF30FF30023082691D
:103F0000117A00290FD001290CD10948815C801C4D
:103F10001218204603F004FE002803DA012120468F
:103F200000F042F810BD2046FFF74AFF10BD000028
:103F300019020000FF30FF30023080690021017259
:103F4000704770B5C51DFF35FA35AC6906460020CF
:103F50000921207289016072611848770877E86941
:103F60000168002088470121304605F03DF8812195
:103F7000304605F039F88320800022181F230121E4
:103F8000304605F099F870BD10B54321C9000958B5
:103F900000220A7201224A72832292008A181F2389
:103FA000012105F089F810BD70B50546FF30FF30DE
:103FB000023084698B200D4A80000251112040019B
:103FC00020180176002020728B20800022180D23FB
:103FD0008121284605F006F98320800022181F233E
:103FE0000121284605F068F870BD00005553425382
:103FF00000B50B4887B0C26A02210A43C262C06A98
:1040000008400590C8020090012001900020029015
:10401000039069460348FDF73DFE07B000BD000070
:1040200000100240000400500FB430B59BB00446AD
:10403000FFF7DEFF44481F900120800520900320F9
:104040000021800421901020229023912491259119
:1040500001252691279029912A9128952B911FA817
:10406000FDF738FF00284DD0E802259035221FA922
:104070000BA8FCF767F828A9487C18A948702D9868
:1040800019902C220FA96846FCF75CF80BA80FC802
:1040900000F09AF8002835D00320800225903522C0
:1040A0001FA90BA8FCF74EF828A9487C18A948704E
:1040B0002D9819902C220FA96846FCF743F80BA8FD
:1040C0000FC800F081F800281CD028032590352265
:1040D0001FA90BA8FCF736F828A9487C18A9487036
:1040E0002D9819902C220FA96846FCF72BF80BA8E5
:1040F0000FC800F069F8002804D01F9800681F99C5
:10410000A84308601F9840681F99284348601FA86B
:10411000FFF7C6FD1F9840681F994008400048609F
:104120001FA8FFF7BDFD35221FA92046FCF70AF89E
:1041300028A8417C352001552D98A0631BB030BCC8
:1041400008BC04B018470000002400400FB410B5AC
:10415000AAB0044635222DA90CA8FBF7F3FF38A915
:10416000487A18A948713B981A9030220FA96846DE
:10417000FBF7E8FF0CA80EC81BA8FFF755FF1BA90B
:1041800035222DA8FBF7DEFF28A9487838A9487208
:1041900029983B9000F092F8012211030948FDF79D
:1041A00028FE35222DA92046FBF7CCFF38A9497AF5
:1041B000352001553B98A0632AB010BC08BC04B060
:1041C00018470000000400500FB470B50699059818
:1041D0000F9A08430E99114308430B9908430C9911
:1041E00008430A9908430D990843049949680F4AFE
:1041F0001140084304994860FDF702FE7D240546FE
:10420000E4000BE0FDF7FCFD401BA04206D91020A6
:104210001290032070BC08BC04B018470498806852
:10422000C043C006EED40020F4E700000F0000FCFD
:104230000FB470B520200A90C0020F900AA8FEF7B4
:10424000A7FD1A480169012292041143016118492E
:104250001848002412C07F21016084600461FF219E
:10426000446141600838FFF7B7FA134D6946287872
:10427000C87468784874A8788874012204A90D4825
:10428000FFF70CFBE8786946087528794875687966
:104290008875CC750894012205A906480994FFF792
:1042A00065FB70BC08BC04B0184700004010024019
:1042B00000280040D8040020AE000020F0B51C48C3
:1042C0009BB0816B01229203114381635010022540
:1042D000012616A961C1174F002416A93846199561
:1042E0001A94FDF7D7FC03208003169016A91A94A0
:1042F0003846FDF7CFFC10480090FF2005300190B4
:1043000038200294079007200B900A9403A970C1EB
:1043100028020690089409946846FFF7B9FB0098B4
:10432000006840210843009908601BB0F0BD000000
:104330000010024000040050003800400FB410B5D7
:104340000123DA1E082102A8FDF7CEFE10BC08BC2E
:1043500004B01847704700008307FF22DB0E9A4025
:104360008907090E994000280BDA0007000F08386A
:10437000830808489B001818C36993430B43C36123
:104380007047830804489B001818036893430B4345
:104390000360704700ED00E000E400E00346012008
:1043A000002201E05843521C8A42FBD370470000B0
:1043B000F0B585B0044600206946088020462030CC
:1043C000029074E19A891607360F26D0B100019148
:1043D000415A1980198809046FD50199415ABB4A7D
:1043E0001140019A81521C2070430519FF3509358F
:1043F000A87A002820687DD029788A00825A520441
:1044000079D55022125ACB00B14912185918515A75
:104410008F05BF0D70D0EA88BCE09A89D2062AD4F5
:104420000188AC4A1140018020685021095A254674
:10443000283509182878C200A5481018085A8005A0
:10444000800D2064A16B0818A06300212046FDF7B1
:10445000E2FE029800790028B3D068690028B0D144
:1044600002980079802108432168403188810299AF
:10447000002008711BE12546FF35028809351A80A6
:104480001A8812051AD5098A09182878C200904896
:10449000001D1018085A294683059B0DAB61AA8898
:1044A000E431206800F01CF920680188874A114037
:1044B00001802046FEF71AFCF9E08FE01988090414
:1044C000D8D50188814A1140018020685021095ABD
:1044D0007F4E08182978361DC9008919405A83056E
:1044E0009B0DAB610CD0AA882969206800F0F8F810
:1044F000A96902E030E041E050E0286940182861F5
:1045000000212046FDF793FE20685021095A081823
:104510008219E8683E280AD9C102090CC00601D1F7
:10452000491E89B288020121C903084306E0C1037C
:10453000090CC00701D0491C89B28802108020688C
:104540000188654A11400122120351405200514036
:10455000624A11430180AAE05021095A0A182978B9
:10456000CB005B49091D5918515A8F05BF0D20D04A
:10457000AA883B46296900F0B3F81AE05022CB0024
:10458000125A53491218091D5918515A8F05BF0D57
:1045900004D02A893B46296900F0A2F829782068CE
:1045A0008900425A4B4B80331A404C4B40331A43DC
:1045B0004252A869C019A8612869C2192A616B69A9
:1045C000002B02D0E868B84204D929782046FDF7CC
:1045D0002EFE03E029782046FEF7B0F868460088F2
:1045E000000664D51C204643206801993519415ABC
:1045F000384A1140019A81522835A87A002820684B
:1046000011D029788A00825A52061ED55022125A99
:10461000C90012182E480818105A83059B0DAB616B
:1046200024D0EA881EE05021095A09182878C200CF
:1046300027481018085A83059B0DAB6121D0AA8822
:104640002969206800F05BF81BE05022125AC9006B
:1046500012181F48001D0818105A83059B0DAB61E6
:1046600004D02A892969206800F049F8297820684F
:104670008900425A174B80331A40174BF1331A43C3
:10468000425220685021095A09182878C20010485F
:104690001018085A8005800DA86129690A182A6136
:1046A0006B692978002B20460DD0FEF727F920688A
:1046B000014640318A886B469A81120400D581E612
:1046C000002005B0F0BDFDF7A6FDF0E78F0F00005C
:1046D000020400000F8F00008FBF000080800000E8
:1046E000101801225B1C92025B088018002B05D079
:1046F00002880A80801C891C5B1EF9D17047101843
:1047000001225B1C920210B55B088018002B08D0B8
:104710004C780A78240214430480801C891C5B1E98
:10472000F6D110BDF0B50020B9B010901A901490D9
:1047300006901B900A9009901F900746044625900A
:104740002890279024901822FD492BA8FBF7FAFC0B
:104750001420119000202690FA48FDF791F80228C5
:104760007ED3F948FDF78CF8C0B20790F5482430A5
:10477000FDF786F8C0B22990F3481838FDF780F8A5
:10478000C6B2F148001DFDF77BF8C0B21390ED48AA
:104790002C30FDF775F8C0B20C90082E00D9082611
:1047A000EA4D13E0E7483F1DBFB230303818FDF73F
:1047B00067F861006852E34870303818FDF760F818
:1047C000E249A2001031641C8850A4B2B442E9D37B
:1047D000DD4F0024583F07E0A000C019FDF750F856
:1047E000DB490855641CA4B2B442F5D3D74C002071
:1047F000205EFBF76BFFD74D2946FBF775FD1E903A
:104800000220205EFBF762FF2946FBF76DFD1D903D
:10481000CC482C38FDF734F80104C0B20890C948E0
:10482000090E0E912838FDF72BF8040E030C010A2F
:104830003038303CC5B2E4B2303BC248DBB230392C
:1048400001940093CCB22438FDF71AF8010A3039EC
:10485000C0B2CFB2FCF782FA059002A8B0C000E067
:1048600086E2019C009BB94801930094BAA1603094
:10487000089B0E9A04F01CFF0320400209F0D2FFAF
:1048800004460B2009F0CEFF052009F0CBFF0720DE
:1048900009F0C8FF092009F0C5FF042009F0C2FF94
:1048A0000A2009F0BFFF0C2009F0BCFFB0A0009067
:1048B000B2A00390B3A00290B4A00190B6A008905B
:1048C000B7A00590B9A0049003226C21204603F004
:1048D000E9FE00200099225C09788A421ED100215D
:1048E0004218A35C009A525C934203D1491C89B2DE
:1048F0000B29F5D30B2911D1954D002165354218AF
:104900001219D37A292B02D1127B0D2A04D06B54B1
:10491000491C89B20C29F2D300226A540399225C03
:1049200009788A4220D100214218A35C039A525C84
:10493000934203D1491C89B20529F5D3052913D126
:10494000834D00210835421813195A792E2A09D0AF
:104950003E2A02D19B793E2B04D06A54491C89B26D
:104960001E29F0D300226A540299225C09788A42F7
:1049700020D100214218A35C029A525C934203D1D9
:10498000491C89B20729F5D3072913D1704D00219D
:10499000273542181319DA792E2A09D03E2A02D176
:1049A0001B7A3E2B04D06A54491C89B21E29F0D3CD
:1049B00000226A540199225C09788A4220D10021A0
:1049C0004218A35C019A525C934203D1491C89B2FC
:1049D0000929F5D3092913D15D4D00214635421827
:1049E00013195A7A2E2A09D03E2A02D19B7A3E2BDD
:1049F00004D06A54491C89B21E29F0D300226A549B
:104A00000899225C09788A4227D100214218A35CC8
:104A1000089A525C934203D1491C89B20429F5D308
:104A200004291AD14A4D00217135421813191A79F7
:104A30002E2A02D03E2A04D006E05B790D2B08D046
:104A400002E05B793E2B04D06A54491C89B21E29CE
:104A5000EBD300226A54012126910599225C097842
:104A60008A4220D100214218A35C059A525C9342ED
:104A700003D1491C89B20A29F5D30A2913D1334D30
:104A800000216035421813199A7A2E2A09D03E2A3D
:104A900002D1DB7A3E2B04D06A54491C89B20B291F
:104AA000F0D300226A540499225C09788A4220D10A
:104AB00000214218A35C049A525C934203D1491C22
:104AC00089B20C29F5D30C2913D1214D0021903541
:104AD000421813191A7B2E2A09D03E2A02D15B7B79
:104AE0003E2B04D06A54491C89B26429F0D30022B9
:104AF0006A54401C032180B24902884200D2E9E690
:104B0000204609F083FE009809F080FE039809F022
:104B10007DFE029809F07AFE019809F077FE089868
:104B200009F074FE059809F071FE049809F06EFE14
:104B3000064A22A162322BA804F0BAFD014843E0E4
:104B4000ACF500083C00080878010808F80B0020C4
:104B500044010020000020412530326425303264B9
:104B60002564256425642564256425630000000010
:104B700074696D65207A6F6E653A28006C6F676F97
:104B80003A0000004465766963653A004669726DD3
:104B9000776172653A00000075726C3A000000009F
:104BA0004465766963652049443A0000646573632F
:104BB00072697074696F6E3A00000000303A2F25F8
:104BC000732E7064660000001838FCF759FE044626
:104BD000FB48FCF755FE0102090E0F910104C0B21B
:104BE0000490F748090E1691001DFCF749FE0102DA
:104BF000090E0B910104C0B2090E15900891F148FD
:104C0000FCF73EFEC0B22A90012000050D90EC4852
:104C100005940C30FCF734FE00B2FBF757FDEA4C6C
:104C20002146FBF761FB2390E5481030FCF728FE96
:104C300000B2FBF74BFD2146FBF756FB2290E04804
:104C40001430FCF71DFE0599FBF752FA00B2FBF792
:104C50003DFD2146FBF748FB1990FBF7CFFDDB4AF2
:104C6000DB4BFBF78BFBFBF7DDFDD64C2190703C5B
:104C70002046FCF705FE01287AD005980028FBD0D5
:104C80000122D4A1D44807F045F80798012801D0A3
:104C900006220BE002222BA9D04807F063F8002877
:104CA0000CD02BA9CEA007F0F7F802222BA9CB48F5
:104CB00007F058F801212046FCF7F0FD0020DAE06B
:104CC000022206A80D9903F0C5F90D986946801CCB
:104CD0000D90487E097E0002401800B20024039027
:104CE000C3E0C248A50047590C993846FBF700FAC3
:104CF000002903D00C998F4200D9401C81B2BC48D6
:104D0000005D002802D0012833D039E0B74A6000A6
:104D1000103A135E039A934232DDB44A3032125A8B
:104D2000002A04D1B14B6C331F5A7F1C1F52AF4B6A
:104D30008C331F5A7F1C1F521F46103F3B5A8B4219
:104D400004D85B1C9BB23B528B4206D3A74920314F
:104D50000B5A002B01D101230B52A44B521C3033B0
:104D600091B219522C331A5A8A420ED219520CE0BF
:104D7000FEE39E4A6000103A135E039A9342CCDB36
:104D80009A480021620030308152984867002030F4
:104D9000C05B012867D100201490944901984031EC
:104DA000401CC8530C99019848432D214901FBF739
:104DB0009FF980B21090009108463C21FBF798F9CA
:104DC0000A903C210098FBF793F909910B990A98F6
:104DD000401880B2029009990898081880B2009093
:104DE00011983C2807D33C21FBF782F9009A1191D6
:104DF000801880B2009000983C2807D33C21FBF734
:104E000077F9029A0091801880B2029002981828CF
:104E100005D31821FBF76CF980B202911490149914
:104E20001098049A401883B216990F98FCF7A4FEC4
:104E3000704801786D485038C1536F48017831A8E7
:104E400041516E48017869486038C15367490298FA
:104E50004039C85310310098C85310311598C853C1
:104E600002204031C853641CA4B2B44200D238E7D7
:104E70000198401C80B205990190884200D21FE73A
:104E80004F48FCF7FDFC0102090E0F910104C5B269
:104E90004B480C0E001DFCF7F3FC0102090E0B91B0
:104EA0000104090EC0B2089115904B21C900059864
:104EB000FBF71EF9002900D0401C80B21C9001F0C5
:104EC000F1FC01F017FD0798012823D101F028FD1E
:104ED000002003460246009049A14AA002F056F87D
:104EE0000C214AA009F064FD4C4F4D4A4D4B4EA099
:104EF000009702F073FC4A4A4C4B4BA0009702F01B
:104F00006DFCF81C0090314A494B47A002F066FC4A
:104F100001F05EFF3CA347A2002148A001F0DAFFA8
:104F2000C0B20490002003460246009034A135A090
:104F300002F02CF801F0F4FC0721049802F03CF890
:104F40004A200090294620463F230F9A02F040F95C
:104F50003F2000903F23159A08990B9802F076F9AC
:104F600005980A21401E0590012001900598FBF745
:104F7000BFF803900C984143029105980A2863D327
:104F80001A99039840180C991A9048432D21490109
:104F9000FBF7AEF80F4680B2109038463C21FBF785
:104FA000A7F80A9038463C21FBF7A2F809910B9923
:104FB0000A98401880B20D900999089808184BE09B
:104FC0001C0008080C02080800002041333333336A
:104FD0003333D33F303A000008070020380900205F
:104FE000303A2F73797374656D000000080C00204F
:104FF0004401002020010020210100202201002086
:105000007267620066696C6C000000002F463320F6
:10501000342E37382054660A0000000025020000B4
:1050200066666666667668405800000066067940E7
:1050300033AB7D40686F73740000000048656C7688
:1050400065746963610000000B990A98401880B28A
:105050000D9008990998401880B211900199029812
:105060004843062148431599401887B23C2F09D37D
:105070003C213846FBF73CF8024611980F461018C1
:1050800082B2119211983C2808D33C21FBF730F8EA
:1050900002460D981191101882B20D920D981828A1
:1050A00007D31821FBF724F8149A0D91801880B2C9
:1050B0001490149910982A46401883B221460F98EC
:1050C000FCF75AFDFE480278FE4816920178FE4829
:1050D000189101781791002114914A2000900199AC
:1050E0002F2041433F318BB220911799189802F03D
:1050F0006FF83F200090209911988BB2C1B20D98A3
:10510000FAB2C0B202F0A2F80198401C80B201903D
:105110000B2800D231E70C9A099902988918401897
:1051200080B209903C2807D33C21FAF7E1FF0A9AA4
:105130000991801880B20A900A98182807D318217C
:10514000FAF7D6FF109A0A91801880B2109005984D
:105150000521401C0590049801F02EFFDB4AB82180
:10516000DBA001F0B9FF4F22D200B521D8A001F099
:10517000B3FFD64AB9211C3AD5A001F0ADFF972262
:105180009200C921D2A001F0A7FF0798012805D1FC
:10519000FF22A632BB21CEA001F09EFF139801286A
:1051A0000CD0432010A908720020487208210498EE
:1051B00001F002FF0798012802D007E04620F1E73E
:1051C000FF22A332C621C3A001F086FF0921049863
:1051D00001F0F2FEBD4ABB21121F12A801F07CFFB4
:1051E0009D229200B82112A801F076FFB74ABC2197
:1051F000203A12A801F070FF4B22D200CC2112A855
:1052000001F06AFF0798012805D1FF22A232BE21D2
:1052100012A801F061FF1398AF4F00283ED0212162
:1052200049061E98FBF71BF8AC49FBF720F8AC4980
:10523000FBF75AF80221FBF795F83946FAF7BEFF5B
:10524000FBF786FA80B221211A9049061D98FBF7D8
:1052500006F8A249FBF70BF8A149FBF745F8022134
:10526000FBF780F83946FAF7A9FFFBF771FA80B22D
:105270001490002E49D00721049801F09DFE452787
:10528000FF0039461A9A1E9802F036F8012E13D9FB
:105290003946149A1D9802F02FF80FE002211E984B
:1052A000FBF760F83946FAF789FFFBF751FA80B24D
:1052B0001A9002211D98D3E7002E26D0834F12A802
:1052C0004B3F39461A9A01F007FF012E05D939469E
:1052D00012A8149A01F000FF01E0002E15D005215C
:1052E000049801F069FE1A984727C01C82B2FF009B
:1052F000394677A001F0F0FE012E06D91498394600
:10530000C01C82B272A001F0E7FE832080001E90D4
:105310000798012802D16D487D381E900521049818
:1053200001F04AFE002012E06E487900405EFBF773
:10533000CDF96A49FAF7D8FF39460C2251431E9A33
:10534000511A8AB2322101F0D7FF781C80B2074689
:10535000B042E9D300270FE06248B900103040584E
:10536000012807D00C211E9A7943511A8AB2B02124
:1053700002F098F87F1CBFB2B742EDD3079800281F
:1053800012D100270EE05848C05D00280ED00C2036
:105390001E997843081A82B2832154A001F09CFE22
:1053A0007F1CBFB2B742EED3002084E00C201E99D0
:1053B0007843081A82B283214DA0EFE7470049489D
:1053C0003030C05B02285AD146486C30C05B0028A0
:1053D00055D00798002809D11D980C2148431E99E3
:1053E000081A82B2EB2143A001F076FE1D980C2131
:1053F00048431E993B4B081A80B23A492090103915
:10540000203BC95DDB5D0390FF2236481A320093D2
:10541000029201913038C35D1038C25D1038C05D12
:1054200084461D98810031A8405C614602F0FEF977
:105430002C480C995030C05B209A4843FF215D31C5
:1054400002F002F82748FF217C30C05B9A31209A95
:1054500001F07CFF23480C996C30C05B209A4843D4
:10546000FF21CE3101F0F0FF1E480C999C30C05B4B
:10547000209A48431549813901F0E6FF18E0079862
:1054800000280AD11D980C21484383218900081A5D
:1054900082B2EF2119A001F01FFE1D980C21484394
:1054A0001E99081A82B2FF212E3115A001F014FEB8
:1054B0001D98401C80B21D90B04223D27EE70000B0
:1054C000200100202101002022010020860200008E
:1054D0006F0000005D000000000049430000204113
:1054E00000009041F80B0020440100203E00000025
:1054F0003C000000414C41524D0000004F4B000069
:105500002D0000001398012830D1FE4F2398394612
:10551000FAF7ADFEFC49FAF7E7FE21214906FAF752
:105520004DFE239039462298FAF7A1FEF649FAF784
:10553000DBFE21214906FAF741FE229039461998EF
:10554000FAF795FEF049FAF7CFFE21214906FAF75E
:1055500035FE199039462198FAF789FEEA49FAF79B
:10556000C3FE21214906FAF729FE2190079800E0A1
:10557000FEE300287ED00721049801F01DFDE34AD8
:10558000D021E34801F0A8FDE04AFF213832033181
:10559000E04801F0A1FDDD4FA421343F3A462398B5
:1055A00001F0AAFE9D229200A121229801F0A4FE02
:1055B000D64A8B21503A199801F09EFE4B22D20018
:1055C000B521219801F098FE1598FF211990089AAD
:1055D000A93101AB009283C3214628460B9B0F9A49
:1055E00002F024F9B122FF21920080310C9801F0E1
:1055F000ADFEC948FCF744F9FF2180B2C34A8631A9
:1056000001F0A4FEC4480838FCF73AF9BF4AFF216C
:1056100080B22D32173101F099FEBC49119B2D311A
:10562000199803910190DFB20D98AF220292C3B294
:105630000097169A1799189802F0F8F89D2189009A
:10564000199803910190FF220D9899320292C3B2EA
:105650000097169A1899179802F0E8F80598AB4A3F
:10566000FF2180B2503A963101F070FE1098632805
:10567000AA4800E004E0009072D9FF23BC3371E037
:105680000A21049801F098FCA3480838FCF7F8F8C0
:105690009E4FFF212D3780B23A46173101F056FE5A
:1056A00039461598119B1D9003910190DFB20D981A
:1056B00087220292C3B20097169A1799189802F09F
:1056C000B5F8924A6421924801F006FD8F4ACF2135
:1056D0003832904801F000FD904A95212A322398F3
:1056E00001F00AFE9D2292009521229801F004FE0D
:1056F0008A4A98210E32199801F0FEFD874AAD21A1
:10570000219801F0F9FD854B0898FF221D99009022
:105710002A33A53201A80EC0294620460B9B0F9ABA
:1057200002F084F89D2189001D9803910190FF22C9
:105730000D9874320292C3B20097169A179918986E
:1057400002F074F80598754AFF2180B20E32743168
:1057500001F0FCFD7148FF237433009002E0FFE785
:10576000FF23C033099A0A99109801F017FE0A2105
:10577000049801F021FC2698002802D107980128FE
:1057800005D064482F2239210C3001F0A5FC1C986B
:10579000FF22401CC1B210902F23F832012001F0EB
:1057A00083FD0721049801F007FC1398002801D01D
:1057B00000271FE000201D9003E0122801D9584F58
:1057C00000E0002781003220401AFAF77FFF1D9980
:1057D0003A370A01FF219431891A8AB2B9B201F02D
:1057E0008BFD1D98401C80B21D901528E5D326E046
:1057F000042F01D24A4808E038461038022801D266
:10580000022002E0122FF5D800200190B9003220CA
:10581000401A122148430A21FAF780FC2030FAF797
:1058200055FFFF213A019431891A8AB201993A3120
:1058300089B201F061FD7F1CBFB2152FD8D3079844
:10584000002809D001F0C4FA01F06AF80D2135A052
:1058500009F0E2F8002705E21A21049801F0ACFBF8
:10586000C1229200322133A001F036FC00273449D6
:105870007F223B46D205081D009701F087FB254893
:10588000C122FF219200A0315D3801F025FC2C4996
:1058900000231A46081D009701F078FB0A2104989E
:1058A00001F08AFB194AE1212D3226A001F014FCF7
:1058B0001A4F32212A373A4629A001F00DFC9D22C9
:1058C000920032212CA001F007FC144A32210E3242
:1058D0002EA001F001FC114A322132A001F0FCFBA4
:1058E0003A46FF273937394635A001F0F5FB9D22AE
:1058F0009200394638A001F0EFFB084A39460E32D3
:1059000038A075E00000904100002041B602000080
:10591000580C0020A90100206C0008085802000063
:10592000FEFF00002F463120372E33352054660A03
:105930000000000044617461205265706F72740051
:1059400000500008576F726B20646179733A202011
:105950002020202020202020646179730000000096
:10596000486967686573742054656D706572617409
:105970007572653A000000004C6F776573742054AF
:10598000656D70657261747572653A004176657215
:105990006167652054656D70657261747572653AF2
:1059A000000000004D65616E204B696E657469638F
:1059B0002054656D70657261747572653A000000FF
:1059C00053746172742054696D652F4669727374E3
:1059D00020506F696E743A0053746F702054696D73
:1059E000653A00004461746120506F696E743A003A
:1059F00001F072FB4B22D2003946EEA001F06CFBA5
:105A0000F04A3221F0A001F067FBFF21299805310F
:105A1000EC4A00284FD0F5A001F05EFBE94A3221A4
:105A20000B3AFCA001F058FBB12292003221FE4853
:105A300001F052FBE34AFC48383A32211C3001F0B5
:105A40004BFBE04AA121383AF8A001F045FBF648AB
:105A5000B1229200A321083001F03EFBB122FF21C8
:105A600092003931F5A001F037FB5527FF003A4687
:105A70003221F7A001F030FBD24ADF21383A0C98EE
:105A800001F064FCFC48FBF7FBFE80B23A46DB21E8
:105A900001F05CFCB12292005721F84801F01CFB98
:105AA000F648B1229200D2211F3001F015FBF34FCE
:105AB0000020693703E0F2A0AEE7401C80B2395CF9
:105AC0000029FAD11D2817D945280BD9EB485522B2
:105AD000FF21D2003931AE3001F0FEFAE749002053
:105AE000A9318871B74AE548FF21383A3931863003
:105AF00001F0F2FA0020B877E048B122FF219200CD
:105B00008331693001F0E8FA0B21049801F054FA6E
:105B1000AC4A32211C3AE4A001F0DEFAA94A322153
:105B20005C3AE7A001F0D8FA1398E94A002871D04E
:105B30003221E8A001F0D0FA0721049801F03CFAE4
:105B4000FF22A7327421E7A001F0C6FA09210498C8
:105B500001F032FADE4F65219A373A46E2A001F0B1
:105B6000BBFAFF213A463B31E3A001F0B5FA05212B
:105B7000049801F021FA892292003C21E7A001F06B
:105B8000ABFA892292007421E7A001F0A5FA8922DC
:105B90009200AC21E7A001F09FFA89229200EA214D
:105BA000E7A001F099FA8922FF2192001D31E6A0B9
:105BB00001F092FAC64FFF2185373A465931E6A0E7
:105BC00001F08AFAFF217A1F5531E6A001F084FA2C
:105BD000FF21BA1E8931E8A001F07EFAFF213A4682
:105BE000C931EAA001F078FAFF217A1FC531E9A096
:105BF00001F072FA3A46FF27FF373946EAA001F072
:105C00006BFAB34A39468032EAA001F065FA002700
:105C100014E0FFE73221EBA08CE7EE48B9004058D2
:105C2000012809D10C20832178438900081A82B207
:105C3000AC21E9A001F050FA7F1CBFB2B742ECD30F
:105C400074E0E448B9004058012809D1A0490C206B
:105C500078436831081A81B20022AC2001F068FC58
:105C60007F1CBFB2B742ECD3002710E0834827382F
:105C7000C05D00280FD096490C2078436831081A7F
:105C800081B20422732001F053FC7F1CBFB2B742E3
:105C9000ECD3002726E08E490C2078436831081A9F
:105CA00081B20322EEE7CB4978002031095A02295C
:105CB0000CD1C8495C31085A002807D084490C200F
:105CC00078436831081A81B2012206E080490C202D
:105CD00078436831081A81B20222E92001F028FCD9
:105CE0007F1CBFB2B742DED30C21BEA008F094FEE9
:105CF0003449FF2005220B39233001F019FC07201D
:105D00000E9029980627002802D1062007270E901A
:105D1000FF210E987F31081A2A490E9A01F008FCDB
:105D2000FF203A4627498A3001F002FC01F050F882
:105D300001F036F8012006F081FC012006F0ACFEEF
:105D400008F0E2FD0020034602460090A849A9A001
:105D500001F01CF90220072700900C234F223D215F
:105D60000197362004F090FB02200B239B0100E0FA
:105D7000FEE300904F2249210197362004F084FB76
:105D80003821352001F0C6F887203821800001F045
:105D90003DF8022199A008F03FFE954A08A334324D
:105DA00010460021083001F095F8C0B204900020A0
:105DB000034625E154726970204C656E6774683A39
:105DC00000000000EE0200004E6F74653A416C6CFA
:105DD0002074696D65732073686F776E20617265DA
:105DE000206261736564206F6E000000616E642044
:105DF00032342D486F757220636C6F636B5B4D4D51
:105E00002F44442F59592048483A4D4D3A53535D39
:105E10000000000046696C6520437265617465642A
:105E20002054696D653A0000844B00084C6F672070
:105E3000496E74657276616C3A0000005472697044
:105E4000206465736372697074696F6E3A00000054
:105E50005374617274204D6F64653A204B65795FAD
:105E60007374617274202020202020537461727436
:105E70002044656C61793A006C0008086B010020D1
:105E8000616E642032342D486F757220636C6F63CD
:105E90006B5B44442F4D4D2F59592048483A4D4D86
:105EA0003A53535D00000000446576696365204302
:105EB0006F6E66696775726174696F6E00000000CD
:105EC0004C6F6767696E672053756D6D61727900FD
:105ED000A101000054656D70657261747572655B37
:105EE00020465D006F000000416C61726D2073659B
:105EF0007474696E677300005374617469737469B4
:105F0000637320616E64206D6561737572656D6584
:105F10006E7420726573756C7473000054687265DA
:105F200073686F6C6400000042656C6F772F4F766A
:105F300065720000416C6C6F772054696D650000DC
:105F400053746174757300004669727374207472BF
:105F5000696767657265640054696D652066726F74
:105F60006D000000737461727420746F2076696F25
:105F70006C6174696F6E00004E756D626572206FA2
:105F8000662076696F6C6174696F6E004D61786927
:105F90006D756D0074696D65206F662076696F6C34
:105FA0006174696F6E000000546F74616C207469D5
:105FB0006D6500006F662076696F6C6174696F6E45
:105FC0000000000054656D70657261747572655BE8
:105FD00020435D00080C00206F6E652074696D65BC
:105FE000000000002F463120392E332054660A006D
:105FF000005000087374726F6B650000530A000054
:10600000FE4902460090081D00F0C0FF00F088FC29
:106010000521049800F0D0FF002738464F2148435F
:10602000773081B26122D200F5A001F055F87F1CD3
:10603000BFB2062FF1D30921049800F0BDFF00275D
:106040001398002838460FD04F2148437A3081B248
:10605000EC4AEDA001F040F87F1CBFB2062FEFD351
:106060000798002807D01CE04F2148437A3081B2BE
:10607000E44AE6A0EEE78D20E24A0E900F32382186
:10608000E34801F029F8002738464F2148433B30C8
:1060900081B2DC4ADFA001F01FF87F1CBFB2062FDF
:1060A000F2D30798012805D1AF200E90072104985C
:1060B00000F082FFD3490E9A1598119B0F31099079
:1060C00003910190DBB20D9800930292C3B2169A2D
:1060D0001799189801F0AAFB2698002802D1079872
:1060E00001280FD0C54ACEA334320021CDA000F044
:1060F000F1FEC0B20A2100F05FFF2F223921CD4806
:1061000000F0EAFF00F064FE08F01CFC1321CAA0B6
:1061100008F082FC022006F0BFFC08F0F5FB00202E
:10612000034602460090B549C84800F02FFF0227F9
:1061300000972D23FB227C213020019704F0A4F945
:10614000FF2000972D23F0227C213730019704F0A7
:106150009BF9FF2200973923F732BE2130200197A7
:1061600004F092F9FF2100970C23A8220731302078
:10617000019704F089F9FF22FF2100970C23F932DF
:1061800007313020019704F07FF924200E90079802
:10619000012801D127200E900A21022001910090B0
:1061A000FF213822133130200E9B04F06DF90A21B3
:1061B00001910E99701C0090FF310C233822302081
:1061C000133104F061F902200090FF23FF22FF2128
:1061D00001904433DB32B4314C2004F055F93821BE
:1061E000352000F097FE87483821DD3800F00EFE9C
:1061F000022197A008F0DCFB7F20C005002300905F
:106200001A467E49914800F0C1FE0121090502228B
:1062100006A801F01FFF8F486F460D90787E397EEB
:106220000002401800B2FAF751FA8B49FAF75CF80D
:106230000221FAF797F88949F9F7C0FF0146009063
:106240004C2000F081FEFF210598DB31884248D2C6
:10625000012801D0012731E06A480099DD3800F0BB
:1062600017FEC2E0022206A80D9901F0F3FE0D9878
:106270006946801C0D90487E097E000240180599F1
:1062800000B202291ED0FAF721FA7349FAF72CF866
:106290000221FAF767F87149F9F790FF0090FF21A2
:1062A0003846DB3148430599491EF9F721FF4C3048
:1062B00080B2009900F0ECFD7F1CBFB205988742C8
:1062C000D0D392E0FAF702FA6349FAF70DF8022107
:1062D000FAF748F86149F9F771FF01464948DD3896
:1062E000E8E75F4988423DD206215EA008F060FBE6
:1062F000012000050D900598401EFAF7F2F90146BD
:106300005A48F9F7F1FF0027019027E0022206A87A
:106310000D9901F09FFE0D986B46801C0D90587EE4
:10632000197E0002401800B2FAF7D0F94A49F9F78D
:10633000DBFF0221FAF716F84849F9F73FFF009012
:106340003846FAF7CEF90199F9F791FF4849F9F77C
:1063500035FF009900F074FD7F1CBFB2059887429D
:10636000D4D942E001200005FF210D90DB310598D2
:10637000F9F7BEFE80B2009000200190002712E0E5
:10638000022206A80D9901F065FE0D986946801C51
:106390000D90487E097E000240181B9900B2081833
:1063A0007F1CBFB21B9000988742E9D301461B981F
:1063B000F9F7B4FEFAF78AF92749F9F795FF0221B0
:1063C000F9F7D0FF2549F9F7F9FE014601984C305D
:1063D00080B200F05DFD00201B900198FF21401C61
:1063E00080B2DB3101908842C8D3032121A008F09C
:1063F00013FB002E6AD0002003463DE00050000849
:106400006F0000000303000046000000430000008E
:10641000145E00084461746520202054696D650095
:106420000000000048656C7665746963612D426FF9
:106430006C640000B50100200A656E6473747265B7
:10644000616D0A656E646F626A0A0000F45F00089D
:10645000530A0000020010000000204100004B43DE
:1064600084120000302E3120770A00000000ED4336
:1064700000009842530A0A007F27FF0500903A4621
:10648000F649F74800F082FD03221146384608F02D
:10649000B1FF1A98801CFAF724F903461946F14A0D
:1064A0004C2008F07BFF012E0AD91498801CFAF7C3
:1064B00018F903461946EB4A4C2008F06FFF01E03B
:1064C000002E03D00221E8A008F072FA0020034653
:1064D00002460090E149E24800F058FD0322012104
:1064E000E24808F087FF0026FF2784373001391A79
:1064F0000B46DC4A4C2008F031FF761CB6B2132E56
:10650000F4D3002630462F2148430246FF217E3235
:10651000552396317B3008F021FF761CB6B2092E48
:10652000F0D30421D24808F043FA08F00BFAD0481F
:1065300012213C3808F070FA012000050D9000206F
:106540005EE100F0D7F9C54AC948CAA33432002138
:10655000503800F0BFFCC6B20020C04903460246D6
:106560000090081D00F012FD00F0DAF90A2100E0A9
:1065700054E1304600F020FD1098FF22C1B2079888
:106580002F23801CC0B2F83200F08EFEB34AB9A3AC
:10659000343210460021083000F09CFCC6B27F2047
:1065A000C005AE49002300901A46081D00F0EEFC1D
:1065B0000621304600F000FD4B21C9000598F9F78F
:1065C00097FD024607980E46824213D16421059832
:1065D000F9F78EFD0029304608D06421F9F788FDCF
:1065E000401C0E90642000270A90FEE06421F9F719
:1065F0007FFDF6E70620F4E71C980799401E8142CC
:106600000AD10E98401E874206D164210598F9F7F9
:106610006FFD002902D00A910026E0E064200A9074
:10662000FAE7022206A80D9901F014FD0D986946BB
:10663000801C0D90487E097E00024018139900B21C
:10664000002916D0FAF742F88B49F9F710FE8B496A
:10665000F9F74AFE21214906F9F7B0FD01902A9980
:106660001F9888426ED22498002808D0012827D08D
:1066700068E0FAF72BF88249F9F736FEEEE71F9843
:10668000804980004018FBF7FBF84B21C9000290BD
:10669000F9F72EFD0091002900D0401C80B2259012
:1066A00064210298F9F724FD0098279100297DD0F4
:1066B0006421F9F71DFD401CC0B2289001202490F0
:1066C00007982599401C81423CD12898791C884222
:1066D00038D12798711C884234D1604A644865A338
:1066E00034320021503800F0F5FB00205B490346AE
:1066F00002460090081D00F049FCF000811B5F205D
:10670000C000401A82B238464F2148433B3081B224
:106710005DA000F0E1FC514A56A33432104600213E
:10672000083000F0D7FB7F20C0054C4900230090C3
:106730001A46081D00F02AFC002024901F98401CD7
:10674000C0B21F90F000811B5F20C000401A81B2D0
:1067500038464F2250433B3082B2019B0998039246
:10676000019008980293C0B200900B980491C3B2B4
:106770000F98E9B2C2B2E0B200F0D6FC0C990898CA
:10678000401880B208903C2827D33C21F9F7B0FC90
:106790000B9A0891801880B20B9018281DD36D1C9D
:1067A000ADB21821F9F7A4FC0B9100E038E0042CFD
:1067B0003ED0062C3CD0092C3AD00B2C38D0022CE1
:1067C00039D0202D02D30125641CA4B20C2C04D98D
:1067D0000F98401C80B201240F90761CB6B20A9824
:1067E000864200D21DE77F1CBFB20E98874200D2BE
:1067F00002E700F0EDFA00F0D3FA0798401C80B2EF
:106800001C990790884200D29BE600F091F820483E
:1068100004F029FF1F48406907F0F8FF39B0F0BDC8
:106820006421F9F765FCC0B228906420279045E701
:106830001F2DC8D2CAE70F98800705D164210F9891
:10684000F9F756FC002927D1FF2191310F98F9F76C
:106850004FFC002920D01D2D20D2BEE7005000089B
:10686000F45F000826020000530A0000CDCCCC3DA6
:106870007464000800000000000090410000C8425D
:1068800000002041100208084D41524B000000005A
:1068900038090020240100201E2D9ED30125032449
:1068A0009BE7000010B500F09BFA0021202309A20D
:1068B000C9430A4804F0C2FA0948FAF7E1FF002880
:1068C00004D0032107A008F0A7F810BD092106A0F5
:1068D000F9E70000312E322E33000000880B002033
:1068E000780108080D0A0000255044462D312E3449
:1068F0000A00000010B5074800214180818007F0A0
:10690000FBFF04F04BF8072103A008F085F807F01F
:10691000FBFF10BD2401002073747265616D0A00D5
:1069200010B5032101A008F077F810BD42540A0009
:10693000F8B50025BA4804F00DFA0024B94FBA4E54
:106940004DE0002C12D0A000401D08F0EFFC1521F6
:10695000B6A008F061F86D1C0A2D03DDF088401C1C
:10696000F08001250A2C03DA012006E00220ECE782
:106970003089F18880004018001D08F097FC0C2138
:10698000B0A008F049F8002C09D0A000801D08F044
:10699000A5FC3846FAF774FF01280DD010E003205B
:1069A00008F09CFC0B2008F099FC3846FAF768FFC9
:1069B000012808D1A74804E0A648283008F08EFC3A
:1069C000042008F08BFC0D21A3A008F025F8082076
:1069D00008F06CFC2121A4A008F01EF8641C30898A
:1069E0008442AEDB002477E0002C1BD02889800095
:1069F0000019001D08F09AFC1521A4A008F00CF85D
:106A0000E888844245D10A212889F9F771FB0029D9
:106A10000AD00E46084608F077FC01219AA007F03C
:106A2000FBFF06E00120E5E703219EA007F0F4FF4D
:106A30000A26E88800280AD008219BA007F0ECFF6E
:106A40002889E98880004018401D08F02FFC0621A5
:106A500098A007F0E1FF002C04D00025282027464D
:106A6000474313E0002506E0002D07D0A800401D95
:106A700008F034FC6D1CB542F6DB28E00220F7E795
:106A8000A8003818401D08F029FC6D1CB542F7DB42
:106A90001DE00B2189A007F0BFFF2889E98880004D
:106AA0004018401D08F002FC062182A007F0B4FF48
:106AB00000252820264646432046284327D0A80004
:106AC0008019401D08F00AFC6D1C0A2DF4DB0B2117
:106AD0007DA007F0A1FF641C534DE888401C844250
:106AE00082DBE888002825D0298989000818401D04
:106AF00008F01CFC152177A007F08EFF288908F00C
:106B000003FC072179A007F087FF00240AE0022098
:106B1000D8E7002C10D0288980000019001D08F04B
:106B2000DDFB641CE888401C8442F2DB0B2166A07C
:106B300007F072FF002406E00120F0E7002C02D0ED
:106B4000012C1DD10DE0052008F0F0FB162169A0F5
:106B500007F062FF10216DA007F05EFF0A2170A010
:106B60000CE0062008F0E2FB162162A007F054FFBB
:106B7000102166A007F050FF0F216CA007F04CFF1A
:106B80000B216EA007F048FF641C022CD6DBE888BE
:106B9000002804D0298989000818083002E02889D3
:106BA0008000C01D08F0C2FB172167A007F034FF6A
:106BB000E888002804D0298989000818401D00E0D1
:106BC000012008F073FB0A2165A007F025FF1021C2
:106BD00066A007F021FFE888002804D029898900F1
:106BE00008180B3002E0288980000A3008F08CFB7E
:106BF000072163A007F010FFE888002804D0298946
:106C000089000818083002E028898000C01D08F0BB
:106C10004DFB16215CA007F0FFFE07F0B1FEF8BDAA
:106C2000880B002078010808240100203C3C2F54E8
:106C30007970652F506167650A2F506172656E74B7
:106C4000200000002F436F6E74656E7473205B200C
:106C500000000000B21500005D0A2F5265736F75C9
:106C600072636573200000002F4D65646961426F97
:106C7000785B30203020353935203834325D0A3E9B
:106C80003E0A656E646F626A0A0000003C3C2F5445
:106C90007970652F50616765730A2F436F756E7445
:106CA0002020000031300A002F506172656E742080
:106CB000000000002F4B6964735B000031300A2F25
:106CC000506172656E7420005D3E3E0A656E646FB1
:106CD000626A0A003C3C2F547970652F50616765E9
:106CE000730A2F436F756E74200000000A2F4B69E2
:106CF00064735B003C3C2F547970652F466F6E7453
:106D00000A2F537562747970652F0000547970658D
:106D1000310A2F42617365466F6E742F00000000C8
:106D200048656C7665746963610A000048656C7635
:106D300065746963612D426F6C640A000A3E3E0A05
:106D4000656E646F626A0A003C3C2F547970652F4F
:106D5000436174616C6F670A2F506167657320002F
:106D60003E3E0A656E646F626A0A00007472616971
:106D70006C65720A3C3C2F53697A65200000000064
:106D80000A2F526F6F7420003E3E0A737461727452
:106D9000787265660A2D38340A2525454F4600006D
:106DA00010B507F0CFFD132103A007F035FE07480B
:106DB00000214180818010BD0A656E647374726524
:106DC000616D0A656E646F626A0A0000240100202A
:106DD00010B5032101A007F01FFE10BD45540A00A5
:106DE00010B507F099FC07480021017041704180FF
:106DF0008180C18001810449416181612A31C16181
:106E0000002010BD240100205C0B002000B585B0DF
:106E10000B46024607A1684602F04AFC002168467C
:106E200001E0491CC9B2425C002AFAD107F0C0FD5A
:106E300005B000BD2564202564206C0A0000000018
:106E400070B506468AB00846F9F7D8FC04460D46E8
:106E50003046F9F7D3FC02460B4609A102A801957A
:106E6000009402F025FC002102A801E0491CC9B2EF
:106E7000425C002AFAD107F09BFD0AB070BD000009
:106E8000252E3166313220252E326630206C0A00E4
:106E900010B504468AB00846F9F7B0FC019100909D
:106EA000224608A102A802F003FC002102A801E08A
:106EB000491CC9B2425C002AFAD107F079FD0AB038
:106EC00010BD000025642E313220252E3166373367
:106ED000206C0A0010B5044607A1F9F757F90028FD
:106EE00005D008A12046F9F751F9002801D0032068
:106EF00010BD042010BD000048656C7665746963A0
:106F00006100000048656C7665746963612D426FAD
:106F10006C64000000B585B00B46024607A16846C8
:106F200002F0C6FB0021684601E0491CC9B2425C80
:106F3000002AFAD107F03CFD05B000BD25642025EC
:106F400064206D0A0000000010B5044688B00846B1
:106F5000F9F754FC01910090224608A102A802F022
:106F6000A7FB002102A801E0491CC9B2425C002A2B
:106F7000FAD107F01DFD08B010BD000025642E30C9
:106F800020252E316630206D0A00000070B51C46A9
:106F9000154607A1049EF9F7F9F800283246214664
:106FA000284602D000F06AF870BD00F023F870BDEA
:106FB00066696C6C0000000000B5C2B209488DB073
:106FC000CBB20270437008A1684602F071FB002149
:106FD000684600E0491C425C002AFBD107F0E8FC4F
:106FE0000DB000BD240100202F462564202564201B
:106FF00054660A00F7B58EB00E980C464000000E9D
:1070000005D16000000E02D15000000E18D01046CD
:10701000F9F7F4FB06460F462046F9F7EFFB044666
:107020000D460E98F9F7EAFB03976F4670C70B46BB
:1070300002460AA104A802F03BFB002104A805E0D7
:107040000BA104A802F034FBF7E7491C425C002ABC
:10705000FBD107F0E1FC002011B0F0BD252E326617
:1070600020252E326620252E32660A72670A00001D
:1070700030203020300A72670A000000F7B58EB069
:107080000C461046F9F7BAFB06460F462046F9F7BC
:10709000B5FB04460D460E98F9F7B0FB03976F4613
:1070A00070C70B46024607A104A802F001FB0021AD
:1070B00004A800E0491C425C002AFBD107F0ACFCAC
:1070C00011B0F0BD252E326620252E326620252EE9
:1070D00032660A52470A000070B5A2B00C4E00900A
:1070E000B0881446131A70880D460A1A09A101A81F
:1070F00002F0DEFA002101A801E0491CC9B2425C9D
:10710000002AFAD107F088FC7580B48022B070BDE7
:107110002401002025642025642054640A28257356
:1071200029546A0A00000000FFB593B007460E46D6
:1071300017481F9D209CFAF7A3FB0006000E02D102
:107140003846374606461E98F9F758FB07910690D1
:107150001598169B1C9A1D99019600970D4E039346
:10716000049205910290B0880BA1231A70882A1A04
:1071700008A802F09DFA002108A800E0491C425C22
:10718000002AFBD107F048FC7580B48017B0F0BD31
:107190006000080824010020256420256420546430
:1071A0000A28253032642F253032642F253032648E
:1071B000202020253032643A253032643A2530329E
:1071C0006420202025302E316629546A0A000000F0
:1071D000FFB58BB007461C460E461248149DFAF7C1
:1071E0004FFB0006000E02D1384637460646019690
:1071F0000D980D4E00970290B0880CA12B1A708844
:10720000221A03A802F054FA002103A800E0491C46
:10721000425C002AFBD107F0FFFB7480B5800FB001
:10722000F0BD00006000080824010020256420252E
:10723000642054640A28253032642F253032642FAC
:107240002530326429546A0A0000000070B58AB003
:107250001C466B460E9D07C30A4E0BA1B0882B1A25
:107260007088221A03A802F023FA002103A800E084
:10727000491C425C002AFBD107F0CEFB7480B5802C
:107280000AB070BD240100202564202564205464C8
:107290000A28253032643A253032643A2530326487
:1072A00029546A0A0000000070B588B00C4E0191A4
:1072B0000090B0881C461B1A70881546121A09A146
:1072C00002A802F0F5F9002102A800E0491C425C86
:1072D000002AFBD107F0A0FB7580B48008B070BD18
:1072E0002401002025642025642054640A28256494
:1072F0002F256429546A0A0070B588B014460D46DB
:10730000F9F77CFA0B4E01910090B0880AA1231A7C
:1073100070882A1A02A802F0CBF9002102A800E026
:10732000491C425C002AFBD107F076FB7580B480D3
:1073300008B070BD24010020256420256420546419
:107340000A28252E316629546A0A000070B588B0D3
:107350000C4E0090B0881446131A70880D460A1A15
:1073600009A101A802F0A4F9002101A800E0491C2C
:10737000425C002AFBD107F04FFB7580B48008B057
:1073800070BD000024010020256420256420546481
:107390000A28256429546A0A00000000FFB58DB050
:1073A0001C4617461548169DFAF76AFA144E01282E
:1073B00010D00D986A460E9983C2B088FF242B1A0C
:1073C00070887434221A0FA103A802F071F9002109
:1073D00003A80AE00D986A460E9983C2B08811A1ED
:1073E0002B1A7088221AEFE7491C425C002AFBD155
:1073F00007F012FB7480B58011B0F0BD7801080869
:107400002401002025642025642054640A282530A6
:107410003264642530326468253032646D29546AE0
:107420000A00000025642025642054640A282530C1
:107430003264202020202530326420202020253076
:10744000326429546A0A000070B50D468AB01446A9
:107450003C21F8F74DFE0C4E01910090B0880BA135
:10746000231A70882A1A02A802F022F9002102A821
:1074700000E0491C425C002AFBD107F0CDFA758080
:10748000B4800AB070BD00002401002025642025CE
:10749000642054640A28253032643A253032642945
:1074A000546A0A00F7B5154C88B0A1881546571ADA
:1074B0006188099A561A01280DD03C21F8F718FE68
:1074C000019100903B4632460DA102A802F0F0F86F
:1074D000002102A807E03B4632460FA102A802F0B5
:1074E000E7F8F5E7491C425C002AFBD107F094FA63
:1074F00009986080A5800BB0F0BD00002401002039
:1075000025642025642054640A28253032643A25F5
:1075100030326429546A0A002564202564205464AA
:107520000A286F6E652074696D6529546A0A000027
:10753000F0B5B3B014000E4607466D4615D10B46A4
:10754000024639A1284602F0B3F8002101E0491CA7
:10755000C9B2685C0028FAD1684607F05DFA334684
:107560003A463EA1684602F0A3F8012C04D0022C52
:1075700006D0032C08D01DE033463A4643493BE091
:1075800033463A4642A137E033463A464FA1684671
:1075900002F08EF8002101E0491CC9B2685C0028A5
:1075A000FAD1684607F038FA33463A4655A168469C
:1075B00002F07EF8042C15D133463A4659A16846AC
:1075C00002F076F8002101E0491CC9B2685C00288D
:1075D000FAD1684607F020FA33463A4659A1684680
:1075E00002F066F8052C04D0062C0AD0072C0CD02B
:1075F00005E033463A465FA1684602F059F800219B
:1076000009E033463A4663A1F6E733463A466AA1B3
:10761000F2E7491CC9B2685C0028FAD1684607F055
:10762000FBF933B0F0BD0000312030203020312094
:10763000256420256420546D0A5B3C303242443E70
:107640002D343C303331343E31303C303332363EF1
:1076500031313C303332383E00000000333C3033AF
:1076600032313E31323C30333243303330433E34BA
:107670003C303332463E363C303332363E31313C9C
:10768000303332383E5D20544A0A00005CFE000868
:107690003120302030203120256420256420546D95
:1076A0000A5B3C303242423E343C303332383E3367
:1076B0003C30333243303332353E31313C3033307D
:1076C00043303030333E5D20544A0A0031203020B0
:1076D00030203120256420256420546D0A5B3C3025
:1076E000324246303332383E363C303332363E3129
:1076F000313C303331423E2D363C3033313930333A
:1077000031363E002D323C303332363E31313C3062
:107710003331423E2D363C303331363E5D20544AC3
:107720000A0000003120302030203120256420253F
:107730006420546D0A5B3C30324246303332383E6E
:10774000360000003C30333046303333433033337F
:10775000393E2D363C30333136303332363E3333DA
:107760003C303331423E2D363C303331363E5D20A5
:10777000544A0A0031203020302031202564202551
:107780006420546D0A5B3C303331343E5D20544AF2
:107790000A000000312030203020312025642025CF
:1077A0006420546D0A5B3C30324141303241413EED
:1077B0005D20544A0A000000312030203020312062
:1077C000256420256420546D0A5B3C3032424130F0
:1077D0003242413E5D20544A0A00000000B5A5B087
:1077E00026990091019008A102A801F061FF0021F3
:1077F00002A801E0491CC9B2425C002AFAD107F094
:107800000BF925B000BD00003120302030203120A0
:1078100030203020546D0A25302E3166202564201A
:1078200054445B282573295D544A0A00FFB591B082
:1078300007460E4615481C9D1D9CFAF721F80006C8
:10784000000E02D1384637460646149B1A99139A01
:107850001B98019600970E4E039302920491059097
:10786000B0880CA1231A70882A1A06A801F020FFFC
:10787000002106A801E0491C89B2425C002AFAD125
:1078800007F0CAF87580B48015B0F0BD6000080834
:107890002401002025642025642054640A28253012
:1078A00032642F253032642F253032642020253079
:1078B00032643A253032643A2530326429546A0AF7
:1078C00000000000704770B50C46051E01DC404208
:1078D00005B27D21C9002846F8F720FC2070084633
:1078E0006421F8F71BFC607064212846F8F716FC49
:1078F00008460A21F8F712FCA0700A212846F8F77A
:107900000DFCE17070BD0000F0B54248C169090787
:1079100001D508210162416A404D3F4CA8782154AD
:10792000401CA8702078AA2835D160782646012707
:107930001236092813D00A282ED00B282BD1607CB0
:10794000552828D11221204604F097FF217C884237
:1079500021D10020E870A07B401CC1B245E06079D5
:10796000552818D106212C4804F087FF2179884238
:1079700011D12078307060787070A0780621401C9A
:10798000B070E078F0702448123007F0ECFB3071F2
:10799000607970712F71F0BD607B5528FBD10E218D
:1079A0001D4804F06AFF217B8842F4D10020E87072
:1079B000A07A401CC1B201E00A2812D0E878225C0B
:1079C0003254E878401CC0B2E8700C28F4D3124856
:1079D0000E21123007F0C7FB3073607B7073AF71FC
:1079E000F0BDB172EDE70E2812D0E878225C325477
:1079F000E878401CC0B2E8701028F4D30648122181
:107A0000123007F0B0FB3074607C70746F71F0BDA1
:107A1000B173EDE700480040B4040020A40000204A
:107A200001090A2200075143000F4018C0B27047F5
:107A3000002102E00A38C0B2491C0A28FAD209071C
:107A4000090E0843704770B505460068C1684906CD
:107A500013D40021C943C160FAF7D2F97D26044648
:107A6000F60006E0FAF7CCF9001BB04201D903207A
:107A700070BD2868C0684006F4D5002070BD0000C5
:107A800010B50448FBF73CFE03480189491C0181FD
:107A900010BD0000D8040020A40000200FB410B5D1
:107AA000012203A91248FBF769FE012202A910482E
:107AB000FBF742FE6A46D07A517A00040902401868
:107AC000917A4118107B527B0004120280186A469A
:107AD000927B84180748F9F7E1FE06482146001D0D
:107AE000F9F7DCFE10BC08BC002004B01847000009
:107AF000D80400205000080810B54324E40024589E
:107B0000D218FF34FF340234236E9A4206D921235F
:107B1000052200F01CFA0020C04310BD002010BD5B
:107B2000F8B5C31D15780024FF33661EFA33232DE4
:107B30007DD00EDC1A2D5ED006DC002D17D0032D73
:107B400036D0122D11D136E01B2D50D01E2D0CD168
:107B50004DE02A2D74D004DC252D6BD0282D04D1C6
:107B60006BE02F2D70D05A2D51D0202371E0009161
:107B70009F690546F81DFF30FA304169002904D09D
:107B8000417E20230522284664E0D8698168009858
:107B90008847002809D03A2302222846009900F09D
:107BA000D6F9052038723046F8BD20467C81F8BDF4
:107BB00000F09BF9F8BD50789D69C00702D02D49AF
:107BC00007200AE0D8692423C0695943411808797D
:107BD0001279401D824200D81046688104E0401EA0
:107BE00080B20A5C2B181A730028F8D11AE0996940
:107BF00020464C81F8BD996908201F4A4881401EE3
:107C000080B20D18135C2B730028F8D10AE0996933
:107C100008201A4A4881401E80B20D18135C2B734D
:107C20000028F8D12046F8BD01E009E002E000F0AC
:107C300025F9F8E700F0ECF8F5E700F098F8F2E73E
:107C400000F0A5F9EFE7FFE752789D69920704D5A8
:107C50002423052200F07BF9A5E7EA1DFF32FA3262
:107C6000936E526E9BB2FFF747FF00289BDB2046C6
:107C70006C81D8E766F400086DF4000875F400081C
:107C8000F3B581B001980121FF30FF3002308669E1
:107C90004902F41DFF34FA34A56E8D4200D30D461F
:107CA000C06931460769626E0C31ABB2009102982F
:107CB000B847002808DA112304220299019800F03D
:107CC00046F90020C043FEBDABB28121009A019865
:107CD00001F088FA606E40196066A06E401BA066D5
:107CE000616B491B6163002801D1032030720020C1
:107CF000FEBDF3B581B001980127FF30FF3002309F
:107D000081697F02CC1DFF34FA34A56EBD4200D3D9
:107D10003D46C069626E46690C31ABB20091029873
:107D2000B047002808DA032304220299019800F0E2
:107D30000EF90020C043FEBD606E40196066A06E63
:107D4000461BA666606B401B6063002E0AD0BE42D5
:107D500000D33E46B3B20121009A019801F0ACF97C
:107D60000020FEBD00210198FCF71EF9F8E7F7B5E9
:107D70000746FF30FF30023085691646297A002910
:107D80003DD1EC1DFF34FA34217EC90933D0C069DE
:107D9000816801988847002806D03A230199022279
:107DA000384600F0D4F814E0B01CF8F7FDF900BA3A
:107DB000020A7079120202436266307AF179000297
:107DC000084343BAA36638460199FFF795FE002899
:107DD00002DA0020C043FEBD022009212872890179
:107DE0006918C98B606E48436066A06E4843A06600
:107DF0006169814203D02023617E0522D0E7012002
:107E00004002688138460199FFF73AFFFEBD000045
:107E1000F8B5C51DFF350646FA35E869AC69436813
:107E200015480F462218801C21183846984700280C
:107E300008D03A2302223946304600F088F8002064
:107E4000C043F8BD132040010059401E010E2173AC
:107E5000010C6173010AA173E07300202074607447
:107E6000092080012018C08B010AA174E074082049
:107E700060810020F8BD00005E020000FEB50F46E4
:107E8000C11DFF31FA31064600208C6905462218D3
:107E9000401C80B215730C28F9D3C8696A46436840
:107EA00001A938469847002808D03A2302223946CB
:107EB000304600F04CF80020C043FEBD0820E073BF
:107EC0000198401E010E2174010C6174010AA17415
:107ED000E07402202075657568460088010AA17566
:107EE000E0750C2060810020FEBDF0B5FF30FF3052
:107EF0000230806900210B464418491CC9B2237323
:107F00001229F9D3702101730C210926C174B6011D
:107F100081190C7F4D7FAC4211D0E50011272D183F
:107F20007F01EF193F7FAD1987736E780676641C69
:107F30002D78E4B245760C77042C00D10B77122112
:107F400041811179122900D841810020F0BD30B55E
:107F5000FF30FF3002308169092080010818447F1A
:107F60001125E40064186D01641922771A02437F19
:107F7000DB005918FF31FF3102310A64417F491C8F
:107F8000C9B24177042901D10021417730BDF7B54D
:107F9000009F1646FF37FF370237BD69287A002851
:107FA00004D001990098FFF7A4FEFEBDEC1DFF343C
:107FB000FA34207EC0093AD1F8698168019888476F
:107FC000002805D03A230AE00098FFF7C0FF1EE022
:107FD000F869C16801988847002803D02723022246
:107FE0000199F1E7B01CF8F7DFF800BA020A7079DE
:107FF000120202436266307AF1790002084343BA02
:10800000A36601990098FFF777FD002802DA0020A7
:10801000C043FEBD092189016918C98B606E4843C0
:108020006066A06E4843A0666169814203D0202348
:10803000617E0522C8E7012129724902884200D3E6
:10804000084683B22A460C320121009801F034F828
:108050000020FEBDF8B5012615460F46044636033E
:10806000002231460F48F9F7C4FE032000F0FCF867
:108070003802000E00F0F8F83804000E00F0F4F8B2
:10808000F8B200F0F1F804E0FF2000F0EDF8207005
:10809000641C6D1EF8D2012231460248F9F7A9FE90
:1080A000F8BD000000040050FEB506460D46C8B2FB
:1080B000FF210131091ACFB2140AD1B20091002870
:1080C00016D0FF200130401BC0B228180190002CB0
:1080D00023D0D01B80B2040AC0B200903A46294691
:1080E000304600F067F8F619FF270137019D2FE0B1
:1080F000002C21D0FF2701372046641EE4B200285F
:1081000009D03A462946304600F054F8FF3501358B
:10811000FF360136F0E7009A0EE0B9420CD9C81BD1
:10812000C4B23A462946304600F044F8F0192246D7
:10813000019900F03FF8FEBD29463046F9E73A467E
:108140002946304600F036F8FF350135FF36013656
:108150002046641EE4B20028F1D100980028EAD03D
:108160000246E9E7F7B5C0B0FF26054601366F467F
:1081700001E08C421CD0324628464199FFF794FF1B
:1081800000242046295CFF2900D1641C401CFF28E4
:10819000F8D9324668464199FFF75CFF002108464E
:1081A0003A5CFF2A00D1491C401CFF28F8D9E0E7BF
:1081B00043B0F0BDF8B514460F46054600F082F80E
:1081C00001263603002231461348F9F712FE022039
:1081D00000F04AF83802000E00F046F83804000EAD
:1081E00000F042F8F8B200F03FF83011844205D9AF
:1081F000044603E0287800F037F86D1C2046641E22
:10820000A4B20028F6D1012231460348F9F7F1FD66
:1082100000F038F8F8BD00000004005070B50446C6
:1082200000F050F800F02EF801250E4E2D0300222C
:1082300029463046F9F7DDFD202000F015F8200230
:10824000000E00F011F82004000E00F00DF8E0B26E
:1082500000F00AF8012229463046F9F7CAFD00F07D
:1082600011F870BD0004005005498A689207FCD5DA
:10827000C8608868C007FCD0C868C0B270470000FA
:108280000038004070B501240C4D24030022214623
:108290002846F9F7AEFD0520FFF7E6FF084BFF2063
:1082A000FFF7E2FF5A68511E596001D3C007F6D1AB
:1082B000012221462846F9F79CFD70BD00040050BC
:1082C0000C01002070B50124074D24030022214633
:1082D0002846F9F78EFD0620FFF7C6FF012221464A
:1082E0002846F9F786FD70BD00040050FF20C0004D
:1082F0000860012040021080002070470020704775
:1083000000207047002070470020704710B51446C9
:1083100008461A462146FFF79DFE002010BD0000CA
:10832000FFB5C1B044980024400A00901546274686
:10833000560A3C48F9F7A4FA02286FD239480830A7
:10834000F9F79EFA002817D11320C002291A01203C
:108350004002814207D22846FFF760FF2946449A2F
:108360004298FFF7A1FE1320C002854204D2314695
:10837000009A429800F0A8F91B20C00285421FD342
:1083800028480830F9F77CFA012802D126488542AE
:1083900044D8FF22013229466846FFF75BFE684653
:1083A000015DFF2904D1641CFF2CF9D9002F02D0F4
:1083B0002846FFF733FF2946449A4298FFF774FE98
:1083C0001A48429C29180120FF344002E1348142BE
:1083D0000AD2E07FFF2807D1A07FFF2804D11148EF
:1083E00001210830F9F75AFA0E480830F9F748FA2F
:1083F000012813D10E48017800290FD16C2E0DD31E
:10840000617F00290AD1A17F002907D1217F00299E
:1084100004D1E17E002901D101210170002045B085
:10842000F0BD00003C000808FFDD00000046FCFF36
:10843000B400002070470FB470B500241398A51E37
:1084400000281CD0032816D106266000311A01230B
:108450002A4604A8F9F748FE641C042CF5DB002426
:108460000E266000311A01232A4604A8F9F73CFEC3
:10847000641C022CF5DB70BC08BC04B01847022356
:108480005A1F0E2104A8F9F72FFE01232A460E21B8
:1084900004A8F9F729FEEEE710B5F9F7B7FCFBF7EA
:1084A00083FB10BD30B51E489DB0816B02041143A3
:1084B00081631C4801680322D2029143C2148918C7
:1084C000016026200090D010029001251020002489
:1084D0000490039506950A946846FAF737FE0F2034
:1084E000179019941A94002118951B9417A8FAF75D
:1084F00011FD64200E9028041390800215901194B1
:108500000EA8FAF745FCFAF7B9FD7D21C900F7F787
:10851000EFFDFBF731FB0420FBF71EFB1DB030BD68
:10852000001002400070004010480168821511439D
:108530000160C1680E4A1140C16001680D4A1140D6
:108540000160816849084900816001680122920444
:1085500091430160C168FD2212049143C160002172
:1085600001610549C00388607047000000100240A7
:108570000C40FF88F6FFF6FE00ED00E0F0B587B096
:10858000FAF7E4FBFAF7DAFB2A4CE0680121C903A9
:108590000843E060E06A01210843E062E06A0840C5
:1085A0000590E06A02252843E062E06A28400590D1
:1085B000E06A04263043E062E06A30400590E06AF9
:1085C00008273843E062E06A6946384005901A4857
:1085D0000090032001900020029005200007F9F789
:1085E00059FB69461548F9F755FB69461448F9F7F0
:1085F00051FB69461348F9F74DFB134800900320DF
:1086000001900020029069461048F9F743FBE06AA8
:1086100040084000E062E06AA843E062E06AB043DC
:10862000E062E06AB843E062E06A80218843E06289
:1086300007B0F0BD00100240FFFF0000000800502E
:10864000000C0050001C0050FFF30000000400501C
:1086500010B5012211030348F9F7CBFB02490020B2
:10866000087010BD000400500C010020002810D03C
:1086700001280AD0022802D003280FD103E00120EC
:10868000400208800AE0012001E0FF20C0000860ED
:1086900004E003490020401C8842FCDB00207047B6
:1086A000A086010010B5002A03D052024902FFF74C
:1086B000D1FC002010BD00000249087840084000AD
:1086C000087070470C010020F7B5C6B05002029048
:1086D00000024E02000C009000253001000C000347
:1086E00037462C46019017E0012D1AD0002C01D0FE
:1086F000FF370137FF220132394603A8FFF7AAFCF2
:10870000002003A90A5CFF2A01D0012503E0401CD8
:1087100080B2FF28F6D9641C00988442E4D3012D6E
:1087200022D10198FF273F0300903846FFF776FDDE
:10873000002407E0002C05D00098FF37FF300130FF
:1087400001370090FF22013203A80099FFF782FC55
:10875000FF220132394603A8FFF7A6FC641C102C47
:10876000E8D33046FFF75AFD0298314682B2469868
:10877000FFF79AFC002D22D00298FF273F038019B3
:10878000401E019C0025009005E0002D03D0FF3421
:108790000134FF370137B44202D3009884420BD929
:1087A000FF220132394603A8FFF754FCFF220132B1
:1087B000214603A8FFF778FC6D1C102DE5D300209F
:1087C00049B0F0BDF8B50025194906462C46884247
:1087D00000D3184818498E4201D8AF2080001649AE
:1087E000164AC9437118914221D215480A210788B7
:1087F0004F4314E0124A6900505A89184988641C92
:10880000411AA4B20A2261435043471A1146204636
:10881000F7F76EFC002902D16D1CADB20024BE42F8
:10882000E8D90A2045432819FF382E3800B2F8BD90
:10883000ECBB0200D4FEFFFFCC0600001FB5020017
:10884000F4FC000810B5818CC90707D001684A689C
:1088500001235B049A43836A1A434A60818C890727
:1088600007D501684A6801231B049A43C36A1A4367
:108870004A60818C490707D501684A6801239B0437
:108880009A43036B1A434A60818C090707D5016834
:108890004A680123DB039A43436B1A434A60818C85
:1088A000C90607D501688A6801231B039A43836BB5
:1088B0001A438A60818C890607D501688A6801237A
:1088C0005B039A43C36B1A438A60818C490612D5B5
:1088D00001684B6801221205046C934323434B60EB
:1088E000016C914207D101684A6803235B059A43F2
:1088F000436C1A434A60818C090607D501684A68AF
:108900000123DB04806C9A4302434A6010BD0000DF
:1089100070B5044600680068124D000708D50121B3
:108920002B4600224905204600F072F900280CD1A0
:108930002068006840070AD501212B4600228905DE
:10894000204600F065F9002801D0032070BD002109
:10895000204660300172E166202141728172002060
:1089600070BD0000F0550000F8B504462669A56802
:10897000E7693543666900203E4322683543984BDA
:1089800016680146974F3E402E4316602268556890
:1089900003263603B543E668354355602568A2696A
:1089A0009D4201D0266A3243AE680B273F02BE4388
:1089B0001643AE608C4E25688C4AB5420CD1D26805
:1089C0009207920F06D0012A42D0022A3ED0032AF3
:1089D00020D11EE001201DE0854EB5420AD1D268AB
:1089E0000C26324016D0042A32D0082A2ED00C2A67
:1089F00010D10EE09D420DD1D2680326B60232405E
:108A000008D00126B602921B22D0921B1ED0B24281
:108A100000D10820754A403A9D427DD100260028A9
:108A200018D0022832D0042858D0082855D16468BC
:108A30002046F7F771FE07460091F10760080843EA
:108A40007108F7F777FE00226A4B3DE00220E1E76C
:108A50000420DFE765682846F7F75EFE07460091C9
:108A6000F107680808437108F7F764FE05460E46EB
:108A7000FAF70AFBF7F750FE0822F7F711FE2A462D
:108A80003346F7F77BFC3A46009B42E01068646887
:108A9000C00620460CD5F7F73FFE07460091F107C8
:108AA000600808437108F7F745FE0022524B0BE0BF
:108AB000F7F732FE07460091F10760080843710896
:108AC000F7F738FE00224D4BF7F758FC3A46009B6B
:108AD000F7F76EFDF7F774FEE860F8BD6768384693
:108AE000F7F71AFE05460091F10778080843710868
:108AF000F7F720FE06460F46FAF7E6FAF7F70CFE00
:108B00000822F7F7CDFD32463B46F7F737FC2A46F9
:108B1000009BF7F74DFD00E004E0F7F751FE2168F8
:108B2000C860F8BD0126E369F603B3422ED1030005
:108B300000F0E9FD0906090C192119191927190076
:108B4000FAF7A2FA19E0FAF7AFFA16E010686168CE
:108B5000C00602D548082A4A01E02A4A4808801877
:108B6000F7F7C6FA81B2080900010907490F014366
:108B70002068C160F8BDFAF7A7FA616840004A08AA
:108B8000EDE76168012248081204E8E7030000F0FD
:108B9000BAFD09070A0D061A060606220600E9E7CD
:108BA000FAF772FA11E0FAF77FFA0EE010686168DE
:108BB000C00602D54808144A01E0144A4808801843
:108BC000F7F796FA88E7FAF77FFA61684A0880189B
:108BD000F7F78EFAA3E7616848088019F0E700000C
:108BE00000480040F369FFEF0038014040100240A8
:108BF00000440040000060418084CE418084EE410A
:108C000000127A000048E80100093D000024F40049
:108C1000FFB581B01D4616460446F9F7F1F8314616
:108C2000264660360746002919D042E0681C16D057
:108C3000002D04D0F9F7E4F8C01BA8420FD9206832
:108C4000026880218A4302602068026820218A43EA
:108C5000026020680368CA00934303601DE0206837
:108C6000C16902988843E1D128E0681C21D0002D19
:108C700004D0F9F7C5F8C01BA8421AD920680268C9
:108C800080218A4302602068026820218A430260B2
:108C900020680268CB009A4302602068826852080C
:108CA000520082607172B17200203072032005B0F0
:108CB000F0BD2068C16902988843D6D00020F6E74D
:108CC00010B585229200125852689047002010BDBE
:108CD000134610B50A46002100F0EEF9002010BD41
:108CE000134610B50A46002100F07CFA002010BDA2
:108CF00010B50446802100F05BFA0021204600F008
:108D000057FA10BD10B5FF210522F5310A50002396
:108D10001A46194600F0D0F9002010BD10B5FF2307
:108D20000224F5331C5082611346C2610A460021B9
:108D300000F058FA002010BD10B5FF210422F531D3
:108D40000A5000231A46194600F04CFA002010BDC4
:108D500000487047FC04002012200880004870473B
:108D6000F800002000487047FC0400200420088020
:108D700000487047F400002000487047FC040020C1
:108D80007047000000487047FC040020F8B50D460D
:108D900004464988FF300A0AFF300230130000F011
:108DA000B2FC084505091645453A42450069237C51
:108DB00002682BE0217C02264069002905D0C16AA7
:108DC00068468847014646703CE0816AF8E7C9B2C8
:108DD0000B0000F098FC0604080C1014182B006916
:108DE000237C426812E00069237C82680EE00069FF
:108DF000237CC2680AE00069237C026906E00069FE
:108E0000237C426902E00069237C82696946184636
:108E10009047014616E0217C002907D14069416B4B
:108E200068468847F5E7217C002904D0294620467A
:108E3000FFF75EFFF8BD4069016B6846884707226F
:108E400001464270684600880028F3D0EA88002A6C
:108E5000F0D0824200D90246684602802046FFF7E1
:108E60005DFFF8BD10B5002813D0C31DFF33FA33E2
:108E70005C69002C01D000245C61002900D01961DC
:108E8000FF210123FD310B54027000F0BFF80020D8
:108E900010BD022010BDFF3010B5FF300230006A57
:108EA000F9F786FA002010BDFF3010B5FF30023010
:108EB000006AF9F7CBF9002010BDFEB50446FF307B
:108EC000E51DE130FF35FA3513460190002908D041
:108ED00068694269002A49D00198007F032843D07D
:108EE00044E02646FF3681362046716F1430022951
:108EF00034D1C26881680092914207D9891A816091
:108F00008AB219462046FFF7EBFE13E04768114688
:108F10003846F7F7EDF8002913D10098874210D3AF
:108F2000B06F87420DD2002211462046FFF7D8FECF
:108F30000020B06700231A461946204600F0BCF80E
:108F40000CE06869C168002905D00198007F0328FA
:108F500001D1204688472046FFF7D4FE2878012813
:108F600004D10020287001E0204690470020FEBD7B
:108F700070B50E460146FF31E1310B4620331546F0
:108F80000446002E07D058698269002A2AD0087F3B
:108F9000032824D026E0FF22F532E01D1259FD30CF
:108FA000032A1FD1C6688268B2420BD9931B836023
:108FB0003046834200D303469AB229462046FFF743
:108FC00087FE0FE058690269002A04D0087F032851
:108FD00001D1204690472046FFF7AEFE02E0314621
:108FE00020469047002070BDFF3010B5FF300230A2
:108FF000006AF9F739FA002010BDFF3010B5FF30D4
:109000000230006AF9F732FA10BD000010B51849B5
:10901000C41DC861FF341749FA341748216208603B
:10902000022205208A60486003200A61C86000208F
:10903000886108620846F9F7B3FD0022182311463B
:10904000206AF9F7CBF8582300228021206AF9F72B
:10905000C5F8982300228121206AF9F7BFF8D823A8
:1090600000220121206AF9F7B9F8002010BD0000A4
:109070009404002094020020005C0040FF30CA09E4
:10908000FF3049060230490E1C23006A5943081874
:10909000002A01D0203001E0FF300130807A704793
:1090A00010B5FF301C46FF3002301346006A2246DE
:1090B000F9F7E6F9002010BDFF3010B5FF3002309F
:1090C000006AF9F73BFB002010BD70B50022044692
:1090D00040231146FFF7E4FF4025FF2011300551E2
:1090E0002B46002280212046FFF7DAFFFF200121D6
:1090F000FD3025620155E01DFF30FA3081690029FD
:1091000004D040692179426820469047002070BD14
:10911000FF30E130417F01770020704710B5FF211B
:10912000FD31095C032906D1852189000958C969E7
:10913000002900D08847002010BD0174002070472E
:10914000FF3010B5FF300230006AF9F7B9FD00209A
:1091500010BD70B505464120C0002818044600F037
:1091600021F92946FF3181310122084680304A67C2
:10917000C2898A67017AC806C00E0AD001280DD0BC
:10918000022810D0C909C901284600F011F80020B2
:1091900070BD2146284600F070F9F8E721462846C0
:1091A00000F057FAF3E72146284600F0DDF9EEE734
:1091B000FF3010B5FF300230006AF9F759FB00208C
:1091C00010BDFF3010B5FF300230006AF9F799FD8D
:1091D000002010BDFF30E130017F4177042101778D
:1091E00000207047FF3010B5FF300230006AF9F7F9
:1091F00085FB002010BD10B5FAF75CFE002010BD05
:1092000010B5FAF777FE002010BD10B50446012115
:10921000FFF74AFE81212046FFF746FE2046FAF777
:1092200089FEFF34FF340234A069002803D000F027
:109230002DFA0020A061002010BD00000A2101804D
:1092400000487047980000202021018000487047A6
:10925000580000202021018000487047380000207D
:1092600020210180004870477800002070B5054635
:10927000007C0024002819D0402302220121284626
:10928000FFF70EFF4023022281212846FFF708FF47
:109290009B20800000F0FEF94321C90048510028BE
:1092A0000ED02846FAF74DFE204670BD0126760204
:1092B0003346022201212846FFF7F2FE3346E2E759
:1092C0000124F1E7002903D0FF30FF300230C161F3
:1092D0000020704770B5C21D0646FF320C46FA32B8
:1092E000087860219569014028D0202956D16178FD
:1092F000FE2902D0FF2917D10EE06188002913D181
:10930000E188012910D1C0090ED0D0698069804759
:109310000122294628601BE06188002904D1E188E8
:10932000002901D1C00905D021463046FFF7E0FCF5
:10933000022070BD3046FAF727FE2FE06078012842
:109340000DD00A2802D00B2828D105E00122291DC2
:109350003046FFF7E3FC21E0A07868601EE0217949
:109360003046FFF741FE21793046FFF79DFD207919
:109370000B4B0006307C05D5002800D0402302228C
:10938000812104E0002800D0402302220121304640
:10939000FFF786FE21793046FAF776FD002070BD92
:1093A000000200000A7802704A784270CB788A780E
:1093B0001B02D21842804B790A791B02D218828094
:1093C0008A79C97909025118C18070470246002084
:1093D000002904D0FF32FF3202325161704702206F
:1093E000704710B58522920012580224002A04D03A
:1093F00012689047002800D10024204610BD0000CC
:1094000070B50D468978194E04463170012904D98A
:1094100029462046FFF76CFC70BD2046FF30E13046
:10942000027F022A15D0032AF2D1002917D06068E2
:1094300088420AD0C1B22046FFF742FC3178616011
:109440002046FFF7CEFF0228E2D02046FFF774FC4B
:1094500070BD0029F9D0032261600277F0E7022293
:10946000027720466160FFF72BFCEEE7A2000020A8
:1094700010B5FFF7A6FE002010BDF8B50546002088
:10948000EA1D0090FF324F78FA3214460126203C44
:109490003B0000F038F90A3B555A505A0A065A293F
:1094A000255A2846FFF772FC5CE0888800284CD1DA
:1094B000C888002849D188784706207F7F0E032876
:1094C00043D0A77739462846FFF73AFE2846FFF7EC
:1094D00033FC002F02D00220207743E0267741E0C2
:1094E0002846FFF78DFF3DE0CA88012A2DD1227F53
:1094F000022A02D0032A28D104E001222946083199
:10950000A86001E00122291D28460EE0237F28469D
:10951000022B01D0032B0BD1C6605168002901D06A
:109520000321C160014602220C31FFF7F7FB19E06D
:10953000FFF7DEFB16E04888012813D156600AE0E9
:10954000237F022B03D0032B01D02846F0E74B8862
:10955000012B07D150605069826828469047284601
:10956000FFF7EAFB0098F8BDF8B504460D462878E9
:10957000E61D4006FF3600270979800FFA360128DC
:1095800009D06A7830462038002A38D0012A1ED007
:10959000032A3DD106E0706929468268204690473B
:1095A0000020F8BD007F022817D003282CD168883E
:1095B000002806D1002904D0802902D02046FFF7D8
:1095C000F7FD7069294682682046904713E0007FC6
:1095D000022802D0032817D104E0002918D08029DE
:1095E0001AD115E06888002812D1480603D0204619
:1095F000FFF751FCE5E72046FFF79EFB08E0007F00
:10960000022807D003280BD029462046FFF770FB1D
:109610003846F8BD4806FBD02046FFF7C9FDF7E7FE
:10962000C80904D04806400D0519143504E0480661
:10963000400D0519FF3505352046FFF71FFD0028B1
:1096400000D001202860022229462046FFF766FB51
:10965000DEE770B50446FF30E130007F0D46032899
:109660000FD1287901280CD8852080000059826804
:1096700020469047E888002806D12046FFF75CFB8B
:1096800002E02046FFF734FB002070BD10B505F066
:10969000BDF810BD10B59B20800005F0C3F810BDCB
:1096A00010B50248F9F7F6F910BD00009402002049
:1096B0000FB410B504A9074B02AA039800F026F9CD
:1096C000044602A9002000F0BDFC204610BC08BCE6
:1096D00004B0184745A000082021020C01D0102139
:1096E0001046020A01D010460839020901D010467E
:1096F000091F820801D01046891E420801D0881E29
:109700007047081A704730B47446641E2578641C8C
:10971000AB4200D21D46635D5B00E31830BC1847C6
:1097200002E008C8121F08C1002AFAD1704770472A
:10973000002001E001C1121F002AFBD17047F8B5DB
:109740000024054604281FD3A01CC1B20220FAF74A
:1097500025FEA84219D8E01CC1B20220FAF71EFE6D
:10976000A84212D9661CF1B20220FAF717FE07468A
:10977000F1B20220FAF712FE281A3946F6F7B8FCC1
:1097800061004018C01CC0B2F8BD641CE4B2072CD4
:10979000DAD30020F8BD0000F0B51FB486B00998F8
:1097A000089A030D0021024314D05148514A181859
:1097B000504305141198012810981AD0281A401CFB
:1097C00000264D4F4D49009601910490002812DA71
:1097D000444211E01198012449A3012801D11098B5
:1097E000C1430698119A84600360C26041600BB067
:1097F000F0BD4042E4E70446210500203F4A001C3A
:1098000051410391029012E0E00707D032463B46F7
:1098100001990098F6F764FE0191009032463B46AC
:1098200010461946F6F75CFE06460F466410002CFB
:10983000EAD10498039B0028029A0999089806DA4D
:10984000F6F74EFE019B009AF6F74AFE05E0F6F7A2
:10985000AFFE019B009AF6F7ABFE04460E460022CF
:10986000284BF7F71FF903D80020C043014607E053
:109870000022254B20463146F6F780FDF7F7F2F837
:10988000102409E0002C0ADB0A220023F6F7E6FF89
:10989000079B30321A55641E02460A43F2D1112248
:1098A000641C079B121B1C19119B012B03D0012365
:1098B00008430ED10AE0084304D011201090002084
:1098C000119077E71098151A6D1E0BE010988242E0
:1098D00002DD00236D1C03E0824201DA00236D1ECD
:1098E000002BEED0069811998260C16030C07EE7EF
:1098F00001FCFFFF104D0000000014400000F03F8D
:10990000300000000000F0430000E03FFFB597B0DA
:109910000646002518E2252877D100242746FD4970
:10992000049400E00443761C32780120203A9040F1
:109930000842F7D130782A280ED00222307801462A
:109940003039092916D804990A2359433039401867
:109950001443761C0490F1E7189802C804911890FB
:10996000002904DA01204003044348420490022005
:109970000443761C30782E2814D1042004437078D8
:10998000761C2A2809D11898761C80C8189009E0FE
:109990000A214F43303FC719761C307801463039D1
:1099A0000929F5D930786C2810D006DC4C281AD05B
:1099B00068280ED06A2817D104E0742813D07A28BA
:1099C00012D110E00120400504430CE001210905FB
:1099D00001E0032109050C437178814203D1012084
:1099E00000052418761C761C3078119066280BD060
:1099F00013DC58287DD009DC00287BD04528F6D020
:109A00004628F4D047281AD1A5E118E0632835D0BC
:109A1000642870D0652812D19DE170286CD008DCD4
:109A20006728F1D069287BD06E280DD06F2806D129
:109A3000BAE073282ED0752871D0782859D01A9A98
:109A4000199990476D1C7EE16002400F022809D0F1
:109A500003280DD00428189801680DD00D60001D52
:109A6000189070E11898EA1701680D604A60F6E7EF
:109A7000189801680D80F2E70D70F0E718986A46B3
:109A800001781172001D18900020507202A80090F9
:109A9000012005E0189802C8189000200091C043EA
:109AA00061070DD5002101E00199491C0191B942DE
:109AB00012DA8142F8DB009A515C0029F4D10BE004
:109AC000002101E00199491C01918142FADB019AD0
:109AD0000099895C0029F5D1019904981A9B471ACD
:109AE00021463846199A00F097FA0199401945180D
:109AF0000BE04FE02CE113E04EE000980099007875
:109B0000491C00911A9A199990470198401E01909A
:109B1000401CF2D1214638461A9B199A10E137E0D1
:109B20000A200021009001916002410F022907D014
:109B3000189A01CA1892C2179446032908D00AE05D
:109B40001898C01DC108C90005C91891944607E0BE
:109B500000B2C2179446042902D140B2C1178C4604
:109B600000226146944506DA0A46002140429141AE
:109B70008C462D2102E0210504D52B216A46117364
:109B8000012103E0E10701D02021F7E7029155E030
:109B90000A200AE0102008E0102000900021042094
:109BA00004430191082703E008200021019100905F
:109BB0006002410F022907D0189A01CA18920022A8
:109BC0009446032908D008E01898C01DC108C900B0
:109BD00005C91891944603E080B2042900D1C0B2AF
:109BE00000210291210729D51199702906D0009AE8
:109BF0001021019B4A401A4305D00EE040216A46DD
:109C00001173012108E06146014306D030216A4604
:109C100011731199517302210291009A0821019B3D
:109C20004A401A430AD16146014301D1610705D573
:109C300030216A46117301217F1E02911199582922
:109C400004D035A10E910DA90D910DE037A1F9E7D2
:109C50006146019B009AF6F701FE0E9B8C469B5CC9
:109C60000D9A521E0D92137061460143F0D10D986A
:109C700005A9081A20300190600703D501200004CF
:109C8000844300E001270198874201DD381A00E093
:109C90000020019900904118029809180498401A70
:109CA0000490E00306D421461A9B199A049800F008
:109CB000B3F94519002706E003A81A9AC05D19995F
:109CC00090476D1C7F1C02988742F5DBE0030CD5A2
:109CD00021461A9B199A049800F09EF9451904E050
:109CE0001A9A3020199990476D1C0099481E0090CF
:109CF0000029F5DC08E00D980D990078491C0D91BC
:109D00001A9A199990476D1C0199481E01900029D3
:109D1000F1DC63E109280100303132333435363764
:109D200038396162636465660000000030313233A7
:109D30003435363738394142434445460000000047
:109D400000F05AF94519761C3078002800D0E2E579
:109D500028461BB0F0BD600700D406271898C01D28
:109D6000C108C90048680A680831C30FDB071891A9
:109D7000190001D09CA108E0210501D59BA104E0B8
:109D8000E10701D09AA100E09AA1430011985B0875
:109D9000109165280CD006DC452809D046281DD036
:109DA000472841D141E0662818D067283CD13CE0E3
:109DB0000021112F01DB112000E0781C019100909F
:109DC00008A911A8FFF7E8FC139905910021119A41
:109DD00015927F1C12980197009150E00120C00756
:109DE00003900120019008A9009711A8FFF7D4FC67
:109DF000139A149905920022119B009212981593C0
:109E0000059A0192002901D0104602E0791C401801
:109E10000190381A01D5019804E04042401E00909C
:109E2000781C0190C01B029043E0012F00DA01274B
:109E30000021112F01DD112000E038460191009032
:109E400008A911A8FFF7A8FC13990591119A002100
:109E5000129815920091019721070CD40599B942E7
:109E600001DB019900E00191012904DD159A491EE9
:109E7000515C302906D0B84201DA011D05DA012112
:109E8000029115E00199491EEDE7002805DC0099D3
:109E9000411800910199091A03E0019A411C91426D
:109EA00000DD01910099401A401C02900120C0077A
:109EB0000390200706D402990198814202DB00201A
:109EC000C043029000206946C87707AF012103987C
:109ED0000337C907884224D0022011902B2012900A
:109EE000039800280CDA404203902D20129007E0DE
:109EF0000A210398F6F7FCF830317F1E0390397081
:109F00001199481E11900029F2DC03980028EFD126
:109F1000791E129808703078202108404530BF1E05
:109F2000387006A8C01BC01D039010980078002848
:109F300000D00120019941180298C0170918039810
:109F400009180498401A401E0490E00306D42146E4
:109F50001A9B199A049800F05FF845191098007838
:109F6000002803D01A9A199990476D1CE00324D554
:109F700021461A9B199A049800F04EF845191CE0E6
:109F80000098002807DB00990598884203DD1598A2
:109F9000405C199901E0199930201A9A904700986D
:109FA0006D1C401C00900298401E0290002804D1B5
:109FB0001A9A2E20199990476D1C0199481E0190FC
:109FC0000029DDDC05E038781A9A7F1C1999904742
:109FD0006D1C0399481E03900029F4DC21461A9B4E
:109FE000199A0498ACE600002D0000002B00000038
:109FF0002000000000000000F8B5044600251E46C1
:10A000001746880404D405E039462020B0476D1C6B
:10A01000641EF9D52846F8BDFFB50446002581B079
:10A020001E46C80301D5302700E02027880404D548
:10A0300005E038460399B0476D1C641EF9D52846E3
:10A0400005B0F0BD0A68531C0B6010707047F8B57E
:10A0500005460D20C0012C180226A16B3046A28EA9
:10A0600088400243102790B20D29A08613DDA98AEB
:10A07000AA684B1CAB825054A08EAA68010AA88A19
:10A08000431CAB821154A06B31463A1AD140A186D1
:10A090000D38A06302E0C91C0846A163092817DD3A
:10A0A0000022A18E82401143A186A88AAA68431C7F
:10A0B000AB821154A08EAA68010AA88A431CAB8205
:10A0C0001154A06B00213A1AD140A186093802E050
:10A0D000A18EA186C01DA063284600F093F9216BD4
:10A0E000A06B091A0B3109293FDA0D2816DD02226F
:10A0F000A18E82401143A186A88AAA68431CAB8224
:10A100001154A08EAA68010AA88A431CAB8211547C
:10A11000A06B391ACE40A6860D3804E0A18E864089
:10A120003143A186C01CA063092817DD0022A18E3F
:10A1300082401143A186A88AAA68431CAB821154AD
:10A14000A08EAA68010AA88A431CAB821154A06B96
:10A1500000213A1AD140A186093802E0A18EA186D9
:10A16000C01DA063284600F04DF907202063F8BD0C
:10A17000FFB5044600208446204683B07430616EEB
:10A18000019074480B22201800900D20C001D201CC
:10A190002518A71805981E46002961DD00281ED045
:10A1A0002068C06902281AD10020820011194031AC
:10A1B000898E002902D1401C0928F6DB092809D123
:10A1C0000E20820011194031898E002902D1401CD5
:10A1D0002028F6DB20282AD000202168C861BB2077
:10A1E000C0002118204600F091F95A48B8302118D3
:10A1F000204600F08BF9FA6D2046019904F0FBFC33
:10A20000BA6E2046009904F0F6FC5F200001211888
:10A21000204600F07BF9504B1220195C89000A1986
:10A22000152189015118C98B002905D101E00120B0
:10A23000D3E7401E0328F0DA0D21C901611843005D
:10A24000C3184A6A1133D2184A628446686AA96AF6
:10A250000A300A31C008C908814203D8084601E023
:10A26000401D0146059A121D824209D8049A002A0F
:10A2700006D033462046059A049900F097F85FE02F
:10A28000A26E042A01D0814227D1A86B0D2819DDC6
:10A29000B11CAA8E0B4683401A43AA86A08AA368E3
:10A2A000471CA7821A54A88EA368020AA08A89B202
:10A2B000471CA7821A54A86B1022121AD140A986F3
:10A2C0000D3805E0AA8EB11C81400A43AA86C01C45
:10A2D0002149224A1431A8632FE0A86B0D281ADD0A
:10A2E000321D9646A98E82401143A986A08AA36892
:10A2F000421CA2821954A88EA368020AA08A411C9B
:10A30000A1821A54724691B2A86B1022121AD1403F
:10A31000A9860D3805E0AA8E311D81400A43AA8620
:10A32000C01CA863F96DBA6E63462046491C521CD6
:10A330005B1C04F0BBFC009A0199204600F0ECF98C
:10A34000204602F02DFB002E02D0204600F080F8BF
:10A3500007B0F0BD2C050000B0F6000844FB000873
:10A360000B2110B50246C901743241188A650D4AA5
:10A370000A660D4A82184A660A4A1432CA660A4AAE
:10A38000303282180A67074A28328A670D21C901CC
:10A39000002241188A868A6308220A6302F000FBC1
:10A3A00010BD00004C0200202C050000F8B58E46C0
:10A3B0000D21C9014418A66BA58E1946B1400D4365
:10A3C0001027ADB294460D2EA58613DD868A8268CD
:10A3D000711C81829555858AA18E6E1C8268090A3E
:10A3E00086825155A16B9AB27B1ADA40A2860D394A
:10A3F000A16301E0F61CA66301236246714600F0EA
:10A40000F3FAF8BD30B50D21C90141188A6B102A45
:10A410000ED0082A0BDB828A8C8E531C85688382BF
:10A42000AC54888E000A8886886B0838886330BDF3
:10A43000828A8C8E531C85688382AC548A8E856890
:10A44000140A828A531C8382AC5400208886EDE76C
:10A4500030B50D21C90141188A6B082A08DD828AAE
:10A460008C8E531C85688382AC548A8E140A02E059
:10A47000002A05DD8C8E828A8568531C8382AC5449
:10A4800000208886886330BDFFB583B00E460C9FE0
:10A490000699781E484380B201900D980599401E98
:10A4A0004843039980B200244018009010E00698B9
:10A4B000214641431448401A851BA9B20398FCF772
:10A4C00029FD0098A9B280B2FCF7A0FC641CA4B2DC
:10A4D000BC42ECD30C480199871B0024401A861B10
:10A4E0000DE00598039A60438518B9B2A8B2FCF74D
:10A4F00011FDB1B2A8B2FCF789FC641CA4B20D989E
:10A500008442EED307B0F0BD4A030000F3B583B038
:10A51000064604980021056880680F460268C068F6
:10A5200001900020C04300900D20C001341823206A
:10A5300021616061084611E081006B5A002B0AD04E
:10A5400000902169491C216189008B19032149026E
:10A550005918486001E049194F80401C0199884210
:10A56000EADB1AE0022802DA401C009000E000203A
:10A57000491C216189008B1903214902591848603F
:10A58000012180002952616A491E6162002A04D0BB
:10A5900080184088A16A081AA062216900980229DF
:10A5A000E0DB049948602069C10F0818471005E0F6
:10A5B0003A462946304604F034FA7F1E012FF7DA76
:10A5C000032040023018019F0190826802922069A6
:10A5D00081008A19401E29492061515801980122A1
:10A5E00081602946304604F01CFA616901984B1ECF
:10A5F0008068029A8900091F63618B19032149024F
:10A6000059184A6061694A1E8900091F62618A19E6
:10A610000321490251184860029A800091006A5A49
:10A620002B5A4019D218BB00EA524780481947807C
:10A63000019801228760294630467F1C04F0F1F919
:10A640002069022801DB0198BFE701980322816895
:10A6500060695202431E8000001F801980186361E8
:10A6600041603046049902F023F804480099083804
:10A670003218284602F0D5F805B0F0BD04060000F7
:10A6800070B5044600202071401EE062204604F0B0
:10A69000A2F8002801D0032070BD11481149005BC9
:10A6A000884201D0022070BD20466730F5F77CFD5E
:10A6B0006621095D000208430B4D0002A8420AD042
:10A6C00020468330F5F770FD8034A17800020843FE
:10A6D0000002A84201D1002070BD012070BD000021
:10A6E0002E02000055AA00000046415400E0401C24
:10A6F0000278002A01D08A42F9D1D0B2704742696B
:10A70000891E921E8A4201D8002070478278806A92
:10A710004A43101870470000F7B505460D20C001E8
:10A720002C18E08B002682B000287DD0206A7100B2
:10A73000405A0190A069875D0198761C00282CD0B2
:10A74000384602F07DF980000399009041180120FD
:10A7500080020B18D9881020A26B401A8242988878
:10A760008C4641DD8646A18E90400143A186A88A91
:10A77000AB68421CAA821954A08EAB68020AA88A50
:10A78000411CA9821A54A16B10227046521AD04063
:10A79000A0866046103808182CE00398BA001018FC
:10A7A00040881023A16B1B1A9942039B18DD9B5A0A
:10A7B000A28E9C468B401A43A286A98AAF684B1C86
:10A7C000AB827A54A18EAF680B0AA98A4A1CAA826E
:10A7D0007B54A16B10226346521AD340A3869DE09E
:10A7E0009A5AA38E8A409DE0A18E90400843A0868D
:10A7F00060461018A06367490098085800282AD0BE
:10A80000654A0099515810227B1AA16B121A914285
:10A810001BDD9C46A28E8B401A43A286A98AAF6894
:10A820004B1CAB827A5400E084E0A18EAF680B0A27
:10A83000A98A4A1CAA827B5463469AB2A16B102350
:10A840005B1ADA40A286103803E0A28E8B401A43CE
:10A85000A2860818A063019F7F1EFF2F01D8F8B2BF
:10A8600001E07804000EFEF76AFF80000499844638
:10A87000401841880091A06B1022511A034688426B
:10A8800004986146405A1ADD8646A18E98400143DD
:10A89000A186A88AAB68421CAA821954A08EAB6814
:10A8A000020AA88A411CA9821A54A16B1022704680
:10A8B000521AD040A08600981038081805E0A18EE2
:10A8C00098400843A086009958183249A063604612
:10A8D00074310858002829D02F4A614674325158E3
:10A8E00010227B1AA16B121A914219DD9C46A28E8E
:10A8F0008B401A43A286A98AAF684B1CAB827A545C
:10A90000A18EAF680B0AA98A4A1CAA827B546346AF
:10A910009AB2A16B10235B1ADA40A286103803E0CA
:10A92000A28E8B401A43A2860818A063E08BB04227
:10A9300000D9FBE6012003998002091848881023FA
:10A94000A26B1B1A9A4219DD0E88A38EB44696405C
:10A950003343A386AA8AAF68561CAE82BB54A28E2C
:10A96000AF68160AAA8A531CAB82BE54A26B10238E
:10A9700066469B1ADE40A686103804E00B88A58E3A
:10A9800093402B43A3861018A0634888206305B02A
:10A99000F0BD0000C4F50008BCFB000810B5074876
:10A9A0000089012808D08000801C04F0BFFC25210C
:10A9B00003A004F031F810BD0320F6E724010020C5
:10A9C0003C3C2F4C656E677468203130300A2F464E
:10A9D000696C7465722F466C6174654465636F645D
:10A9E000650A3E3E0A000000F8B51F4615460E46B1
:10A9F0000446FFF72DFD0D21C901082061180863E9
:10AA0000002F1ED0A08AA168421CA2820D54A08AE9
:10AA1000A268431C290AA3821154A08AA268431C7D
:10AA2000E943A3821154A08A090A431CA268A382A5
:10AA3000115406E0A08A3178431CA268A382115405
:10AA4000761C6D1EF6D2F8BDF8B50F00064605D08F
:10AA500001F021FF022809D20120F8BDF568002D80
:10AA600002D07069A84207D8012505E0411CF4D046
:10AA700071698142F1D83D462C467069641CA04240
:10AA800002D80224022D0BD32146304601F003FFE9
:10AA9000002807D0411CE0D00128DED0AC42ECD128
:10AAA0000020F8BD114A2146304603F0FAFF002885
:10AAB00008D1002F0BD022463946304603F0F1FF73
:10AAC000002804D001280DD001242046F8BDF460F0
:10AAD0003069411CF9D0401E306170790121084372
:10AAE0007071F2E70024E443EFE70000FFFFFF0F7F
:10AAF000F3B583B004990F6800E07F1C39782F29E3
:10AB0000FBD05C29F9D080690B222021009003F052
:10AB10005BFE002508202E460195029001983C5CC2
:10AB2000401C0190202C34D92F2C32D05C2C30D0FA
:10AB30002E2C02D0029886420AD30298082837D1D8
:10AB40002E2C35D10B2002900826A806050EE5E72D
:10AB5000802C05D30320054323480019803804784E
:10AB600022A02146FFF7C2FD002821D1204641380E
:10AB7000192802D80220054307E020466138192829
:10AB800003D801200543203CE4B200988455761C8C
:10AB9000C4E739180498202C016001D8042000E093
:10ABA0000020002E04D000990978E52903D005E0A3
:10ABB000062005B0F0BD009905220A700299082907
:10ABC00001D1A9060D0EA907890F012901D1102174
:10ABD00008432907890F012901D108210843009959
:10ABE000C8720020E5E70000D0F40008222A2B2CD0
:10ABF0003A3B3C3D3E3F5B5D7C7F0000F8B584699D
:10AC000005462162206060680E462A2833D1A0697B
:10AC1000022830D0E08C11210003C902401881B213
:10AC2000A06E022802DA606E022801DA002006E037
:10AC3000062801DA012002E006282BD00320870134
:10AC40005820005B0F43002801D0202007431F211C
:10AC50003846F5F74DFA1F20401AC7197120606079
:10AC6000A08AA368411C3A0AA1821A54A08AA26849
:10AC7000411CA1821754A08A0027FF43002805D059
:10AC8000284601F059FC288A002805D0A888002809
:10AC90000ED103E00220D2E7276252E05C20005B85
:10ACA000002805D1002E4CD028486168814238D058
:10ACB000606E0C2148432649401882683146204680
:10ACC0009047022801D0032801D120496160002863
:10ACD00004D0022802D0012804D022E0288A0028CB
:10ACE000DAD02EE0012E08D000231A46194620465D
:10ACF000FFF75CFB032E04D010E02046FFF7A7F916
:10AD00000CE0E08FA26B40000021801E1152E08F0A
:10AD10004000801E81B2A06B04F09BFB288A0028B3
:10AD2000BAD0042E0DD1A06900280CDD284601F010
:10AD300003FCA069002801DD4042A061A08A002830
:10AD400001D00020F8BD0120F8BD00009A020000EB
:10AD5000C0FD000810B5040017D0A069002814D069
:10AD6000806803F053FDA069806B03F04FFDA0697C
:10AD7000406B03F04BFDA069C06A03F047FDA0697A
:10AD800003F044FD0020A06110BD0120C04310BDB0
:10AD9000FFB5064681B001250627274803F042FD8E
:10ADA000B06106600446856104980121E084814019
:10ADB00088B2A084411E21852146032240310A80A9
:10ADC0000823E38707234B8040008A80001D03F09F
:10ADD00029FDE06200282BD0A18C4900091DF5F760
:10ADE000CAF9FF20E73003F01DFD6063062003F081
:10ADF00019FD0D21A063C90110206518A88340200A
:10AE000003F010FDA060A98B8A00E2604A0852009E
:10AE100012182A624A0089184018A86167660B98C0
:10AE2000A0660398A077304600F015F805B0F0BD95
:10AE30000320C043FAE70000BC0600007FB50824E9
:10AE40000025039302920195009423462246FFF7C2
:10AE50009FFF04B070BD10B5002141610222C261A4
:10AE600081608469A182A0682061A069002801DA5C
:10AE70004042A061002801D02A2000E071206060DB
:10AE80002046FFF76DFA204601F02CFE002010BD91
:10AE9000F3B505460D20C00100272E182C4681B0C1
:10AEA0004034A08B84280AD2284601F07AF9A08B7E
:10AEB000842802D2029900297ED000287DD080B259
:10AEC000032817D3A88F2179EA6A8840218B52186A
:10AED0009278504062881040A887AA6B4000175AA9
:10AEE000288D01404800696B0F52AA8FA96B208BF7
:10AEF00052008852002F16D0208BA98CC01B843999
:10AF0000884210D8A96E02290DD0032904D03946F1
:10AF1000284601F013FE05E0012804D139462846F1
:10AF200001F0AAFEA081A08903287CD3C01EC2B272
:10AF3000208B618B431AF18B306A49004352F08BAE
:10AF40009C46411CB369F1831A5463465B1E98B258
:10AF50000090104601F074FD80008F214019C90057
:10AF600040180188491C01800098FF2800D9C009B9
:10AF7000C0B2FEF7E4FB80005A494019401801882E
:10AF8000491C0180B08BF18B401E814201D101210F
:10AF900000E00021A28BA089121A92B2A283638CD6
:10AFA00098422BD8032A29D3401EA081208B401C15
:10AFB00080B22083AA8F01E08EE06BE023799A4073
:10AFC000EB6A1B189B785A4063881A40AA87AB6BC0
:10AFD00052009F5A2A8D10406A6B40001752AB8F67
:10AFE000AA6B208B5B00D052A089401E0004000C8D
:10AFF000A081DBD1208B401C208311E0228B101814
:10B0000080B220830022A281EB6A1A5C9C46AA8748
:10B010002379604440789A40424060880240AA8781
:10B02000002901D13DE707E0218BA86C0A1A00280E
:10B0300021DBE96A09181FE0218BE86AF38B425C87
:10B04000316A00205B00C852F08BB369411CF18368
:10B050001A54900040194030818E491C8186B08B73
:10B06000F18B401E814201D1012100E00021A08B23
:10B07000401EA083BEE7002100232846FFF778F892
:10B08000208BA864286801F057FA2868008A0028F5
:10B09000C8D1FEBD218BA86C0A1A002802DBE96A20
:10B0A000091800E000210298042811D00023284646
:10B0B000FFF75EF8208BA864286801F03DFA286845
:10B0C000008A0028029805D0042809D00120FEBD7E
:10B0D0000123ECE7042801D00020FEBD0220FEBDC4
:10B0E0000320FEBD2C050000F3B505460D20C00170
:10B0F00000272E182C4683B04034A08B84280AD217
:10B10000284601F04EF8A08B842802D20499002929
:10B110007ED000287DD080B2032817D3A88F217954
:10B12000EA6A8840218B5218927850406288104019
:10B13000A887AA6B4000175A288D01404800696B08
:10B140000F52AA8FA96B208B52008852A089E083EE
:10B15000618B29650221A181002F2AD0618C884250
:10B1600027D2208BA98CC01B8439884221D8A96E94
:10B1700002291ED0032904D03946284601F0DEFCFE
:10B1800005E0012815D13946284601F075FDA0815A
:10B1900080B205280DD8A96E012908D0032808D14E
:10B1A000208B618B401A01218902884201DD022037
:10B1B000A081E08B032874D3A189814271D8218BAF
:10B1C000A28BC01E8A18D21E92B20192C2B2286D02
:10B1D0000B1AF18B5B1E306A49004352F08B9C4680
:10B1E000411CB369F1831A5463465B1E98B2009008
:10B1F000104601F025FC80008F214019C90040183D
:10B200000188491C01800098FF2800D9C00901E08D
:10B21000DEE0A2E0C0B2FEF792FA80006F4940196A
:10B2200040180188491C0180B08BF18B401E81427F
:10B2300001D1012200E00022A18BE08B091A491CF8
:10B24000A183801EE083208B401C80B22083019963
:10B25000884216D8A98F23799940EB6A1B189B78EE
:10B26000594063881940A987AB6B49005F5A298D03
:10B270000840696B40000F52AB8FA96B208B5B00BD
:10B28000C852E08B401E0004000CE083DBD16865EF
:10B290000220A081208B401C81B22183002A01D191
:10B2A0002BE711E0A86C0A1A002802DBE96A0918EA
:10B2B00000E0002100232846FEF75AFF208BA864F7
:10B2C000286801F039F939E0686D00283CD0218BFD
:10B2D000E86AF38B40182038C27F316A00205B0097
:10B2E000C852F08BB369411CF1831A549000401985
:10B2F0004030818E491C8186B08BF18B401E81428B
:10B3000001D1012000E00020002811D0218BA86C81
:10B310000A1A002802DBE96A091800E0002100236C
:10B320002846FEF725FF208BA864286801F004F961
:10B33000208B401C2083A08B401EA0832868008A9D
:10B340000028ADD105B0F0BD01206865208B401C00
:10B350002083A08B401EA083CFE6686D002815D007
:10B36000218BE86AF28B40182038316AC07F0027B1
:10B3700052008F52F18BB3694A1CF28358548000FB
:10B3800040194030818E491C81866F65218BA86CE5
:10B390000A1A002802DBE96A091800E00021049873
:10B3A000042811D000232846FEF7E2FE208BA86473
:10B3B000286801F0C1F82868008A0028049805D0A0
:10B3C000042809D00120BDE70123ECE7042801D0BF
:10B3D0000020B7E70220B5E70320B3E72C05000003
:10B3E00070B50E460546002100F0C5F8002813D1BF
:10B3F00000242969286803F0EEF900280CD1696956
:10B400000978E5290CD000290AD00024012128461A
:10B4100000F00AF80028ECD0042800D1072070BD05
:10B42000641CB442F2D170BDF8B5C78804467F1CD5
:10B4300038040E46000C2FD0206900282CD0390784
:10B440005AD1401C2061E168002921D020683A09C6
:10B4500083785B1E1A424FD101F01DFA0546012880
:10B460001ED9681C34D020684169A9423ED8002EFC
:10B4700012D0E168FFF7E8FA05000FD0012D0FD0D8
:10B48000681C25D0206803F0D2FE002820D109E0F6
:10B4900020680089B8422FD80420F8BD0720F8BDE5
:10B4A0000220F8BD2068012252020021303003F052
:10B4B0008BF929462068FFF722F921680026C86227
:10B4C0000DE001210171206803F0B1FE002801D0D8
:10B4D0000120F8BD2068C16A491C761CC162206841
:10B4E0008178B142EDD8C16A891BC162E560294605
:10B4F0002068FFF704F92061E7803807C00D216854
:10B500003030081860610020F8BD70B50446012194
:10B51000FFF766FF050012D12169206803F05BF98F
:10B5200005000CD120220021606903F04DF90B22A7
:10B53000A169606903F0C6F82168012008712846F6
:10B5400070BD70B50446C18800F015F8050010D133
:10B550002169206803F03FF905000AD1202200216B
:10B56000606903F031F96169E52008702168012004
:10B570000871284670BD70B5C18083680D460446C9
:10B58000012B35D020684169994231D9002B05D172
:10B590000178032905D1436A002B02D08078060187
:10B5A00010E00189A94223D9406A11E001F073F942
:10B5B0000346401C1AD0022B1AD3206840699842D7
:10B5C00016D9AD1B2068B5421946EFD2FFF797F8A0
:10B5D000E36000280CD02909081820612807C00D55
:10B5E0002168303008186061002070BD012070BDF6
:10B5F000022070BD014610B50120002901D1FDF7E0
:10B6000027F810BD0B46014610B50420002903D1D0
:10B6100011461846FDF72AF810BD70B50D460146D3
:10B6200004201446002904D11A4621462846FDF775
:10B6300039F870BD014610B50120002901D1FDF790
:10B640003BF810BD70B50D46014604201446002B92
:10B6500007D0002904D11A4621462846FDF734F8C0
:10B6600070BD042070BD10B5044600F08CFC0028AD
:10B6700006D1204603F004FE002801D100212160FC
:10B6800010BDF0B585B00D46044603F0F9FD0290FB
:10B6900000287DD1E07900287AD1E068A84203D261
:10B6A000A179890700D40546A06801900020009088
:10B6B000A060002D53D02068039080784602019846
:10B6C000002813D03146681EF4F712FD0746019892
:10B6D0003146401EF4F70CFD874207D30198711ED6
:10B6E000401E8843A0602D1A61690CE02169002981
:10B6F00008D10398FFF7A8F90146012846D0481C55
:10B7000055D02161616100291AD128E0A079800714
:10B71000206805D5FFF798F9010004D1354611E0FE
:10B7200001F0B9F80146481C41D001292ED9206802
:10B73000406988422AD96161A0688019AD1BA06068
:10B74000B542E3D8A0684019A060E80507D020689A
:10B75000FEF7D5FF002819D0690A08180090208943
:10B76000C00529D0A2690098824225D0A07925463B
:10B7700040062435002811DA206801234078294644
:10B78000FFF760FF002812D104E001E00220E07121
:10B7900005B0F0BDA079BF210840A0712068012349
:10B7A00040782946009AFFF738FF002802D0012090
:10B7B000E071EDE70098A061E168A068884204D9D3
:10B7C000E060A07920210843A0710298E0E7000022
:10B7D000F7B58CB00D98012802D913200FB0F0BD39
:10B7E0000CA801F0BFF8002801DA0B20F6E7FF4AA9
:10B7F00081005158069100290AD0069A0021117043
:10B80000C0B20590FFF7F6FEC10703D00320E5E7BD
:10B810000C20E3E7400701D50A20DFE703AA012156
:10B820000598FFF7EFFE002873D10398802870D3A6
:10B830000D99002901D0002100E03F21441A0E9803
:10B840000291411E0394084202D10E98002811D1A2
:10B850007D2109012046F4F74BFC0021E44A00E079
:10B86000491C4B00D35A8342FAD84800E0491631AC
:10B87000085A0E9001214902884201D3400A0E90D5
:10B88000002811D0802801D980200E900146204642
:10B89000F4F72EFCD7490126884200D30226D64968
:10B8A000884203D3032626E00120EEE7032E22D0B0
:10B8B000012E28D04000001DFF30FF300130400A2B
:10B8C00001250190202007900298401908900198C6
:10B8D000410008980818079947180E9839180298D7
:10B8E000081AA04249D86A4603210598FFF78AFE44
:10B8F000002816D10EE0C14980004018400A2025DA
:10B9000001900020DFE741004018401C4008C01CA7
:10B91000D2E7F8E00098002803D00121C90388424B
:10B9200001D9012000903918401E491E8143C81BCF
:10B9300040080090032E14D0019908180190039C30
:10B940000198611B4000091A0798081A0E99F4F72C
:10B95000CFFB0990022E09D0032E0BD0012E10D060
:10B9600015E008992D1808180890E8E7A1498842C1
:10B9700003D30CE0A049884201D20E202EE70C2709
:10B980000CE001200004844201D2012706E00120DE
:10B990000004844201D2042700E006270D98002805
:10B9A00001D0F0203CE00698012230305202002104
:10B9B000049002F009FF069C0120FF34EF34607010
:10B9C000A0700020E0702771FE206071039902983A
:10B9D00040188B49F4F78CFB82083F210A43009002
:10B9E000A271E071217200206072A072E07203986F
:10B9F0002073010A6173010CA173000EE073112220
:10BA000006985201801855218173AA21C173012320
:10BA1000002204990598FFF715FE002873D1F8203D
:10BA2000069C0A900122303452020021204602F086
:10BA3000CBFE0B2273A1204602F044FE0023E372EA
:10BA4000022121730E986073280AA573E073217494
:10BA5000032E0CD008026074000AA0740121039820
:10BA60000904884205D2E074000A20750AE000202B
:10BA7000F1E7214620310870020A4A70020C8A70F0
:10BA8000000EC8700A9860753F202076002060760E
:10BA9000FF21A176E076029820770298000A60776D
:10BAA0000298000CA0770298000EE07700F056FF95
:10BAB000802329270090032E26D021462031C871EB
:10BAC000020A0A72020C4A72000E88720198A0756E
:10BAD00001981322000AE0750B718F7120464CA16A
:10BAE0002B3002F0EFFD2746FF375520E137B877BE
:10BAF000AA20F87701232146029A0598FFF7A2FDB4
:10BB000000288BD128E003E121464031C870020AA9
:10BB10000A71020C4A71000E887120462030019A89
:10BB20000271019A0125120A4271019A120C827166
:10BB3000019A120EC27102220273002242738273B2
:10BB4000C2730574427406258574C2740B708F70BD
:10BB5000132234A12730C4E7032E06D1029A012311
:10BB60002146921D0598FFF76DFD0020089D049069
:10BB7000012252020021204602F026FE0A9800907F
:10BB8000032E12D0012E0ED0FF21C9430143009194
:10BB900021700098000A60700098000CA070009856
:10BBA000000EE07019E02449F0E7FF21C943084383
:10BBB000009020700098000A60700098000CA0703F
:10BBC0000098000EE070FF2020716071A071E0719C
:10BBD00020726072A0720F20E0722A466D1C012351
:10BBE00021460598FFF72EFD002827E0FC060020DF
:10BBF00050F50008F60F0000F6FF000007020000F5
:10BC0000C13E0000EBFE904D53444F53352E3000A3
:10BC10004E4F204E414D45202020204641542020AB
:10BC2000202020004E4F204E414D45202020204610
:10BC3000415433322020200000FFFF0068D1012250
:10BC400052020021204602F0BFFD01200AE02A46F0
:10BC50006D1C012321460598FFF7F4FC002857D1FD
:10BC60000098401C0146009001988142EFD304984F
:10BC7000401C0490022800D27AE7032E0BD00798CC
:10BC800004902A466D1C012321460598FFF7DAFC33
:10BC900000283DD101E00E98F2E70498401E049080
:10BCA000EFD1032E2CD15220207060706122A2703F
:10BCB0004120E070722139717971B871FA71099877
:10BCC0000123401E3872010A7972010CB972000E0C
:10BCD000F8720220387300207873B873F873552017
:10BCE000B877AA20F877029A2146521C0598FFF7E8
:10BCF000A9FC029A01232146D21D0598FFF7A2FC58
:10BD0000002211460598FFF77DFC002800D165E56B
:10BD1000012063E517B581B002980090144668468B
:10BD200000F020FE002802DA0B2004B010BD0C4AFF
:10BD3000810050580023002800D00370019800288B
:10BD400000D003705050002801D0012C01D00020F9
:10BD5000EBE7002202A901A800F09CFAE5E7000049
:10BD6000FC060020F7B58CB006000CD0D7060020EA
:10BD7000FF0E7A08306052000DA9684600F08AFA7A
:10BD8000050003D086E009200FB0F0BD09A8069099
:10BD900068460D9900F0F7FB059C050002D1002CC8
:10BDA00000D10625F806400F49D0002D0BD0042DF8
:10BDB00003D16846FFF7A9FB054608200743059C09
:10BDC000002D08D066E0E07A1121084242D17807C0
:10BDD00001D508255EE0380742D500F0BFFDA0730D
:10BDE000010AE173010C2174000E60740020E072FE
:10BDF00020776077A077E0772146009800F0FDFD7E
:10BE000007900021204603F0BCF900990120087139
:10BE10000798002822D000980799C06A08900098D7
:10BE200002F0BAFE050035D107980099401EC8609F
:10BE30000899009802F0CFFC051E0DD02AE0002DD5
:10BE400028D1E07AC10601D5042523E0B90703D53E
:10BE5000C00701D007251DE0380701D52020074382
:10BE600000982146C06A3462F061B7710027F7710B
:10BE7000009800F0C2FD306120461D30F4F794F9BF
:10BE8000217F0002B7600843B761F060009830601E
:10BE9000C088B080284677E733B599B0012219A948
:10BEA00008A800F0F7F9002856D108980F9016A8B6
:10BEB0000E9008A8199900F066FB00284CD10D9847
:10BEC000002848D001460B31152202A802F0FAFBE7
:10BED0001C2208A90FA802F0F5FB1AA800F042FDE9
:10BEE00000283BDB0FA81A9900F04DFB002837D043
:10BEF000042831D10FA8FFF708FB00282CD1149C8F
:10BF000002A92046132202310D3002F0DBFB684605
:10BF1000007A20210843E072089801250571E07A33
:10BF2000C00627D511990A98884223D0214608983F
:10BF300000F063FD01460898FEF7E1FB010011D017
:10BF4000089802F048FC089A5032002804D1507832
:10BF50002E2809D00EE004201BB030BD0B20FBE7DB
:10BF60000820F9E70220F7E71046119903F009F9D4
:10BF70000898057108A8FFF7E4FA0028ECD10898A2
:10BF800003F007F9E8E770B5044603F079F90028F3
:10BF90000FD1A1798A060CD548060FD52068214615
:10BFA000407801232431A269FFF74CFB002801D01F
:10BFB000012070BDA079BF210840A071E16920680F
:10BFC00002F009FC0028F4D1256A2021E87A084310
:10BFD000E872207B2877A089000A6877E068000C67
:10BFE000A877E068000EE8772846216903F0C9F8D1
:10BFF00000F0B4FCA875010AE975010C2976000E61
:10C0000068760020A874E874A079DF210840A07148
:10C01000216801200871206803F0BBF870BDFFB5EE
:10C0200085B004460191089800210160164620461B
:10C0300003F026F9002806D1E079002803D1A07981
:10C04000800702D4072009B0F0BDA0682146243142
:10C0500082190391824273D395E0A068C10573D120
:10C060002268410A93785B1E19400D062D0E15D1EA
:10C07000002801D0616903E02069002805D1002172
:10C080001046FEF7E1FC00285AD001282FD0411CB1
:10C0900053D060612169002900D12061A079400658
:10C0A0000CD5206801234078A2690399FFF7CAFAEA
:10C0B000002842D1A079BF210840A07161692068A1
:10C0C000FEF71DFB002812D040190090770A24D0FB
:10C0D0002168EA198878824200D9471B48783B4694
:10C0E000009A0199FFF7AEFA002826D102E002205B
:10C0F000E071A8E7A1690098081AB8420BD2410282
:10C100000198012209185202039802F0DBFAA07983
:10C11000BF210840A0717D0229E0A169814211D0B0
:10C12000E168A06888420DD2206801234078009A17
:10C130000399FFF772FA002804D00120E07182E72A
:10C1400024E001E00098A06120890121C005C00D14
:10C1500049020D1AB54200D9354600192A46243045
:10C16000019902F0AFFAA07940210843A07101982B
:10C1700040190190A0684019A06008980068411912
:10C180000898761B0160002E00D066E7E168A06881
:10C19000884200D9E060A07920210843A0710020E6
:10C1A00051E7FEB50446868C254630468438403536
:10C1B0000190A98B206BA28C411A288B0F1A019930
:10C1C000511888422ADBE06A3246811903F036F9B9
:10C1D000688B801B6883288B801B2883A06C801B46
:10C1E000A064E18FA06B4A008018801E0288B242D2
:10C1F00001D3921B00E000220280491EF5D1606B42
:10C20000720031468018801E0288B24201D3921B10
:10C2100000E000220280491EF5D1BF192068828803
:10C22000002A36D00090298BE06A4018A98B40186C
:10C23000394617468A4200D90F46002F11D0D11B2C
:10C24000009A91800099BAB2096803F0F7F8009853
:10C250000068C1190098016000988068C1190098B1
:10C260008160A88BC01980B2A88303280BD32A8BC6
:10C27000E36A995CA1872F79B9409A1852785140A6
:10C280006A881140A187842803D22068808800280A
:10C290008FD1FEBDF0B5074687B000203860164646
:10C2A000084600F05FFB050002D50B2007B0F0BD8B
:10C2B0009949A8000C58002C12D03C602078002826
:10C2C00004D06078FFF7B6F9C1070BD000202070CA
:10C2D000E8B26070FFF78EF9C10709D00320E5E7E7
:10C2E0000C20E3E7002E01D0400705D40020DDE755
:10C2F000002E03D0400701D50A20D7E700252946A4
:10C300002046FEF7BDF9012823D16E462801071902
:10C31000FF37EF373879002806D038460930F3F771
:10C3200043FF397A00020843A9006D1C7050042DA8
:10C33000ECD30027B8003558002D04D029462046FC
:10C34000FEF79EF900E00220002809D07F1C042F90
:10C35000F0D3032802D000287ED101E00120A5E718
:10C3600020462330417E027E08021043C11FFF3960
:10C37000FA3977D127464037F888002806D1204679
:10C380005530F3F711FF397D00020843A061069094
:10C390003978E170012901D0022963D14143204657
:10C3A000203001910590467FA670002E5AD0701E55
:10C3B000064257D1204641304178027808021043A6
:10C3C0002081039000074DD1204643304178027808
:10C3D0000802104306D120465130F3F7E5FE397CC0
:10C3E00000020843E18F009100293BD0019A8A188E
:10C3F0000399090951180491884233D3401A3146F0
:10C40000F3F776FE00282DD044490126884200D358
:10C4100002264349884200D30326801C60610290B3
:10C42000E56100982818206204996918A162032E1A
:10C430001AD00399002915D001994018606202981A
:10C44000022E1FD04100401841080298C007C00FBB
:10C450000818FF30FF3000E004E001300699400A80
:10C46000814211D20D2021E703980028FAD12046FD
:10C470005D30F3F799FE397F00020843606202984D
:10C480008000E6E74000E4E70020C0432061E06070
:10C4900080206071032E37D1388C012834D1691C7B
:10C4A000204602F098F900282ED1E51DFF35607175
:10C4B000FA35E88D1B49884226D120463130F3F702
:10C4C00073FE05990002097C0843174988421BD175
:10C4D00016482018F3F768FE297D00020843144926
:10C4E000884211D11148001D2018F3F75DFE297E06
:10C4F0000002084320610D4808302018F3F754FE6D
:10C50000297F00020843E0600A4926700888401C21
:10C510000880E080EAE60000FC060020F60F00003C
:10C52000F6FF000055AA00005252614115020000BA
:10C53000727241611401002070B5816904468D8AD0
:10C54000008AA84200D20546002D1BD02A46096960
:10C55000E06802F073FFE0684019E060A0690169DB
:10C5600049190161606940196061208A401B20827D
:10C57000A069818A491B0904090C8182A06901D143
:10C580008168016170BD73B50199044608782F2850
:10C5900001D05C2801D1491C01910025A5600198BA
:10C5A0000078202805D200212046FEF7E4FF6561CF
:10C5B0007CBD01A92046FEF79BFA0028F8D1002196
:10C5C0002046FEF7D8FF002822D12169206802F01A
:10C5D00002F900281CD161690A78002A0ED0CA7AB3
:10C5E00012070FD40B23A26900255B1E08D30D7818
:10C5F0001678491C521CAD1BF7D003E0042007E05D
:10C60000002D05D000212046FEF70EFF0028DCD0CB
:10C61000A1690028C97A05D00428C9D14907C7D41F
:10C6200005207CBD4907FCD46169C87AC006F7D5EE
:10C63000206800F0E2F9A060BBE7000010B58000C0
:10C64000001D02F073FE3D2103A002F0E5F9182160
:10C6500011A002F0E1F910BD3C3C2F50726F635302
:10C6600065742030203020520A2F466F6E743C3C97
:10C670002F46312035353535203020520A2F4632AD
:10C680002035353630203020520A2F4633203520D1
:10C690003020520A000000002F463420362030207F
:10C6A000520A3E3E0A3E3E0A656E646F626A0A00A6
:10C6B000F0B586B00B684A680492896800260A685B
:10C6C00001924A6805928A680392096934468C4649
:10C6D00031464A00151817229201AA18491C94875E
:10C6E0000A29F6DD0D21C90141184A699200151881
:10C6F00003225202AA1852689200D21854804A6942
:10C7000042E094002518032464022C196468A646AC
:10C71000A400E71800947D886446AD00ED186D888C
:10C720006D1C654501DD2546761C7D80049CA64573
:10C730002ADC6C0027181724A4013F19BC8F641C45
:10C74000BC8700240294039C7746A64504DB3C1B6F
:10C75000059FA4003C590294009C1F5B4C6ABE4696
:10C76000029FED1977467D4364194C62019C002CB1
:10C770000AD0019F009D8C6AED196F88029D7D197A
:10C7800077467D4364198C62521C232AB9DB002E44
:10C7900045D01725AD016446641E67003F187F1918
:10C7A000BF8F002FF8D0640024186419A78FB61E1D
:10C7B0007F1EA787E78FBF1CE787644664002418A5
:10C7C0006419A78F7F1EA787002EE4DC6446002C27
:10C7D00025D065002E181725AD017519AD8F1AE00B
:10C7E0001646B600361F371803267602BE1976683D
:10C7F000049F521EBE420EDCB700FE18B446768877
:10C80000A64207D0DF5BA61B7E434F6AF6194E6235
:10C81000664674806D1E002DE2D1641ED9D106B02B
:10C82000F0BDF0B586B08C460024012369465D005A
:10C83000AE18403EF68F5B1C34196404240C4C5334
:10C840000A2BF4DD002214E0960033185B88002BDD
:10C850000ED05D004C5B671C4F530025E707FF0FB0
:10C860002F4364087D005B1E002BF7DC6B088353AD
:10C87000521C6245E8DD06B0F0BD002210B503464B
:10C880001046891E04E09C5C2018521CC0B2D2B233
:10C890008A42F8DB10BDF8B50D46044602290BD3D9
:10C8A0006069A84208D900262078F643012806D0FE
:10C8B00002282CD003283BD001263046F8BD68085A
:10C8C0004719206A790A4118204601F084FF0028A0
:10C8D000F3D1F805C00D00192030007C00907F1CBA
:10C8E000206A790A4118204601F075FF0028E4D13A
:10C8F000F805C00D00192030007C009900020843A3
:10C90000E90701D00609D8E70605360DD5E7206A04
:10C91000290A4118204601F05EFF0028CDD12806E3
:10C92000C00D00193030417800780E020643C4E78C
:10C93000206AE9094118204601F04DFF0028BCD1CA
:10C940006806C00D0419204631303034F3F72CFC52
:10C9500021780002084306013609AEE70048704717
:10C960000000FC4610B5034600201C68C043002CA4
:10C9700013D0214600E0491C0A78212A0ED33A2A16
:10C98000F9D12278641C303A0A2A06D28C4204D1AA
:10C99000032A02D2491C1046196010BD002010BDA8
:10C9A000002110B5FF231F330A468C0024184034A1
:10C9B000491CA2869942F8DB002105231B028C004A
:10C9C0002418E418491CA2851E29F8DB0021152330
:10C9D0009B018C002418E418491CA2831329F8DB5E
:10C9E00011239B010121C31899860D21C90140180B
:10C9F000826242628285C28310BD0246C87E8B7EFF
:10CA0000000212781843032A05D14A7D0B7D1102DA
:10CA1000194309040843704710B50446810704D13F
:10CA20006421F3F765FB002908D1FF2191312046ED
:10CA3000F3F75EFB002901D0002010BD012010BDDE
:10CA400070B50546082821D30124A01CC1B20220DC
:10CA5000F7F7A4FCA8421AD8E01CC1B20220F7F7ED
:10CA60009DFCA84213D9E1B20220F7F797FC0646D5
:10CA7000E1B20220F7F792FC41004018281A314633
:10CA8000F3F736FBA1004018C01CC0B270BD641C97
:10CA9000052CDADB002070BD10B5012808D080001D
:10CAA000C01C02F043FC2C2102A001F0B5FF10BD18
:10CAB0000420F6E73C3C2F4C656E677468203130EB
:10CAC000300A2F46696C7465722F466C6174654438
:10CAD00065636F64650A3E3E0A73747265616D0A30
:10CAE0000000000070B50446808C002540002063E3
:10CAF000E08FA16B4000801E0D52E08F4000801E31
:10CB000081B2A06B02F0A5FC626E0C2042430A4B7E
:10CB10002046D1184E88403046849A5A82858A88A9
:10CB20002267C98801840583A56485830221C183A6
:10CB300081816565A58770BDC0FD0008F0B506461A
:10CB40004036328C87B09446C26A0392046F358BAC
:10CB5000F38BA646848C00945219843C1F46A54250
:10CB600003D9009C2C1B843400E000240694446B01
:10CB70000594008D0490D0182038C07F0290D05CBE
:10CB800001901546B08D8035874202D360468008FB
:10CB90008446704684B2B08B0090844200D98646A9
:10CBA00003984418E75C0198874252D1E018203876
:10CBB000C77F029887424CD120781778B84248D175
:10CBC00060785778641CB84243D1921C641C50783A
:10CBD0006778521C641CB8422BD150786778521C7D
:10CBE000641CB84225D150786778521C641CB84246
:10CBF0001FD150786778521C641CB84219D1507804
:10CC00006778521C641CB84213D150786778521C64
:10CC1000641CB8420DD150786778521C641CB8422D
:10CC200007D150786778521C641CB84201D1AA42DF
:10CC3000CDD3A81A8022101AAA1A984209DD71834E
:10CC40000346704511DAD0182038C07F0290D05CBE
:10CC500001900498014005984900415A0698814284
:10CC600003D96046401E84469AD1009998B2884202
:10CC700000D9084607B0F0BD70B5C36A4030028BDA
:10CC80009A185B1814461D7816788034B5423CD14A
:10CC90005D785678B54238D1921C9B1C55785E78E9
:10CCA000521C5B1CB5422BD155785E78521C5B1C24
:10CCB000B54225D155785E78521C5B1CB5421FD118
:10CCC00055785E78521C5B1CB54219D155785E7858
:10CCD000521C5B1CB54213D155785E78521C5B1C0C
:10CCE000B5420DD155785E78521C5B1CB54207D118
:10CCF00055785E78521C5B1CB54201D1A242CDD35F
:10CD0000A21A80239A1A032A01DA022070BD4183F5
:10CD1000808B91B2814200D90146084670BD000067
:10CD2000FFB0B7B0002601201096000583900120C7
:10CD300095908996819684908B90002088968C9609
:10CD40008D96879692908F96939091907E908096F4
:10CD5000012094967B901190FF20913082900020CA
:10CD60007C909090789086907F9012905A20859039
:10CD700000208E908A90F5F751F8FBF793FBFD4861
:10CD8000F4F77EFD7A90FC4C000C20707A98000A33
:10CD900060707A98A070F748001DF4F771FD7990E3
:10CDA000000CE07079982422000A20717998607153
:10CDB00097A902A8F3F7C6F93B993A980191009018
:10CDC00037A90EC97698F7F733FAEA481438F4F71A
:10CDD00057FDC0B2002177900846F4F761F90124AD
:10CDE000E64F640221463846F4F7FEFF012816D1CB
:10CDF0001420F4F737FF21463846F4F7F5FF0128F1
:10CE00000DD1F7F7F5F8F7F759FADA480830F4F7E3
:10CE100037FD00280BD0F4F7F3F9F7F783FC012175
:10CE20004902D648F4F7E0FF012803D0F4E3F4F711
:10CE3000E7F9F4E71420F4F715FFD14C2046F4F796
:10CE40001FFD01282BD1400201F0ECFC0546012218
:10CE50004021FBF727FC0122CA492846FBF734FC96
:10CE6000012246212846FBF71DFC0D210122C901A4
:10CE70002846FBF729FC01224C212846FBF712FC2F
:10CE8000C0490122891C2846FBF71EFC284601F0F8
:10CE9000BDFC02212046F4F701FDF5F791F9B548F4
:10CEA0000C38F4F7EDFC012821D06720C00001F018
:10CEB000B9FC0022B4490F90FBF7D4FFB3490F9897
:10CEC000FCF784FAB2490F98FCF7FCF90F98FCF7CD
:10CED000CFFA6420F4F7C6FE01214902A748F4F70F
:10CEE00083FFAC4D96902878012802D0ECE37C209B
:10CEF000DDE70024A248A100A03808180021F4F7BB
:10CF0000CDFC641CA4B2092CF4D300249948A100E0
:10CF1000083008180021F4F7C1FC641CA4B2142CDA
:10CF2000F4D300202870092001F07CFC032040028B
:10CF300001F078FC05460D2001F074FC062001F09C
:10CF400071FC072001F06EFC032001F06BFC0D90DA
:10CF5000062001F067FC052001F064FC0F2001F0C1
:10CF600061FC0E2001F05EFC0C2001F05BFC0C204B
:10CF700001F058FC0B9088A059908BA058908CA081
:10CF800018900D98A12101700D98E32141700D9822
:10CF90004621817088A0179089A016908AA01590CC
:10CFA0008DA014908FA05B9091A0139003226C2110
:10CFB0002846FBF777FB00200C905D905A900E906E
:10CFC00004465C905998295D0078814211D1002077
:10CFD00021186A5C5999095C8A4203D1401C80B2CD
:10CFE0000D28F5D30D2804D1654801219038F4F7B8
:10CFF00055FC5898295D0078814211D100202118F4
:10D000006A5C5899095C8A4203D1401C80B20628A8
:10D01000F5D3062804D15A4801218C38F4F73EFC98
:10D020001898295D0078814211D1002021186A5C8E
:10D030001899095C8A4203D1401C80B20728F5D3B5
:10D04000072804D14E4801218838F4F727FC0D98B1
:10D05000295D0078814211D1002021186A5C0D9968
:10D06000095C8A4203D1401C80B20328F5D303280F
:10D0700004D1434801218438F4F710FC1798295D46
:10D080000078814211D1002021186A5C1799095C4F
:10D090008A4203D1401C80B20628F5D3062804D169
:10D0A000374801217C38F4F7F9FB13982F5D00789D
:10D0B000874221D1002021186A5C1399095C8A42B9
:10D0C00003D1401C80B20928F5D3092814D10020CF
:10D0D0005EAB21184A19517A2E2909D03E2902D176
:10D0E000927A3E2A04D01954401C80B20F28F0D303
:10D0F0000021195401205C901698007887427DD158
:10D10000002021186A5C1699095C8A4203D1401CF0
:10D1100080B20528F5D3052870D1291948790A234A
:10D1200030388A795843303817180A7A487A303AB2
:10D130005A43303A801880B20490CA7A087B303A59
:10D140005A43303A801880B203908A7BC87B303AC9
:10D150005A43303A801802904A7C887C303A5A43CD
:10D16000303A801880B20190487D097D30395943AA
:10D17000303944E050000808AE000020000800509C
:10D18000000208087F060000D800002000000020F0
:10D19000B8000020B4000020446F6E277420726530
:10D1A000706C6163650000006D616E75616C0000FC
:10D1B0005275737369616E0073696E676C65000008
:10D1C00074696D653A0000005265636F7264696E40
:10D1D0006720646179733A00666F726D61743A50CA
:10D1E000444600004D4D2F44442F59590000000083
:10D1F000757362206E616D653A00000048E040186A
:10D2000080B20090049839040002091803980918A4
:10D210000298020401980002121800981018059054
:10D22000FE48F4F73BFBFD480599001DF4F736FB7B
:10D23000F8B2FAF7FDFBFA4F38700498C0B2FAF76B
:10D24000F7FB78700398C0B2FAF7F2FBB870029857
:10D25000C0B2FAF7EDFBF8700198C0B2FAF7E8FB3C
:10D2600038710098C0B2FAF7E3FB7871242297A9CD
:10D2700002A8F2F767FF3B993A980191009037A90D
:10D280000EC97698F6F7D4FF0121E648F4F706FBBD
:10D290001598295D007881420CD1002021186A5C24
:10D2A0001599095C8A4203D1401C80B20F28F5D33E
:10D2B0000F2803D05D98012849D01EE10020789006
:10D2C00021184919C97B0A46303A0A2A06D2789BA6
:10D2D0000B9AD1547899491C89B27891401C80B23C
:10D2E0004B28EDD30B9864228178007821273038C1
:10D2F000504309180B980A2240783F015043C01B45
:10D30000081881B2C5481430F4F7C8FA0B980A22FD
:10D310000179C078303850433038081881B2BF489E
:10D320001830F4F7BBFA0B986422C1794079303891
:10D33000504309180B980A2280795043C01B0818E3
:10D3400081B2B6481C30F4F7A9FA01205D90285D3F
:10D35000612818D128194178622930D181786F2944
:10D360002DD1C17876292AD10079652827D10E9848
:10D370008100AC484C3808180121F4F78FFA0E9858
:10D38000401CC0B20E90285D622818D1281941783F
:10D39000652914D181786C2911D1C1786F290ED1FA
:10D3A000007977280BD10E9881009E484C380818D8
:10D3B0000021F4F773FA0E98401CC0B20E902F199A
:10D3C000F97A30390A2939D2387B0246303A0A2AAA
:10D3D00034D27A7B94462E2A07D06246303A0A2A03
:10D3E0002CD2BA7B2E2A39D060E03A7C432A01D075
:10D3F000462A23D1BA7A9446303A0A2A7DD30C9A27
:10D40000521C92B20C9262462D2ABA7B17D0134658
:10D41000303B0A2B0AD26423594352180A2148434D
:10D4200021210901401A101800B211900C988100B6
:10D430007A481C3008181199F4F74EFA5DE013464B
:10D44000303B0A2BF2D26423594351180A2250432D
:10D4500021221201801A08184042E5E77A7C462A08
:10D4600001D0432A22D10C9A521C92B20C92BA7A61
:10D470002D2AFA7B54D01346303B0A2B0ED27D2343
:10D48000DB00594352186421484361460A2359433B
:10D49000401811186448081800B211900C988100C7
:10D4A0005E481C3008181199F4F716FAB87B01464B
:10D4B00030390A2921D2F97B8C4630390A291CD20D
:10D4C000F97A5A4A303951433A7B7D23DB005A437B
:10D4D00089187A7B64235A4389180A225043091811
:10D4E0006046081852495A9A41180C9880188200D0
:10D4F0004A485C301018F4F7D1F91498295D007887
:10D50000814248D1002021186A5C1499095C8A4242
:10D5100003D1401C80B20728F5D3072813D03AE086
:10D520001346303B0A2BB9D27D23DB0059435218F6
:10D530006421484361460A235943401811183A4868
:10D5400008184042A8E72F19F879432802D050283C
:10D5500008D012E0387A53280FD1787A56280CD1A7
:10D56000002106E0387A442807D1787A462804D189
:10D5700001212A480830F4F791F9F87A61280AD194
:10D58000387B6E2807D1787B642804D12348022198
:10D590000830F4F783F95B98295D0078814211D156
:10D5A000002021186A5C5B99095C8A4203D1401C07
:10D5B00080B20828F5D3082804D11848012110307A
:10D5C000F4F76CF9641C0320A4B24002844200D238
:10D5D000F8E414480C990C38F4F760F911485A999A
:10D5E0000838F4F75BF90F4801212C30F4F756F9AD
:10D5F000284601F00BF9599801F008F9589801F004
:10D6000005F9189801F002F90D9801F0FFF8179844
:10D6100001F0FCF816980DE015E100005000080834
:10D62000AE0000206C01080830EBFFFF102700005F
:10D63000B02FFFFF01F0EAF8159801F0E7F8149811
:10D6400001F0E4F80B9801F0E1F8139801F0DEF82E
:10D650005C98012838D1400201F0E4F80446012228
:10D660004C21FBF71FF80025AC462946202348191A
:10D6700023545EAA525C002A7CD06746012F79D0E1
:10D680002254491C89B20B29F1D301224C21204696
:10D69000FBF71AF80122FE492046FBF715F8204651
:10D6A00001F0B4F8FB490020087079987A9902914A
:10D6B00003903B993A980191009037A90EC976984A
:10D6C000FAF7ECF9F4F77CFDF34D2846F4F7D8F8B7
:10D6D000002848D0F148F4F7D3F8002843D0352289
:10D6E00019A958A8F2F72EFD20A8417E60A841751F
:10D6F0002799669130225BA96846F2F723FD58A866
:10D700000EC867A8F6F790FC67A9352219A8F2F7AA
:10D7100019FD70A8417C20A8417675992791DE48B3
:10D720001038F4F7ADF804B2352219A958A8F2F769
:10D7300009FD20A8417E60A84175279966912C2299
:10D740005CA968460B94F2F7FDFC58A80FC8F4F7E3
:10D75000B5F919A8F4F7A2FCFF202D30F4F782FAEE
:10D7600019A8F4F77FFB2846F4F78AF8002805D0BB
:10D770004CE0FFE723540120844682E7C748203865
:10D78000F4F77EF8012841D1779800283ED1352260
:10D7900019A958A8F2F7D6FC20AC607E60AC607581
:10D7A0002798669030225BA96846F2F7CBFC58A810
:10D7B0000EC867A8F6F738FC67A9352219A8F2F752
:10D7C000C1FC70AC607C20AC6076759827903522E7
:10D7D00019A958A8F2F7B6FC607E60AC607527986E
:10D7E0006690AF480B902C225CA96846F2F7AAFC21
:10D7F00058A80FC8F4F762F919A8F4F74FFCFF20F6
:10D800002D30F4F72FFA19A8F4F72CFB969801287D
:10D8100001D1FFF75EFB0F9800F0F8FF9D49002053
:10D820000870779800280CD079987A990291039023
:10D830003B993A980191009037A90EC97698FAF76A
:10D840002DF9F4F7BDFC8D99779808437ED1934864
:10D850002038F4F715F80128F8D1FAF78FFE0121E6
:10D860000020F3F76FFB01210020F3F719FCFF25DF
:10D87000F53501210846F5F771FA86480178012946
:10D8800003D100210170F4F79BFC00240A20F4F777
:10D89000E9F9641CFF21A4B201318248F4F7A4FA2B
:10D8A0001090AC4201D80028F0D0AC42E1D935222A
:10D8B00028A958A8F2F746FC30AD687D60AD6875C0
:10D8C0003698669030225BA96846F2F73BFC58A870
:10D8D0000EC867A8F6F73AFC67A9352228A8F2F720
:10D8E00031FC70AD687C30AD68757598369001205C
:10D8F00000267790F6F7ECF93C9800683C994008D0
:10D90000400008604B20C0013D900020664C3E90D6
:10D910003F90409042903C940C2041903CA8F6F7F8
:10D9200047F93C9800683C9940084000086008208E
:10D93000A0612168202001432160002203211D20D5
:10D94000F4F73AFC1D20F4F72DFC00E0BEE03C9813
:10D950000068012108433C9908605CA80D906BA801
:10D960000C9028A8F4F77EFA352228A958A8F2F7D7
:10D97000E9FB30AC607D60AC6075369866902C2217
:10D9800068460D99F2F7DEFB58A80FC8F3F7FCF9CB
:10D9900028A8F4F783FB01210846F5F7DFF93522C3
:10D9A00028A967A8F2F7CEFB30AC607D70AC60743C
:10D9B000369875903D480B902C2268460C99F2F7EA
:10D9C000C1FB67A80FC8F4F779F828A8F4F766FB3D
:10D9D000C820F4F747F98D98002877D1FF25314FFB
:10D9E000013529463846F4F7FFF9314C109020787C
:10D9F000012817D02F48007801282FD02E48007812
:10DA000001287DD0109800287BD1C820F4F72AF98E
:10DA100029463846F4F7E8F910900028A1D020787C
:10DA2000012817D1002525702448254C05702F4664
:10DA3000E05DF6F78BF97F1CBFB2062FF8D32149C2
:10DA400000200D542554401C80B21228F9D3C82060
:10DA5000F4F708F91748007801285BD1154800252C
:10DA600005701648012105700B482C38F3F716FF96
:10DA7000134CA078F9F7DCFF134F3870E078F9F712
:10DA8000D7FF78702079F9F7D3FFB87060791EE07E
:10DA900081060000A500002098010808640008081D
:10DAA0009A0200000008005000480040B822000020
:10DAB000A8000020A9000020AA000020A600002045
:10DAC000C6040020B4040020AE00002092E0F9F764
:10DAD000AFFFF870A079F9F7ABFF3871E079F9F78B
:10DAE000A7FF78710027E05DF6F730F97F1CBFB221
:10DAF000122FF8D3FE4900200D542554401C01E09C
:10DB000017E00BE080B21228F6D3C820F4F7AAF889
:10DB100001208890F748007801280AD089980028C9
:10DB200000D15BE788980028FBD0899801283CD079
:10DB300048E0F04900200870EF49F04D0870A878DF
:10DB4000E978000241182A79E879120680186A7982
:10DB5000AB7912041B02D2188418287A6A7A000260
:10DB60008718E748F3F79AFEE5482146001DF3F7CA
:10DB700095FEE34839460830F3F790FE0024285D0F
:10DB8000F6F7E4F8641CA4B20E2CF8D30020D84AAF
:10DB9000014611542954401C80B21228F9D3C820E0
:10DBA000F4F760F801208990BCE78898012809D132
:10DBB000D348012128307791F3F770FE0121D14835
:10DBC000F3F76CFE242297A902A8F2F7BBFA3B995F
:10DBD0003A980191009037A90EC97698F6F728FB7C
:10DBE00028A8F4F73FF9C64801212C30F3F756FE78
:10DBF000F4F7E6FA779801287ED1FAF7BFFCC0481F
:10DC00002C30F3F73DFEC0B28C90022815D0BC48F2
:10DC10005430F3F735FE00280FD0BA487C38F3F7BC
:10DC20002FFE002805D0B7486838F3F729FE0028F2
:10DC300003D001210020F3F785F901210020F3F73B
:10DC40002FFAFF24F53401210846F5F787F8AE498D
:10DC50000878012810D10020087079987A990291EB
:10DC600003903B993A980191009037A90EC9769894
:10DC7000F9F714FFF4F7A4FA0026F6F76FF8A348B3
:10DC8000F5F781FC01222921A048F5F7B9FC002213
:10DC900011460220F4F790FA0220F4F783FA9C4D23
:10DCA000FF27013701210846F5F758F8761CB6B270
:10DCB00039462846F4F798F81090A64201D8002873
:10DCC000F0D0A64269D9352219A958A8F2F73AFA34
:10DCD00020A8417E60A841752799669130225BA9F2
:10DCE0006846F2F72FFA58A80EC867A8F6F72EFA7A
:10DCF00067A9352219A800E07CE1F2F723FA70A8A1
:10DD0000417C20A841767599279101210020F3F7E5
:10DD1000EDF80121002289027C48F5F771FC00240E
:10DD20005CAF78487838F3F7ABFD05B2352219A916
:10DD300058A8F2F707FA20A8417E60A841752799F4
:10DD400066912C22394668460B95F2F7FBF958A8E4
:10DD50000FC8F3F7B3FE19A8F4F7A0F9012108469C
:10DD6000F4F7FCFF19A8F4F77DF801210846F4F751
:10DD7000F5FF641CA4B2052CD3D36248A038F3F796
:10DD80007FFDC0B27F90082801D908207F90002035
:10DD90000446A8ADA0AF009020E05C48CA2100680E
:10DDA0004162532141628268012189028A43826073
:10DDB00049E700985249001D80B25C31009040183C
:10DDC000F3F75EFD610068524D4900989C314018A0
:10DDD000F3F756FDA100641C7850A4B27F988442EA
:10DDE000E7D3484D0024E03DB4AF06E0A000401961
:10DDF000F3F746FD3855641CA4B27F988442F5D3EE
:10DE00003F485C30F3F73CFD80B2002400280FD07F
:10DE1000404F4500A5420BD9002239463B48F5F753
:10DE2000EFFB01210846F4F799FF641CA4B2F1E767
:10DE3000394F0020388032485830F3F721FDC0B206
:10DE4000849001210020F3F77DF800207C902C487D
:10DE500002212C30F3F722FD01210020F3F7FAF81C
:10DE6000849806214843C0B28B9001210020F3F72B
:10DE7000C3F8FF20013000F0D5FC7D90F2F790FE52
:10DE8000F2F78EFE254D00242C5F7E9880940019B9
:10DE900081947E907B99F2F72BF900B28790012054
:10DEA000000583907D980470288801127D98417048
:10DEB0001348012154307891F3F7E2FCC1B2859107
:10DEC000002237A91148F5F759FC002276A90F481E
:10DED000F5F732FC70A8C07E010470A8407E0002F5
:10DEE000091870A8807E091830A80091007F17E0FB
:10DEF000B4040020AA000020A6000020C6040020D0
:10DF00001000080800020808A5000020D80400201E
:10DF1000000800508AEE0000AC00002088020020BB
:10DF2000010430A8407F0002091830A8807F0C1837
:10DF3000FE480099F3F7B2FCFC482146001DF3F7B8
:10DF4000ADFCFB48F3F79CFC012805D0F848001D08
:10DF5000F3F796FC00280DD1F54800992030F3F72F
:10DF60009DFCF34821462430F3F798FC0021F0484B
:10DF7000F3F794FCEE482030F3F782FC70A9C97ED9
:10DF80000202120E891A0C22514370AA527E89187D
:10DF90000204120E891A4A01511A70AA927EC0B266
:10DFA0008918091A85980122401A80B28290E149A5
:10DFB000E148F5F725FB0020388019984068199949
:10DFC00040084000486019A8F5F76AFED8480830B4
:10DFD000F3F756FC0006000E8A9008D12D21859893
:10DFE000490148438499F2F783F8801C8E90002001
:10DFF000285E12908C9802287ED077980228FBD059
:10E00000002431E0B4A8005D002802D0012807D028
:10E0100010E06000A8A90A5E12998A4206DC09E0B5
:10E020006000A8A90A5E12998A4203DAACA90A5ACA
:10E03000521C0A52A100A0A8405884990546F2F744
:10E0400057F8002903D084998D4200D9401C610003
:10E05000ACAA525A80B2824204D3002A02D00120D4
:10E06000B0AA5052641CA4B27F988442CAD3002143
:10E070000846B0AA4300D35C401C591880B2C9B20C
:10E080000828F7D3002901D001207C90352219A956
:10E0900058A8F2F757F820AC607E60AC60752798FE
:10E0A0006690929A829893991590919B16A80EC0AB
:10E0B000909881991190879B809A12A80EC0959B89
:10E0C000109A949810937C990DAB07C39B4800213C
:10E0D000415E0C9130225BA96846F2F733F858A8EC
:10E0E0000EC867A8F3F770FA002680219448F3F76A
:10E0F0007BFE10908A9800E0A3E1002806D18E995B
:10E100007B98884202D30220779002E01098002882
:10E110007ED1012229218848F5F772FA894F012121
:10E120000846F4F71BFE3888761C401E3880B6B2CD
:10E1300080218348F3F758FE1090642E19D0FF20F9
:10E14000F530864202D810980028E8D0FF20F5303C
:10E15000864276D902200146779074480026203006
:10E16000F3F79CFB72488699A030491EF3F796FBA3
:10E1700071E086986E498000A43140187B99F3F7CE
:10E180008DFB86983522401CC1B2869119A958A8EA
:10E19000F1F7D8FF20A8417E60A8417527996691C4
:10E1A000664C0020205E7C990C910B902C225CA97F
:10E1B0006846F1F7C7FF58A80FC8F3F7B1FA7C908B
:10E1C000352219A958A8F1F7BDFF20A8417E60A803
:10E1D00041752799669100252C225CA968460B950C
:10E1E000F1F7B0FF58A80FC8F6F7A8F8352219A91B
:10E1F00058A8F1F7A7FF20A8417E60A8417527998C
:10E200006691625F032182980E950C920D9100E059
:10E2100052E00F9030225BA96846F1F793FF58A8AF
:10E220000EC867A8F3F7B2FA67A9352219A8F1F763
:10E2300089FF70A8417C20A841767599279182E7D3
:10E24000FFE73C490122C3313B48F5F7D9F97798FC
:10E250000026022830D18F9800282DD101208F90E0
:10E2600032487B990830F3F719FB304881990C301C
:10E27000F3F714FB2D4880991030F3F70FFB2B4870
:10E280007E991430F3F70AFBFF22013283997D98BF
:10E29000F9F768FF7D9800F0B9FA79987A990291B8
:10E2A00003903B993A980191009037A90EC976984E
:10E2B000F9F7F4FBF3F784FF224D06212888044682
:10E2C000F1F716FF002902D08B9884427ED3F2F733
:10E2D00067FC1A4F002429888B983C5F81425ED3EB
:10E2E000002028807B98401C7B908198844200DD30
:10E2F000819480993D468C4200DA80947E987B9987
:10E3000000197E90F1F7F4FE00B2879078987D9A1C
:10E310004000145429887D9A091280184170789819
:10E32000401C80B27890802839D10DE01C0008088C
:10E330006C010808239F0000D804002088020020F8
:10E3400000080050AC000020420083997D98F9F746
:10E3500009FF839876A9FF300130839000200246A0
:10E360007890CC48F5F7E8F9CB48F3F789FA70AA2A
:10E37000D17E0202120E891A0C22514370AA527EDB
:10E3800089180204120E891A4A01511A70AA927E43
:10E39000C0B28918091A8598401A80B28290352235
:10E3A00019A958A8F1F7CEFE20AD687E60AD68755A
:10E3B000279866900020385E7C990C910B903C4623
:10E3C0002C225CA96846F1F7BDFE00E030E058A8B9
:10E3D0000FC8F3F7A5F97C90352219A958A8F1F7D1
:10E3E000B1FE20AD687E60AD68752798669000220A
:10E3F000A05E829B0F9303210CAB07C330225BA965
:10E400006846F1F79FFE58A80EC867A8F3F7BEF953
:10E4100067A9352219A8F1F795FE70AD687C20AD8B
:10E4200068767598279001229C499A48F5F7E8F894
:10E430009B480021415E129101210846F4F78EFCB1
:10E44000D8E5FAF79BF801210020F2F729FE95485C
:10E450000178012910D10021017079987A990291EF
:10E4600003903B993A980191009037A90EC976988C
:10E47000F9F714FBF3F7A4FE01210020F2F762FD87
:10E4800001210846F4F76AFC874DFF210131284637
:10E49000F3F7AAFC1090F8E0F5F760FC7D48F5F77B
:10E4A00072F8012229217B48F5F7AAF800221146CB
:10E4B0000220F3F781FE0220F3F774FE7B4FFF2466
:10E4C000F53401210846F4F749FC3888761C401ED3
:10E4D0003880FF21B6B201312846F3F785FCA64209
:10E4E00001D80028EDD0FF2101312846F3F77CFC4C
:10E4F000109000287ED1A6427CD90026FAF73EF87B
:10E50000352219A958A8F1F71DFE20A8417E60A860
:10E5100041752799669130225BA96846F1F712FE92
:10E5200058A80EC867A8F5F711FE67A9352219A8E3
:10E53000F1F708FE70A8417C20A8417675992791D3
:10E54000352219A958A8F1F7FDFD20A8417E60A841
:10E5500041752799669156480B902C225CA9684614
:10E56000F1F7F0FD58A80FC8F3F7A8FA19A8F3F7C8
:10E5700095FD494C241F2046F3F782F9401C81B2D7
:10E580002046F3F78BF901214A48F3F787F9494808
:10E590000121001DF3F782F93F4802217430F3F79F
:10E5A0007DF93D4800210C30F3F778F93A48002115
:10E5B0001030F3F773F9384800218030F3F76EF923
:10E5C0000120400200F02EF9044601223A49FAF7F0
:10E5D00069F8012240212046FAF776F80D21012240
:10E5E000C9012046FAF75EF8012246212046FAF7D3
:10E5F0006BF800E03DE030490122891C2046FAF723
:10E6000051F801224C212046FAF75EF8204600F02E
:10E61000FDF82A4F00242003C019F9F7FFFD641C00
:10E62000A4B28C2CF7D301273F0500242003C01986
:10E63000F9F7F4FD641CA4B2FF2CF7D9012220499C
:10E640001448F4F7DDFF01210846F4F787FB0120A9
:10E65000779079987A99029103903B993A98019131
:10E66000009037A90EC97698F9F718FAF3F7A8FDC4
:10E670000BE00848CA210068416253214162816869
:10E68000012292029143816000261098002800D058
:10E69000B0E401E7D80400208C010808E69F0000E0
:10E6A00088020020A500002000080050AC000020D7
:10E6B00057040000380008087F06000000C6030069
:10E6C0000210000003E00B780370401C491C521E2E
:10E6D000F9D2704770B50F4B197C00290AD02D2153
:10E6E0008901884213D24109D8684A00845A00201F
:10E6F000024608E018688047012070BD0E187600B9
:10E70000DD68401CAA53A042F8DB002070BD022047
:10E7100070BD00003802002010B5074CB422002163
:10E72000E06800F08DF82D2292010021A06800F031
:10E7300087F80120207410BD3802002070B5164DF6
:10E740000646287C0024002801D128688047002242
:10E75000D243002E1ED0F002010CF00601D0491C5D
:10E7600089B2EB68592046009E5B002E04D000243D
:10E770008C420DD1002207E0641CA4B2F8E7841893
:10E780006400EB68521C19538A42F8D3400170BDF3
:10E79000401EE8D5104670BD3802002010B5094A69
:10E7A0000020D26801464B00D35A002B00D0401CF9
:10E7B000491C5A29F7D3642148435A21F1F798FCA0
:10E7C000C0B210BD38020020C9B201E00170401C87
:10E7D000521EFBD2704770B50446C06A0E46002533
:10E7E000B04210D0204600F022FD05000BD121469A
:10E7F0006078012332463031FCF70FFF002801D04A
:10E800006E1E0125E662284670BD000010B5002886
:10E8100004D003498968401AFFF75CFF10BD00006F
:10E820003802002010B5FFF789FF411C03D00349CF
:10E830008968081810BD002010BD000038020020B3
:10E8400001E00170401C521EFBD270477CB51C4693
:10E8500005460192009104E06846019A009900F093
:10E860000BF82146641EA4B20029F5D106226946A0
:10E870002846F1F767FC7CBD77B583B069468C7C90
:10E8800006460D8A2300FAF73EFF0D14080C08080F
:10E89000080808080808080A14001E2009E01F20BC
:10E8A00007E02846FEF7B8F8002801D01D2000E058
:10E8B0001C2069468A8A511C814203D86B461D8000
:10E8C0009C7099800123814206D90C2C06D06846A1
:10E8D0000580641C847007E00C2C06D11F2A04D12B
:10E8E00068466D1C05808370838006226946304629
:10E8F000F1F728FC06B070BD02480189491C01816E
:10E90000704700002401002010B50548FCF7A3FA69
:10E9100004490120C86002490020888010BD000021
:10E92000880B00202401002070B5054D0446A8691D
:10E93000E9690019884201D900F022F870BD000091
:10E940002401002070B50C4CE068002810D00B4D5D
:10E950008020FFF7E9FFA069E860A18B081A2882F0
:10E9600004210648FCF74AF9E968A1610128EFD1C2
:10E970000020E06070BD000024010020880B002012
:10E9800038B5094CA16960690D1A0848C168FCF7DF
:10E9900078FE6B462A4605486169FDF740FB00207A
:10E9A00000906069A06138BD240100203809002072
:10E9B000F8B5174D0746E8680E4600281BD0154CE1
:10E9C0000020A1802760208211E0218A002908D13F
:10E9D00080081030FFF7A8FFA869E060A98B081A2B
:10E9E000208200210B48FCF709F9E068A861A088A3
:10E9F0000028EAD1F8BD0846FFF796FF32463946AF
:10EA0000A869F1F79FFBA8698019A861F8BD00000B
:10EA100024010020880B002010B5FFF7C9FF00205B
:10EA200010BDF0B5930003251B186D025B195E68DD
:10EA30000D245300E4010419A44627E09C420FDD95
:10EA40009C002518032464022D19AC686D68A4008D
:10EA5000AD000C5B4D5BAC4201D3AC4200D15B1C02
:10EA60009D002F1803256D027D196F68B400BD004D
:10EA70000C5B4D5BAC420DD3AC420BD00324920037
:10EA800064021218121957601A465B006446246922
:10EA90009C42D3DA9100091803204002081846600E
:10EAA000F0BDF8B517460E460446022909D3606941
:10EAB000B04206D92078012806D002283ED003288B
:10EAC0004CD002252846F8BD700880190090216AB4
:10EAD000400A09182046FFF77EFE0500F2D1009893
:10EAE0000099C005C00D491C001930300091F10794
:10EAF00005D001780907090F3A01114300E03946B2
:10EB00000170012020710098216A400A09182046EE
:10EB1000FFF761FE0500D5D10098C005C00D0019B2
:10EB20003030F10702D03905090E05E001783A05C9
:10EB300009090901120F114301702AE0206A310A04
:10EB400041182046FFF747FE0500BBD13006C00D37
:10EB5000001930300770390A41701AE0206AF10953
:10EB600041182046FFF737FE0500ABD17006C00DF7
:10EB70000619304631303036F1F716FB0002000F2F
:10EB8000000738433070010A7170010CB170000E3B
:10EB9000F0700120207195E7F8B50F460446022970
:10EBA00016D36069B84213D900261FE039462046C3
:10EBB000FDF771FE05001CD0012D09D0681C09D09D
:10EBC000002239462046FFF76CFF060011D103E012
:10EBD00002260EE001260CE02069411C05D0401CF5
:10EBE000206160790121084360712F466069B84255
:10EBF000DCD83046F8BDF7B584460020C0438646D1
:10EC000001980023448807260425002C01D18A2678
:10EC100003250298002182000198C9431018C18081
:10EC20000B200027C00161460A183BE02146019CE9
:10EC3000B8000019C4885B1CB34201DAA14230D08D
:10EC4000AB4208DA8D001520654480012818858BB9
:10EC5000EB18838318E000290DD0714507D08B0095
:10EC60001520634480011818838B5B1C8383908B71
:10EC7000401C908308E00A2B03DC108C401C10849D
:10EC800002E0908C401C908400238E46002C04D01F
:10EC9000A64504D10626032503E08A26FBE70726BE
:10ECA00004257F1C02988742C0DDFEBDFFB50446E7
:10ECB0000D208E46C00121187046FF389C46023850
:10ECC0008A6B03468D8E93401D43102781B0ABB2F3
:10ECD0000B2A16DD06468B86A08AA568421CA282F6
:10ECE0002B54888EA568030AA08A421CA2822B544A
:10ECF000886BB2B23B1ADA408A860B3802468863C8
:10ED000002E08B86521D8A630B2A1CDD03988D8ED0
:10ED1000401E034693401D438D86A38AA7685E1C50
:10ED2000A682FD548A8EA38A160A5D1CA768A58256
:10ED3000FE5482B2886B10231B1ADA408A860B3885
:10ED40000246886307E0039B888E5B1E934018434E
:10ED50008886521D8A630C2A1BDD6046001F8D8E3B
:10ED6000034693401D438D86A38AA7685E1CA68236
:10ED7000FD548A8EA38A160A5D1CA768A582FE54DC
:10ED800082B2886B10231B1ADA408A860C3888639B
:10ED900007E06346888E1B1F934018438886121D28
:10EDA0008A63002030E0214A8E6B125C0D2E1EDD3E
:10EDB00092001319152292019A18D58B8F8E2B462B
:10EDC000B3401F438F86A68AA368721CA2829F55F8
:10EDD000A68A8A8E771CA368120AA7829A558A6B24
:10EDE00010239B1ADD408D860D3A8A630BE092005A
:10EDF0001319152292019A18D28B8B8EB2401A43A6
:10EE00008A86F61C8E63401C6045CCDB7246214628
:10EE100074312046521E00F00DF80548039A21185F
:10EE20002046521E00F006F805B0F0BDB0F600080E
:10EE30002C050000F7B5002184B0C9430291059963
:10EE400000224988072704240191002901D18A273B
:10EE50000324002100910B21C90143180D21C90190
:10EE60004118009D79E1019D521CAC46009DAE0009
:10EE7000059D7519ED880195BA4201DAAC457DD042
:10EE8000A242644634DAA40015252418AD016419A1
:10EE90000394E48B029410258E6B2C1BA642039CDA
:10EEA000A48B1ADDA6468D8EB44025438D86848AB8
:10EEB0008768661C86823D558C8E8768260A848A00
:10EEC000651C85823E558D6B10267446761BF4407A
:10EED0008C86029C103C2C1905E08D8EB4402C438E
:10EEE0008C86029C34198C63521E7DD0039CD0E723
:10EEF000002C7AD02546029CA4452FD0AC002518C2
:10EF00001524A4012F19FC8B029410258E6B2C1B49
:10EF1000A642BC8B1ADDA6468D8EB44025438D8655
:10EF2000848A8768661C86823D558C8E8768260A8F
:10EF3000848A651C85823E558D6B10267446761B2F
:10EF4000F4408C86029C103C2C1905E08D8EB44058
:10EF50002C438C86029C3419521E8C63DC8B0294E9
:10EF600010258E6B2C1BA6429C8B1CDDA6468D8E1D
:10EF7000B44025438D86848A661C00E0EAE08768F9
:10EF800086823D558C8E8768260A848A651C858218
:10EF90003E558D6B10267446761BF4408C86029C81
:10EFA000103C2C1905E08D8EB4402C438C86029CBD
:10EFB00034198C638D8E0E2C1BDDD21E1646A64096
:10EFC00035438D86848A8768661C86823D558C8E83
:10EFD0008768260A848A651C85823E5594B28A6BAE
:10EFE0001025AD1AEC4001E0A4E008E08C860E3A52
:10EFF00098E0D21EA24015438D86A41C99E00A2AEF
:10F000004BDC5C8C029410258E6B2C1BA6421C8C56
:10F010001ADDA6468D8EB44025438D86848A876886
:10F02000661C86823D558C8E8768260A848A651CFC
:10F0300085823E558D6B10267446761BF4408C8677
:10F04000029C103C2C1905E08D8EB4402C438C861C
:10F05000029C34198C638D8E0D2C18DDD21E164641
:10F06000A64035438D86848A8768661C86823D5516
:10F070008C8E8768260A848A651C85823E5594B2E8
:10F080008A6B1025AD1AEC408C860D3A4AE0D21EF0
:10F09000A24015438D86E41C4BE0DC8C02941025C5
:10F0A0008E6B2C1BA6429C8C1ADDA6468D8EB4401E
:10F0B00025438D86848A8768661C86823D558C8EA2
:10F0C0008768260A848A651C85823E558D6B1026CA
:10F0D0007446761BF4408C86029C103C2C1905E08B
:10F0E0008D8EB4402C438C86029C34198C638D8E9B
:10F0F000092C19DD0B3A1646A64035438D86848AC5
:10F100008768661C86823D558C8E8768260A848AAD
:10F11000651C85823E5594B28A6B1025AD1AEC4071
:10F120008C86093A8A6305E00B3AA24015438D8626
:10F13000E41D8C6364460294019C0022002C05D0DF
:10F14000019DAC4504D10627032403E08A27FBE791
:10F1500007270424009D6D1C0095069EB54200DC27
:10F1600081E607B0F0BD002210B503461046891EA7
:10F1700004E09C5C2018521CC0B2D2B28A42F8DB78
:10F1800010BD81760A0AC2760A0C0275090E417515
:10F19000704770B5044600F04AF8050045D1207864
:10F1A00003283AD16079012837D142022046303015
:10F1B00000210646FFF708FB1120400155212018C9
:10F1C0008173AA21C17320465221203001744174F9
:10F1D000612181744122C274FF307223E1300375D2
:10F1E00043758275C175216901760A0A42760A0C57
:10F1F0008276090EC176E16801770A0A42770A0C25
:10F200008277090EC177E2690123521CE2626078BD
:10F210003146FCF717FA0020607100226078114631
:10F22000FCF7F0F9002800D00125284670BDF8B59C
:10F23000044600790027002820D0E66A214660783D
:10F240003031012332460091FCF7FCF9002801D04F
:10F25000012713E000202071206AA169301A88423A
:10F260000CD2E57808E0A06901238619607832465F
:10F270000099FCF7E7F96D1E022DF4D23846F8BD6F
:10F2800010B5002809D00168002906D00A78002AA4
:10F2900003D0CA888088824201D0092010BD4878F6
:10F2A000FCF7C8F9C007F9D0032010BD00B589B03C
:10F2B000024607A16846FAF7FBF90021684600E01C
:10F2C000491C425C002AFBD1FFF7A6FB09B000BD38
:10F2D000202564203020520A0000000000B589B0CB
:10F2E000024607A16846FAF7E3F90021684600E004
:10F2F000491C425C002AFBD1FFF78EFB09B000BD20
:10F3000020256420302052001FB5024606A1684621
:10F31000FAF7CEF90021684600E0491C425C002A59
:10F32000FBD1FFF779FB1FBD256C640000B589B0E8
:10F33000024607A16846FAF7BBF90021684600E0DB
:10F34000491C425C002AFBD1FFF766FB09B000BDF7
:10F3500025642030206F626A0A00000000B58BB07F
:10F36000019300920B46024607A102A8FAF7A0F902
:10F37000002102A800E0491C425C002AFBD1FFF7F3
:10F3800017FB0BB000BD00002564202564206D0A2A
:10F390002564202564206C0A00000000FFB50746A4
:10F3A0008FB016461846F1F729FA04460D46109814
:10F3B000F1F724FA6B4643C33A460595049407A136
:10F3C00006A8FAF775F9002106A800E0491C425C7E
:10F3D000002AFBD1FFF7ECFA13B0F0BD256420251D
:10F3E0002E3166206D0A256420252E3166206C0A98
:10F3F0000000000030B58BB015460C46F1F7FEF961
:10F4000002460B4608A102A801950094FAF750F9AC
:10F41000002102A800E0491C425C002AFBD1FFF752
:10F42000C7FA0BB030BD0000252E316620770A5B8D
:10F4300025642025645D203020640A00002A07D05E
:10F440000B780370401C491C521E1204120CF7D199
:10F450007047002906D000220270401C491E090492
:10F46000090CF9D170470000000300808300000000
:10F470000000000000000600000000000000800204
:10F48000021F00000053544D202020202050726F96
:10F4900064756374202020202020202020302E300E
:10F4A00031000000110111010001100011101001C4
:10F4B00001111001001111000111010111110101CF
:10F4C00000011001111111010111110100000000D2
:10F4D000808182838485868788898A8B8C8D8E8FB4
:10F4E000909192939495969798999A9B9C9D9E9FA4
:10F4F000A0A1A2A3A4A5A6A7A8A9AAABACADAEAF94
:10F50000B0B1B2B3B4B5B6B7B8B9BABBBCBDBEBF83
:10F51000C0C1C2C3C4C5C6C7C8C9CACBCCCDCECF73
:10F52000D0D1D2D3D4D5D6D7D8D9DADBA2B8B9BA0C
:10F53000E0C1C2C3C4C5C6C7C8C9CACBCCCDCECF33
:10F54000D0D1F2D3D4D5D6D7D8D9DAFBBCFDBFFF02
:10F5500000040002000180004000200010000800AC
:10F56000040002000000008000400020001000089D
:10F5700000400020001000080004000207070700F8
:10F5800000018000303A2F31373032303030372EA2
:10F5900043535600000000000000000066726573CF
:10F5A000686C69616E63650000000000303A2F31BD
:10F5B000373032303030372E706466000000000083
:10F5C000000000000000000000000000000000003B
:10F5D000000000000000000000000000000000002B
:10F5E0000000000001000000010000000100000018
:10F5F0000100000002000000020000000200000004
:10F6000002000000030000000300000003000000EF
:10F6100003000000040000000400000004000000DB
:10F6200004000000050000000500000005000000C7
:10F6300005000000000000000000000000000000C5
:10F6400000000000000000000100000001000000B8
:10F6500002000000020000000300000003000000A0
:10F660000400000004000000050000000500000088
:10F67000060000000600000000000000000000007E
:10F68000000000000000000000000000000000007A
:10F69000000000000000000000000000000000006A
:10F6A000000000000000000000000000000000005A
:10F6B00010111200080709060A050B040C030D02BD
:10F6C0000E010F000C0008008C0008004C00080020
:10F6D000CC0008002C000800AC0008006C000800FA
:10F6E000EC0008001C0008009C0008005C000800FA
:10F6F000DC0008003C000800BC0008007C0008009A
:10F70000FC00080002000800820008004200080017
:10F71000C200080022000800A200080062000800E1
:10F72000E2000800120008009200080052000800E1
:10F73000D200080032000800B20008007200080081
:10F74000F20008000A0008008A0008004A000800C9
:10F75000CA0008002A000800AA0008006A00080081
:10F76000EA0008001A0008009A0008005A00080081
:10F77000DA0008003A000800BA0008007A00080021
:10F78000FA0008000600080086000800460008008D
:10F79000C600080026000800A60008006600080051
:10F7A000E600080016000800960008005600080051
:10F7B000D600080036000800B600080076000800F1
:10F7C000F60008000E0008008E0008004E00080039
:10F7D000CE0008002E000800AE0008006E000800F1
:10F7E000EE0008001E0008009E0008005E000800F1
:10F7F000DE0008003E000800BE0008007E00080091
:10F80000FE00080001000800810008004100080017
:10F81000C100080021000800A100080061000800E4
:10F82000E1000800110008009100080051000800E4
:10F83000D100080031000800B10008007100080084
:10F84000F1000800090008008900080049000800CC
:10F85000C900080029000800A90008006900080084
:10F86000E900080019000800990008005900080084
:10F87000D900080039000800B90008007900080024
:10F88000F900080005000800850008004500080090
:10F89000C500080025000800A50008006500080054
:10F8A000E500080015000800950008005500080054
:10F8B000D500080035000800B500080075000800F4
:10F8C000F50008000D0008008D0008004D0008003C
:10F8D000CD0008002D000800AD0008006D000800F4
:10F8E000ED0008001D0008009D0008005D000800F4
:10F8F000DD0008003D000800BD0008007D00080094
:10F90000FD0008001300090013010900930009001D
:10F91000930109005300090053010900D3000900B5
:10F92000D30109003300090033010900B3000900C5
:10F93000B30109007300090073010900F300090015
:10F94000F30109000B0009000B0109008B000900FD
:10F950008B0109004B0009004B010900CB00090095
:10F96000CB0109002B0009002B010900AB000900A5
:10F97000AB0109006B0009006B010900EB000900F5
:10F98000EB0109001B0009001B0109009B00090095
:10F990009B0109005B0009005B010900DB00090015
:10F9A000DB0109003B0009003B010900BB00090025
:10F9B000BB0109007B0009007B010900FB00090075
:10F9C000FB01090007000900070109008700090081
:10F9D000870109004700090047010900C700090025
:10F9E000C70109002700090027010900A700090035
:10F9F000A70109006700090067010900E700090085
:10FA0000E701090017000900170109009700090024
:10FA1000970109005700090057010900D7000900A4
:10FA2000D70109003700090037010900B7000900B4
:10FA3000B70109007700090077010900F700090004
:10FA4000F70109000F0009000F0109008F000900EC
:10FA50008F0109004F0009004F010900CF00090084
:10FA6000CF0109002F0009002F010900AF00090094
:10FA7000AF0109006F0009006F010900EF000900E4
:10FA8000EF0109001F0009001F0109009F00090084
:10FA90009F0109005F0009005F010900DF00090004
:10FAA000DF0109003F0009003F010900BF00090014
:10FAB000BF0109007F0009007F010900FF00090064
:10FAC000FF010900000007004000070020000700B8
:10FAD000600007001000070050000700300007001A
:10FAE0007000070008000700480007002800070012
:10FAF00068000700180007005800070038000700DA
:10FB000078000700040007004400070024000700F5
:10FB100064000700140007005400070034000700C9
:10FB20007400070003000800830008004300080079
:10FB3000C300080023000800A300080063000800B9
:10FB4000E3000800000005001000050008000500A3
:10FB50001800050004000500140005000C00050055
:10FB60001C00050002000500120005000A00050047
:10FB70001A00050006000500160005000E0005002D
:10FB80001E00050000000000000000000000000052
:10FB90000000000000000000000000000000000065
:10FBA0000000000000000000000000000000000055
:10FBB0000000000000000000000000000000000045
:10FBC000010000000200000003000000040000002B
:10FBD000050000000600000007000000080000000B
:10FBE0000A0000000C0000000E00000010000000E1
:10FBF00014000000180000001C000000200000009D
:10FC00002800000030000000380000004000000024
:10FC10005000000060000000700000008000000044
:10FC2000A0000000C0000000E00000000000000094
:10FC300000000000010000000200000003000000BE
:10FC40000400000006000000080000000C00000096
:10FC5000100000001800000020000000300000002C
:10FC6000400000006000000080000000C0000000B4
:10FC70000000000000000000000000000000000084
:10FC80000000000000000000000000000000000074
:10FC90000000000000000000000000000000000064
:10FCA0000000000000000000000000000000000054
:10FCB0000000000000000000000000000000000044
:10FCC0000000000000000000000000000000000034
:10FCD0000000000000000000000000000000000024
:10FCE000000000000000000002000000030000000F
:10FCF00007000000FE45C141CE3D1E3AAB367333CE
:10FD00007030A12DFE2A872838260E2407222020B5
:10FD1000581EAC1C1A1BA0193E18F116B8159014E9
:10FD20007B1376128111D10FBE0FF10E2F0E780DBD
:10FD3000CC0C280C8F0BFD0A740AF2097709030911
:10FD400095082D08CA076D071407C0067106260618
:10FD5000DE059A055A051C05E204AB047604450449
:10FD60001504E803BD0394036D034803250303034F
:10FD7000E302C502A8028C02720258024002290264
:10FD80001302FE01EA01D701C501B301A3019301EA
:10FD900083017501670159014D01400134012901B9
:10FDA0001E0114010A010001F700EE00E600DE006A
:10FDB000D600CF00C700C000BA00B400AE000000FB
:10FDC000040004000800040091AE000804000500CF
:10FDD0001000080091AE000804000600200020007A
:10FDE00091AE00080400040010001000E9B0000803
:10FDF0000800100020002000E9B0000808001000F2
:10FE000080008000E9B000080800200080000001A8
:10FE1000E9B000082000800002010004E9B00008F9
:10FE20002000020102010010E9B0000800000000FB
:10FE300000000000000000000000000000000000C2
:10FE40000102030406070809030406080C10182021
:10FE500030000000000102030400000031203020C7
:10FE600030203120256420256420546D0A5B3C300D
:10FE70003243333E31313C3033324330333136302C
:10FE8000333046303332383E353C303331303E2D1E
:10FE900031303C30333043303030333E5D20544AD3
:10FEA0000A000000C4FE00080000002094020000C8
:10FEB000F00A0008E8FF000894020020441D00003A
:10FEC00030970008136D921B080B041AD504811398
:10FED000F7919B080110411A55101A49041A610440
:10FEE0001A3D04140902202008010104C03209044B
:10FEF000100A02080650050705810212022C0705A8
:10FF000001070914202240292019070B1C0907208A
:10FF10001B0A064521031740011301831408ED82D3
:10FF20001B0805081A09041A0D041A21041AFD14E5
:10FF3000137DF41408598D1B086D041A79041A8175
:10FF4000041A85041A51041A65044F0403090412A3
:10FF500001601583042A571D0201020369396C727E
:10FF6000A012083A5004012B000C146672657368E5
:10FF70006C69616E63652A461F06152054616731FE
:10FF8000000E124669726D776172655F56312E30D0
:10FF900038085554432B303A301A9D7777772E6DB9
:10FFA000C52E636F6D0C134E6F6E81014C1319E7F4
:10FFB0001B089D0413A40C1420E417422013C4F65C
:10FFC0001408C4F5240801011A1E04320A1344FB64
:10FFD0001B08381841321E2914414BA8FC14321357
:08FFE000B2071480841E00002A
:04000005080000C12E
:00000001FF
