:020000040800F2
:10000000F89A00205D020008D9450008A13B0008CD
:10001000D74500082114000885580008000000009A
:100020000000000000000000000000009D0100082A
:100030008D16000800000000F9010008E5520008D4
:1000400077020008770200087702000877020008AC
:10005000770200087702000877020008770200089C
:10006000770200087702000877020008770200088C
:10007000770200087702000877020008770200087C
:100080007702000877020008C90F0008770200080D
:10009000770200087702000877020008770200085C
:1000A00077020008CD5300087702000877020008A5
:1000B000770200087702000877020008770200083C
:1000C000770200087702000877020008770200082C
:1000D00077020008795800087702000877020008C4
:1000E000770200087702000877020008770200080C
:1000F00077020008770200087702000877020008FC
:1001000077020008770200087702000877020008EB
:10011000A15400087702000877020008770200085F
:10012000D115000877020008DD15000877020008E5
:1001300077020008770200087702000877020008BB
:1001400077020008770200087702000877020008AB
:10015000770200087702000877020008770200089B
:10016000770200087702000877020008770200088B
:1001700077020008770200087702000800000000FC
:100180007702000877020008DFF80CD000F078FC56
:10019000004800476B6D0008F89A00202C4B196846
:1001A0000868B0E8F04F80F30988BFF36F8F4FF015
:1001B000000080F3118870470000000008480068C4
:1001C000006880F308884FF0000080F3148862B65E
:1001D00061B6BFF34F8FBFF36F8F00DF00BF00BF6B
:1001E00008ED00E0DFF80C00016841F470010160E7
:1001F000704700BF88ED00E0EFF30980BFF36F8F19
:10020000134B1A681EF0100F08BF20ED108A20E96A
:10021000F04F106009B44FF0500080F31188BFF325
:100220004F8FBFF36F8F07F0EDFE4FF0000080F3AC
:10023000118809BC19680868B0E8F04F1EF0100F6B
:1002400008BFB0EC108A80F30988BFF36F8F704746
:10025000C8030020EFF30580704700000648804780
:1002600006480047FEE7FEE7FEE7FEE7FEE7FEE79B
:10027000FEE7FEE7FEE7FEE7B1530008890100084C
:100280002DE9F05F0546002092469B4688460646CB
:10029000814640241BE0284641464746224600F05E
:1002A000E4F953465A46C01A914110D311461846F4
:1002B000224600F0CBF92D1A67EB01084F46224683
:1002C0000120002100F0C2F917EB00094E41201E69
:1002D000A4F10104DFDC484631462A464346BDE826
:1002E000F09F00000649074A0868504343F239026C
:1002F00010440860400870470149086070470000DA
:10030000400400206D4EC64140EA01039B0703D024
:1003100009E008C9121F08C0042AFAD203E011F844
:10032000013B00F8013B521EF9D27047D2B201E006
:1003300000F8012B491EFBD270470022F6E710B5EA
:1003400013460A4604461946FFF7F0FF204610BD43
:1003500030B505462A460B4612F8010B13F8014B3F
:1003600008B1A042F8D01CB1002802D06D1CF1E702
:10037000284630BD421C10F8011B0029FBD1801A11
:10038000704710B5044600E0401C0378002BFBD1F9
:1003900000E0401C521E04D311F8013B0370002BF7
:1003A000F7D100210170204610BD034611F8012B42
:1003B00000F8012B002AF9D1184670470FB400B598
:1003C0008DB010A909900B9000914FF0FF300A906A
:1003D00000200C9005480690054807906A4609A839
:1003E0000F9900F067F90DB05DF814FBD106000815
:1003F000EF0600082DE9FF5F1D464FF0FF3BD5E9F2
:10040000014691465F464FF00008A9697F1C01989C
:100410008847296A824688470028F6D1BAF1FF3F0B
:100420000CD024F4C064002E19DD600614D5BAF196
:100430002B0F09D0BAF12D0F0ED103E0584604B0AE
:10044000BDE8F09F44F48064A9697F1C0198884747
:10045000761E8246002E02DDBAF1300F03D0B9F1CC
:10046000000F26D032E0A969761E44F400747F1C88
:10047000019888478246002E05DDBAF1780F06D034
:10048000BAF1580F03D0B9F1000F10D01EE0B9F146
:10049000000F02D0B9F1100F18D1A969761E24F40B
:1004A00000747F1C019888478246102002E00820D3
:1004B00000E00A20814609E008FB0908A969761EC8
:1004C00044F400747F1C019888478246002E05DDA5
:1004D0004946504600F0D9F80028EDDAE96901985C
:1004E0008847A00502D46FF00100A8E7E00725D1F6
:1004F000600613D5600502D5C8F1000000E0404653
:1005000029680A1D2A600968220501D5087015E0CE
:10051000220701D5088011E008600FE02868011D5E
:1005200029600068210502D580F8008006E02107D7
:1005300002D5A0F8008001E0C0F8008038467EE7D0
:100540002DE9FF5FD2E901A74FF0000891699946B4
:100550001446DDF838B0464601988847054659EA02
:100560000B0005D009E0A169761C01988847054673
:10057000216A284688470028F5D1681C03D05FEA25
:10058000CA7005D015E04FF0FF3004B0BDE8F09F11
:100590002068011D2160D0F800800AE05FEACA707F
:1005A00001D108F8015BA169761C7F1E019888477C
:1005B0000546002F1ADD681C18D0B9F1000F0DD0C8
:1005C000E81705EBD060421120F01F0059F8221007
:1005D0002A1A012090400142E0D107E0BBF1000F50
:1005E000DCD1216A284688470028D7D0E1690198E4
:1005F0008847BBF1000F07D1002E05DD5FEACA7006
:1006000002D1002188F80010A068B84203DDBBF1D8
:10061000000F03D017B16FF00100B6E73046B4E722
:1006200030B50B46014600202022012409E021FAC2
:1006300002F59D4205D303FA02F5491B04FA02F5BF
:100640002844151EA2F10102F1DC30BD202A04DB92
:10065000203A00FA02F1002070479140C2F12003D5
:1006600020FA03F3194390407047202A04DB203A14
:1006700021FA02F00021704721FA02F3D040C2F1C2
:10068000200291400843194670473A2800D230387A
:1006900020F02002412A01D3A2F13700884201D381
:1006A0004FF0FF307047000002681144137801607A
:1006B00018467047D1600449516104491162002114
:1006C0001161114600F006BAA9060008C90A00081F
:1006D000426842B1016811F8013B23B1521EC0E9E2
:1006E0000012184670470121C160881E7047426899
:1006F0005AB1C368016843B983688B4205D0491E6B
:10070000521CC0E90012002070474FF0FF307047C4
:100710002DE9FE4F804681EA0300C00F0C46009091
:1007200021F0004123F00045B8EB0200A94105D2B9
:100730004046214690461C460B46024623F00040A8
:10074000104347D0270DC7F30A00C3F30A510290A4
:10075000401A019040286BDAC3F3130040F4801B69
:100760000098924620B10023D2EB030A63EB0B0BF7
:1007700001985946C0F140025046FFF767FF064610
:100780000D4650465946019A00F08CF910EB0800CE
:100790006141002487EA115284EAE7731A4340D08A
:1007A000009A62B3019A012A4FEA075215DC001B36
:1007B00061EB02014FF0004202EA0752CDE900422C
:1007C000001C41F5801132462B4600F028FB03B097
:1007D000BDE8F08F40462146F9E7001B61EB0201BE
:1007E000001C41F5801300185B412018A2F500178A
:1007F00047EB030140EAD570B6196D4111E06D0871
:100800004FEA360645EAC0754FEA0752001B61EB16
:100810000201001C41F5801149084FEA300000191F
:10082000514132462B4603B0BDE8F04F00F0E8BA24
:100830000098012240000023D0EB020263EBE0733A
:10084000009821464FEAE074B8EB000061EB040128
:10085000E9E783F000435BE781F0004158E72DE9C9
:10086000FE4F81EA030404F0004421F000410094AB
:100870004FF0000B23F0004350EA01045ED052EA2F
:1008800003045BD0C3F30A54C1F30A552C44A4F209
:10089000F3340194A0FB0254C1F3130141F480111D
:1008A000C3F3130343F4801301FB024400FB034E24
:1008B000840A970A44EA815447EA8357A4FB0768ED
:1008C00002958D0A05FB07854FEA932C04FB0C5417
:1008D0002705029D4FEA065847EA1637B5EB08058B
:1008E0006EEB070C870E920E47EA811742EA8312DD
:1008F000A7FB0201B6EB0B0164EB00042B0D43EAEE
:100900000C335E1844EB1C50DA465146E7FB0201FB
:10091000C5F313044FEA0B3343EA14534FEA04328E
:10092000019C43EA0603A4F10C040294009CCDE967
:1009300000B400F074FA03B0BDE8F08F0020014667
:10094000F9E72DE9F04D81EA030404F0004B21F0B2
:10095000004514464FF0000A23F0004150EA05021A
:1009600020D054EA01021DD0C5F30A570246C5F350
:100970001303C1F31300C1F30A5640F4801543F486
:100980008013A7EB0608101BD64608F2FD3873EB60
:10099000050002D308F1010801E092185B41B8F1AB
:1009A000000F03DA00200146BDE8F08D00204FF46F
:1009B0008011064684460EE0171B73EB050705D32E
:1009C000121B63EB050306434CEA010C49084FEA8E
:1009D000300092185B4150EA0107EDD152EA030062
:1009E00012D082EA040083EA0501084305D0101BF7
:1009F000AB4106D20122002306E000224FF0004363
:100A000002E06FF0010253101AEB06004CEB0851A4
:100A100010EB0A0041EB0B01BDE8F04D00F0F0B91E
:100A2000C1F30A52C1F3130140F2FF3341F48011C4
:100A30009A4202DA00200146704740F233439A425C
:100A4000A2F2334202DC5242FFF70FBEFFF7FEBDB7
:100A500030B5041E71F1000404DB4FF00044404245
:100A600064EB0101141E73F1000405DB1C464FF01A
:100A70000043524263EB0403994208BF904230BDE9
:100A8000064C074D06E0E06840F0010394E80700DB
:100A900098471034AC42F6D3FFF77AFB28D300080E
:100AA00048D30008202A06DBCB17203A41FA02F08F
:100AB00043EAE07306E041FA02F3D040C2F12002BB
:100AC0009140084319467047C0B24FF4F05100F00E
:100AD000F5B900002DE9F34F8BB04FF0000801F19C
:100AE0000C000C464FF0010B46460DF1080A019030
:100AF0006269012101989047051E2DD0252D2CD02B
:100B0000216A8847C0B16269012101989047216A32
:100B100088470028F7D1411E62690198904700E09C
:100B2000761CA1690B988847216A88470028F7D16D
:100B3000E1690B988847DBE7A1690B98884707466E
:100B4000A84201D1761CD3E7E1690B9888477F1C46
:100B500002D1B8F1000F6FD046E1002762693D462F
:100B60003946019890472A2804D1626901210198E9
:100B700090470125DFF8849262690121019890472E
:100B8000A0F130010A290AD24F45E5DC07EB8701C5
:100B900000EB4107303FDFD445F01005ECE7E906F4
:100BA00001D46FF000476C280AD04C2814D0682874
:100BB00015D06A280DD074281CD07A281AD01DE0D0
:100BC00062690121019890476C2802D045F0040524
:100BD00014E045F002050DE045F020050AE06269E9
:100BE000012101989047682802D045F0080505E0EA
:100BF00045F400656269012101989047C4E90157F5
:100C000065283DD019DC58287AD00CDC452837D02F
:100C100004DC252826D0412831D131E046282FD0C8
:100C200047282CD12CE05B2877D0612828D0632876
:100C30007CD0642823D15AE0D0E06F2848D008DC6B
:100C400066281DD067281BD0692821D06E2816D1B0
:100C500027E0702845D0732868D0752847D07828B9
:100C60000DD14DE0A1690B988847054625283FF432
:100C700069AFE1690B9888476D1C3FF46AAFB3E038
:100C800023466A466FF001000B99AFF300809EE0A7
:100C900045F040006060A80723464FF0000236D4BC
:100CA0003EE0E8077FF447AF2068011D216000683F
:100CB000290501D506701BE7290701D5068017E72E
:100CC000A90703D5F117C0E9006111E706600FE736
:100CD00045F040006060A80723464FF0080216D494
:100CE0001EE040F60E0125EA0100606016E045F0C6
:100CF00040006060A80723464FF00A0207D40FE0C7
:100D000045F040006060A80708D5234610226FF028
:100D100001000B99AFF3008059E007E02346102251
:100D20006FF001000B99FFF765FB50E04FF00009F1
:100D30004F464B46632802D05B2806D040E0E806C9
:100D400001D40120A06001273AE0626901210198E5
:100D500090475E2805D14FF0010962694946019824
:100D60009047216939B900210A46534643F82120AA
:100D7000491C0829FADBB0B3216969B9C11700EB36
:100D8000D16253110AEB830122F01F02821A012063
:100D90000B68904003430B60626901210198904702
:100DA0005D28E8D1B9F1000F09D00020514651F873
:100DB0002020D24341F82020401C0828F7DB02AB5A
:100DC000224600976FF001000B99FFF7B9FB00284E
:100DD0000CDA401C08D1BBF1000F05D04FF0FF30FA
:100DE0000DB0BDE8F08FFFE74046F9E7E90701D114
:100DF00008F1010806444FF0000B79E6CCCCCC0C8E
:100E000010B5141E73F1000408DA401C41F1000112
:100E100092185B411A4301D120F0010010BD2DE969
:100E2000F04D92469B4611B1B1FA81F202E0B0FA60
:100E300080F220329046FFF709FC04460F4640EA54
:100E40000A0041EA0B0153465A46084313D01146A3
:100E500053EA010019D0C8F140025046FFF705FCE3
:100E600005460E46504659464246FFF7EFFB0843FB
:100E700005D0012004E020463946BDE8F08D002071
:100E8000054346EAE0762C4337430A986305E40AB3
:100E9000A0EB08000022FD0A44EA47540A3002D5BC
:100EA00000200146E9E7010510196941DDE908451F
:100EB00000196941BDE8F04DA2E700007F2801D983
:100EC000002208E0064A02EB5002C007127800D167
:100ED000120902F00F020120904008407047000004
:100EE00018CC000870B58C1810F8015B15F00703DA
:100EF00001D110F8013B2A1106D110F8012B03E0B3
:100F000010F8016B01F8016B5B1EF9D12B0705D4BA
:100F10000023521E0DD401F8013BFAE710F8013B03
:100F2000CB1A921C03E013F8015B01F8015B521E1F
:100F3000F9D5A142D8D3002070BD10B50146806B11
:100F4000026C12F0500F05D0026CD20626D500F0CC
:100F500068FD10BD016C41F40071016401688A688C
:100F600012F0405F17D1027EAAB9CA6A12F4700F5C
:100F700002D08A6852050ED44A6822F020024A60E4
:100F8000016C21F480710164016CC90403D4016C0B
:100F900041F00101016400F00DFD10BD806BC26CD9
:100FA000BDE810400846104710B5806B4021016431
:100FB000416C41F00401416400F033FD10BD10B5F7
:100FC000806B00F02DFD10BD10B5044800F02AFD27
:100FD000BDE81040024800F025BD00004804002094
:100FE00090040020464910B54A6822F440324A6015
:100FF0004A6843681A434A6001684A6822F480726A
:101000004A6001684A68036942EA03224A6001684B
:101010004A6822F040724A6001684A6883681A434D
:101020004A6001688A6822F400628A6001688A68FE
:10103000C3681A438A60816A6FF07062D1420168A6
:101040008A6822F070628A6001688A680CD0836ABC
:101050001A438A6001688A6822F040528A600168F7
:101060008A68C36A1A4301E022F040528A6001682C
:101070008A6822F002028A6001688A68037E42EA76
:1010800043028A6090F82010002901684A680FD056
:1010900042F400624A6001684A6822F460424A6091
:1010A00001684A68174C436A04EB43331A4301E072
:1010B00022F400624A600168CA6A22F47002CA62BD
:1010C0000168CA6A838B104C04EB03531A43CA624B
:1010D00001688A6822F400728A6001688A6890F860
:1010E000303042EA43228A6001688A6822F48062D2
:1010F0008A6001688A68406942EA8020886010BD81
:101100000023014000E0FFFF0000F0FF70B504463F
:1011100002F02CFE250AA02000EB4500C0B202F030
:10112000CDFD02F077FEE0B202F0C8FD02F072FEE3
:1011300002F01CFEA12000EB4500C0B202F0BEFD93
:1011400002F068FE002002F081FD044602F038FE45
:10115000204670BD70B50D46044602F007FE200A19
:10116000A02101EB4000C0B202F0A8FD02F052FE47
:10117000E0B202F0A3FD02F04DFE284602F09EFD13
:1011800002F048FE02F01CFE4FF47A714FF4C87270
:1011900006E0002000BF00BF401C80B29042F9D39F
:1011A000491E89B2F5D270BD70B50D46044602F0F5
:1011B000DDFD200AA02101EB4000C0B202F07EFD5F
:1011C00002F028FEE0B202F079FD02F023FE28468C
:1011D00002F074FD02F01EFEBDE8704002F0F0BDAA
:1011E0000D4902460088C97801290BD05FF0010142
:1011F00032F81130834200D81846491CC9B202297E
:10120000F6D3704732F81130834200D81846491C93
:10121000C9B20429F6D37047400000202DE9F041FF
:101220001E4C40F215162046E178371F80784FF4A7
:10123000AA7501290BD001284FF0470225D0184983
:101240001848FFF761F81649472247310AE001289C
:101250004FF0470210D014491248FFF755F81249D1
:10126000472247310F484730FFF74EF86581A58187
:10127000E6802781BDE8F0810B490A488E39FFF7E7
:1012800043F8094947224739ECE7054905488E39B3
:10129000FFF73AF8024947224739E3E740000020C8
:1012A000C4BF000834060020A8BE0008F0B5FBB09B
:1012B00015460E4607464FF4F67224496846FFF776
:1012C00023F823A13846FFF743F801004FEA9500C1
:1012D00000EB400401D0A41E05E01EA13846FFF734
:1012E00037F808B1641EA4B2002030550246AD1E86
:1012F00027E03B1817F800C05C7869461DF82CC041
:101300001DF82440001DC4F3031444EA8C04B454B3
:101310009C7893F801C01DF824401DF82CC0C4F33C
:10132000850444EA0C1CB418D21C84F801C093F85C
:1013300003C09B781DF82CC011F823104CEA8111D2
:10134000A170A842D5DB7BB0F0BD00000CC800083E
:101350003D3D00003D0000002DE9F04792B01446ED
:101360000D46064644222D496846FEF7CDFF4FF054
:101370000309B4FBF9F109FB11400028B4FBF9F0B3
:1013800007D08000001D80B2002129540B46801E2A
:101390002DE04FF6FF7101EA8000F5E7775CEA4641
:1013A0000AEB97021278EA54725C9207970E721851
:1013B000C91C92F801C047EA1C1CEF181DF80CC0AC
:1013C00087F801C092F801C092F802804FEA0C7CC5
:1013D0004FEA9C6C4CEA98181B1D1AF808C087F855
:1013E00002C0927802F03F0C1AF80C20FA70834287
:1013F000D4DBB4FBF9F109FB11413D20012907D0F1
:10140000022902D1E91801F8010C12B0BDE8F087F9
:10141000E91801F8020D4870F7E70000A0CC0008B9
:10142000FEE7000010B54FF6FF72084B09E000BF61
:1014300010F8014B84EA1224E4B233F8144084EA31
:101440000222491E89B2F3D290B210BDB8C0000882
:1014500010B50D490B488A89C4784B89888E5CB1D8
:1014600083420DD282420BD2CA89824208D2098AB3
:10147000814205D2012010BD834201D28242F9D3BC
:10148000002010BD40000020C406002010B50D490A
:101490000B488A89C4784B89888E5CB1834207D314
:1014A000824205D3CA89824202D3098A814205D287
:1014B000012010BD8342FBD38242F9D3002010BD2E
:1014C00040000020C406002010B510490E488B894A
:1014D000C4784A89888E7CB1B2EB400F02D2B3EB5C
:1014E000400F07D3CA89B2EB400F0BD2098AB1EB88
:1014F000400F07D2012010BDB2EB400FFAD3B3EB7F
:10150000400FF7D3002010BD40000020C40600208B
:1015100010B50D490B488A89C4784B89888E5CB117
:1015200083420DD282420BD2CA89824208D2098AF2
:10153000814205D2012010BD834201D28242F9D3FB
:10154000002010BD400000200007002010B50D490C
:101550000B488A89C4784B89888E5CB1834207D353
:10156000824205D3CA89824202D3098A814205D2C6
:10157000012010BD8342FBD38242F9D3002010BD6D
:10158000400000200007002010B510490E488B894C
:10159000C4784A89888E7CB1B2EB400F02D2B3EB9B
:1015A000400F07D3CA89B2EB400F0BD2098AB1EBC7
:1015B000400F07D2012010BDB2EB400FFAD3B3EBBE
:1015C000400FF7D3002010BD40000020000700208E
:1015D000014800F025BC0000D8040020014800F0BC
:1015E0001FBC00003805002001681823CAB2103A59
:1015F000B2FBF3F2054B6FF30901032A9B5CC36551
:1016000000D9091D8165084670470000F8CB000825
:1016100010B5014600208B698A6A4FF0C07453B13F
:10162000B3F5005F15D072B1012A0CD0022A0AD09E
:10163000032A09D104E01AB1012A06D0022A03D1F3
:10164000C96AC90100D5012010BDC96AA142FAD0FA
:1016500010BD002AF7D0012AF2D0022AF3D0032AC3
:10166000F3D010BD30B50468256825F480252560C9
:10167000046863608368402B036803D09960006846
:10168000C26030BD9A600068C16030BD7047000024
:10169000274810B500782749002827484FF08002D6
:1016A00024D0FEF731FE2448802224498030FEF702
:1016B0002BFE802222492348FEF726FE2148802265
:1016C00021498030FEF720FE802220492048FEF785
:1016D0001BFE1F48DC221F498030FEF715FE1E4905
:1016E000DC22BDE810401D48FEF70EBEFEF70CFEE2
:1016F0001148802211498030FEF706FE80221049F1
:101700001048FEF701FE0F4880220F498030FEF797
:10171000FBFD80220D490E48FEF7F6FD0C48DC2249
:101720000F498030FEF7F0FDDC220E49D9E70000BA
:1017300042000020F4CE0008BE090020ECCD0008D5
:1017400070CE0008BE0A002068CD0008E4CC000876
:10175000BE0B002028D0000878CF00081A0D00200A
:1017600088D10008DCD0000808B502F0A9F90A20E9
:1017700000900E4B00220121702002F02EFF0B2062
:101780000A4B002200900B3B1146702002F025FF0F
:1017900006480A220B21303002F077F903480B2269
:1017A0000021BDE80840253002F06FB9470700204E
:1017B0004FF48061014800F0CABD0000000C0240F7
:1017C000704710B500231A46C40700D04B4011F0F3
:1017D000800F4FEA41614FEA116101D081F01B0196
:1017E0004008521C082AEFDB184610BD10B51C4CEF
:1017F0000121204600F0A6FD20B91021204600F06E
:10180000A1FD28B10221204600F09CFD10B106E0A8
:10181000052010BD0121204600F094FDA8B1012152
:10182000204600F08FFD90B10221204600F08AFD95
:1018300078B11021204600F085FD60B120212046BE
:1018400000F080FD48B1002010BD062010BD012031
:1018500010BD022010BD032010BD042010BD0000EB
:10186000000802407047000078B50024009490F80A
:101870003C20012A19D0012280F83C200A68072365
:101880000568092A13D9EE680A3A02EB420293402E
:101890009E43EE600B788A680A3B03EB43039A4051
:1018A0000368DD682A43DA6010E0022078BD2E6903
:1018B00002EB420293409E432E610B788A6803EB51
:1018C00043039A4003681D692A431A614A681F232B
:1018D000072A13D205686E6B521E02EB82029340F8
:1018E0009E436E630B790A885B1E92B203EB8303FF
:1018F0009A4003685D6B2A435A6327E005680D2A06
:1019000012D22E6BD21F02EB820293409E432E63B3
:101910000B790A88DB1F92B203EB83039A400368BA
:101920001D6B2A431A6311E0EE6A0D3A02EB820244
:1019300093409E43EE620B790A880D3B92B203EB13
:1019400083039A400368DD6A2A43DA62164B05680E
:10195000144A9D4206D10D68122D03D1556845F4F5
:101960008005556005689D4218D10B68102B01D089
:10197000112B13D1536843F40003536009681029F5
:101980000CD10A490A4A0968B1FBF2F101EB810165
:10199000490000E0491E00910029FBD180F83C403D
:1019A000002078BD0023014000200140C403002036
:1019B00040420F0030B500681649884212D1164ADD
:1019C000507E02280DD10020A2F1B00302EB4004AA
:1019D00053F820106589A94200D96181401C042870
:1019E000F4DB30BD0D498842FBD10B493C31487EC8
:1019F0000228F6D10020A1F1DC0400BF01EB400376
:101A000054F820205D89AA4200D95A81401C04283C
:101A1000F4DB30BD00200140C4060020002101405D
:101A20007047704770B50446006801684268C1F3AA
:101A30004001C2F3401251B34AB3216CC90603D42A
:101A4000216C41F400712164816811F0405F17D16D
:101A5000217EA9B9C16A11F4700F02D081684905CD
:101A60000ED4416821F020014160206C20F4807088
:101A70002064206CC00403D4206C40F0010020647A
:101A80002046FFF797FF21686FF01200086020687A
:101A900001684268C1F38001C2F3C01289B382B306
:101AA000216CC90603D4216C41F400512164816882
:101AB00011F4401F1ED1816B11F4401F02D08168C8
:101AC000490517D44168490514D4816811F0405F75
:101AD00010D1217E71B9416821F080014160206CF4
:101AE00020F480502064206CC00503D4206C40F0AA
:101AF000010020642046FFF7B5FE21686FF00C005E
:101B0000086020680168426811F0010FC2F380127A
:101B10000ED06AB10068C0070AD0206C40F4803053
:101B20002064204600F046F821686FF0010008604C
:101B3000206801684268C1F34011C2F38062002945
:101B40000DD0002A0BD0616C41F0020161646FF08E
:101B5000200505602046FFF764FF2068056070BD22
:101B600070B504004FF0000503D0206C002610B1C2
:101B700007E0012070BD204600F01EF8666484F87E
:101B80003C60206CC00610D4206C20F4885040F0DB
:101B9000020020642046FFF725FA6664206C20F0DE
:101BA000020040F00100206400E0012584F83C6060
:101BB000284670BD704700002DE9F04F87B00646FB
:101BC00014216846FEF7B9FB3B48DFF8E8C014383B
:101BD0003468002538490323384A07154FF48058E4
:101BE0004FF480494FF4807A4FF4003B64452FD185
:101BF0000C6844F480740C60096801F480710591EC
:101C0000016841F0010101600068694600F00100CF
:101C10000590CC208DE82900104600F0B7FA294C39
:101C2000274804F10C0CC4E90005A5608CE8A00F5E
:101C30002046656236E0B463002205211220A663C7
:101C400000F082FC122000F071FC07B0BDE8F08FBC
:101C5000DFF874C06445F8D10C6844F400740C607B
:101C6000096801F400710591016841F0010101600A
:101C70000068694600F00100059033208DE82900D6
:101C8000104600F083FA0F4C0D486034303020606D
:101C90004FF00070C4E9010504F10C0C20468CE8FB
:101CA000A00F656200F08CF90028C4D0FFF788FD12
:101CB000C1E700000020014044380240000002401B
:101CC00010640240D804002000210140F8B50E46FF
:101CD00000210446009190F83C00012807D0012023
:101CE00084F83C0020688368DB0702D011E0022002
:101CF000F8BD836843F0010383603748374B0068C1
:101D0000B0FBF3F000EB400000E0401E0090002824
:101D1000FBD120688368DB075CD0236C40F201654F
:101D2000AB4343F4807323644068400505D5206CC1
:101D300020F4005040F480502064206CC00404D58E
:101D4000606C20F00600606400E0616484F83C1080
:101D5000A16B2448224DC863A16B23480864A16B82
:101D60002248C86421686FF022000860206841683A
:101D700041F0806141602068816841F48071816038
:101D80002168134632464C31A06B00F083F9686835
:101D90001749C006206806D088421BD1816811F01F
:101DA000405F13D016E08842F8D0124A904203D127
:101DB000D1F80423D206F1D00F4A90420AD1D1F8CB
:101DC000041301F01F011029E8D303E0816841F0FA
:101DD000804181600020F8BDC403002040420F0014
:101DE000002301403B0F0008BF0F0008A90F0008A7
:101DF00000200140002101400022014090F83510F0
:101E0000022903D08021416501207047052180F817
:101E100035100068016821F0010101600020704761
:101E20002DE9F84304464FF00009CDF800906348CF
:101E30004FF41651A56D0068B0FBF1F72E6894F8C9
:101E40005C10082000FA01F131420FD021680A68C5
:101E500052070BD50A6822F004020A6094F85C105D
:101E60008840A860606D40F00100606594F85C10E7
:101E70004FF0010808FA01F0304208D021684969A2
:101E8000090604D5A860606D40F00200606594F812
:101E90005C1004208840304208D021680968890716
:101EA00004D5A860606D40F00400606594F85C1093
:101EB00010208840304218D021680968090714D5DD
:101EC000A86020680168490304D50068000308D5AC
:101ED000A16C07E00168C90503D4016821F008017D
:101EE0000160216C09B12046884794F85C102020DD
:101EF0008840304231D021680968C9062DD5A860D4
:101F000094F8350005282068016806D0490347D5B4
:101F1000006800031DD4616C1CE021F01601016013
:101F20002068416921F080014161206C08B9A06CF2
:101F300020B12068016821F00801016094F85C106C
:101F40003F208840A86084F8349084F83580216D63
:101F50001FE0E16B09B120468847606D00282BD057
:101F6000606DC00714D0052084F835002068016832
:101F700021F0010101600098401C0090B84203D894
:101F800020680068C007F6D184F8349084F8358062
:101F9000E16C002910D001B02046BDE8F0430847AD
:101FA0000168C905D5D4016821F01001016084F8E9
:101FB000349084F83580CCE7BDE8F883C403002072
:101FC0002DE9F041044600F0CFF906465CB100254A
:101FD00084F83450022084F835002068016821F02C
:101FE000010101600DE00120BDE8F08100F0BCF9C5
:101FF000801B052805D920206065032084F8350062
:10200000F2E720680068C007F0D122681168204814
:102010000140D4E901031843D4E90336334318439C
:1020200063691843A3691843E3691843236A184393
:102030000843616A042903D1D4E90B131943084307
:10204000106020684069666A20F0070130460E4340
:10205000012704280CD1A06A0643E06A40B120465B
:10206000FFF7D6FA20B14020606584F83570BAE7F2
:10207000206846612046FFF7B7FA94F85C203F21BC
:1020800091408160656584F835700020ACE7000000
:102090003F8010F02DE9F0410446866D90F8340041
:1020A000002501280DD0012084F8340094F8357003
:1020B0000020012F07D084F8340002252846BDE80F
:1020C000F0810220FBE7022784F835706065204626
:1020D000FFF7C8FA94F85C103F208840B060206891
:1020E000016841F016010160206C20B12068016890
:1020F00041F0080101602068016841F001010160C0
:10210000DCE7000010B586B014216846FEF715F92B
:102110001A480024016841F008010160016801F0DB
:1021200008010591016841F004010160016801F0B6
:1021300004010591016841F01001016000686946E1
:1021400000F0100005904FF44070CDE900040C48F9
:10215000029400F01BF84FF40050CDE900046946EA
:102160000848029400F012F80320CDE90004694603
:102170000548029400F00AF806B010BD303802405D
:10218000000C024000080240001002402DE9F84F08
:1021900000224FF0010803254FF00F0E0B6808FADC
:1021A00002F42340A3426ED14E68012E05D0022EC8
:1021B00003D0112E01D0122E12D186684FEA420CA4
:1021C00005FA0CF7BE43CF6807FA0CF73743876070
:1021D0004668A6430C79C4F3001494403443446029
:1021E000C668570005FA07FC8C6826EA0C06BC4056
:1021F0003443C4604C68022C01D0122C13D1D40893
:1022000000EB8404A346D4F8209054074FEAD46A24
:102210000EFA0AF629EA06090E6906FA0AF646EAED
:102220000906CBF8206006680C7926EA0C0604F053
:102230000304BC40344304604C68E40065D5364C6C
:10224000266846F480462660246822F0030604F4DB
:1022500080440094314C3444A446D4F8084896078E
:10226000370F0EFA07F6B4432D4EB04201D10026C7
:1022700024E02C4EB04201D101261FE02A4EB0428C
:1022800002D102261AE040E0284EB04201D10326D6
:1022900014E0274EB04201D104260FE0254EB04293
:1022A00001D105260AE0244EB04201D1062605E000
:1022B000224EB04201D1072600E00826BE40264348
:1022C000CCF808681E4E34684F689C43FF0300D565
:1022D0001C4334601A4C241D26684F689E43BF037C
:1022E00000D51E432660164E083634684F689C435E
:1022F000FF0200D51C433460114E0C3634684F6821
:102300009C43BF0200D51C433460521C102AFFF4CA
:1023100045AFBDE8F88F000044380240003001406E
:10232000000002400004024000080240000C02408D
:10233000001002400014024000180240001C02403D
:10234000003C01400069084000D00120704742690C
:1023500031EA020200D10904816170470AB181614A
:1023600070470904FBE700000148806870470000DF
:10237000B8030020024881680278114481607047E8
:10238000B80300200B4810B5016841F400710160EA
:10239000016841F480610160016841F4807101606D
:1023A000032000F0F1F8002000F006F800F0A2F899
:1023B000002010BD003C024010B5014688B000224C
:1023C000192000F0C1F8192000F0B0F813480024DB
:1023D000016841F001010160006805A900F00100F9
:1023E0000690684600F048FA00F076FA0C49400082
:1023F000B0FBF1F10C480B4A491E026040F2E73293
:10240000C0E90324C0E9011400F01CFE10B1012052
:1024100008B010BD044800F031FEF9E7443802402E
:1024200040420F0000000140C005002000B587B009
:1024300014216846FDF781FF09480021026842F037
:10244000040202600068029100F00400059033204D
:10245000CDE9000169460348FFF798FE07B000BDCB
:10246000303802400008024030B587B01421684679
:10247000FDF763FF1C48016841F00201016001683B
:1024800001F002010591016841F01001016000684E
:10249000012400F0100005907820CDE90004134DD0
:1024A000694628460394FFF771FE01221021284651
:1024B000FFF754FF9C20CDE9000403940C4C6946BF
:1024C0002046FFF763FE002204212046FFF746FF67
:1024D000012208212046FFF741FF0122102120465A
:1024E000FFF73CFF07B030BD303802400004024027
:1024F000001002400C4882B0016841F48041016044
:10250000006800F4804000900748001F016841F017
:10251000805101600068002200F0805000900F217F
:10252000901E02B000F010B844380240002809DBC9
:1025300000F01F02012191404009800000F1E020DD
:10254000C0F8001170470000F0B40E4B1B680C4639
:10255000C3F30223C3F10705042D00D90425191D77
:10256000072901D2002300E0DB1E012606FA05F14F
:10257000491E214099409E40761E16403143F0BCD2
:1025800003F092B90CED00E0064900F0070208687C
:102590004FF6FF03184040EA0220034A1043086048
:1025A000704700000CED00E00000FA05BFF34F8F0C
:1025B00005480168054A01F4E06111430160BFF379
:1025C0004F8F00BFFDE700000CED00E00400FA05AE
:1025D00000B585B014216846FDF7AFFE4FF4B0504A
:1025E0000090012001900020029003906946054868
:1025F000FFF7CCFD01F054FE01F0B0FD01F000FE4C
:1026000005B000BD001002402DE9F8430546006802
:102610004FF00109C1074FF0000601D1400727D54F
:10262000DFF80C81C8F86860FFF79EFE0746414C52
:1026300005E000BFFFF798FEC01B022857D82068AE
:102640000001F7D468688101287A41EA00703949AD
:1026500084310860C8F86890FFF786FE074604E0FA
:10266000FFF782FEC01B022841D820680001F7D581
:102670002878800752D52F484030016841F08051BA
:10268000016000682C4C00F080500090206840F4FD
:1026900080702060FFF768FE074604E0FFF764FEE5
:1026A000C01B022823D82068C005F7D5214C703400
:1026B000206810F4407020D0A98901F44071814253
:1026C0001BD020681D4920F44070C1F800900E60B6
:1026D00020602068C00710D0FFF746FE064641F292
:1026E000883707E0FFF740FE801BB84202D903207D
:1026F000BDE8F88320688007F4D5E9680D48C1F388
:1027000001220830032A0BD0016821F4F81101607E
:102710002068A989C1F30B01084320600020E7E786
:102720000268074B22F4F81219400A430260EFE7EF
:10273000000047420038024000700040400E47420F
:10274000FFFCFF0F2DE9F0470E46050065D0DFF8CE
:102750001481D8F80000F7B200F00F00B04207D2A1
:1027600088F80070D8F8000000F00F00B04254D193
:1027700028683D4C810712D5400703D5206840F4F6
:10278000E05020602878000703D5206840F46040BE
:1027900020602068A96820F0F000084320602878B5
:1027A000C0072DD0304968680839012812D00228A6
:1027B00013D0032811D00968890700292DDA216870
:1027C00021F0030101432160FFF7CEFD814641F274
:1027D000883A0EE009688903EFE709688901ECE7A8
:1027E000FFF7C2FDA0EB0901514502D90320BDE866
:1027F000F0872068696800F00C00B0EB810FEFD122
:10280000D8F80010404601F00F01B14207D9077017
:10281000006800F00F00B04201D00120E7E72878FF
:10282000400705D52068E96820F4E050084320609F
:102830002878000706D52068296920F4604040EA1E
:10284000C100206000F058F82168084AC1F3031164
:10285000515CC8400649086006480068FFF7ACFDB7
:102860000020C4E7003C02400838024000CC0008C9
:10287000C4030020BC0300200F2202600C4A13682E
:1028800003F003034360136803F0F00383601368ED
:1028900003F4E053C36012684FF4E05303EAD2023A
:1028A00002610448006800F00F00086070470000F3
:1028B00008380240003C02400448054900680968A5
:1028C000044AC1F38221515CC8407047C403002010
:1028D0000838024010CC000804480549006809681F
:1028E000044AC1F34231515CC8407047C403002020
:1028F0000838024010CC0008154810B5006810F0E8
:102900000C02144813D01449042A0FD0082A0ED1FF
:102910000F4C241F2268236802F03F025B0207D598
:102920002068C0F38810A0FB010106E0084610BD36
:102930002168C1F38811A1FB00010023FDF7A0FC71
:102940002168C1F30141491C4900B0FBF1F010BD01
:10295000083802400024F400001BB7002DE9F84FAE
:1029600004006ED02078DFF83C93C007A9F104057D
:102970004AD009F104000168C1F38101012908D09E
:102980000068C0F3810002280AD1D9F80000400293
:1029900006D52868800337D560680028E1D033E089
:1029A0006068B0F5803F10D0B0F5A02F286810D037
:1029B00020F480302860286820F480202860606837
:1029C000A8B1FFF7D1FC06460DE0286840F480303E
:1029D000F4E740F480202860F7E700BFFFF7C4FC6D
:1029E000801B642873D828688003F7D50CE0FFF7B4
:1029F000BBFC064605E000BFFFF7B6FC801B642861
:102A0000F0D828688003F7D42078DFF89C8280070C
:102A10004FF0000A3ED5A348001D016811F00C0FCD
:102A200008D00068C0F3810002280BD1D9F800005B
:102A3000400207D42868800716D5E068012800D135
:102A400012E02BE1E068B8B10120C8F80000FFF700
:102A50008BFC064605E000BFFFF786FC801B0228C2
:102A6000C0D828688007F7D52868216920F0F800C9
:102A700040EAC10028600DE0C8F800A0FFF774FC30
:102A8000064604E0FFF770FC801B02281FD8286868
:102A90008007F7D42078000722D5824E83486169E9
:102AA000703671B101210160FFF75EFC074604E05A
:102AB000FFF75AFCC01B022809D830688007F7D5F9
:102AC0000EE0C0F800A0FFF74FFC074605E082E0EB
:102AD000FFF74AFCC01B02287DD830688007F7D476
:102AE0002078400768D5DFF8BCB100270BF13C0B1C
:102AF000DBF80000C0000BD4DBF8001041F080517F
:102B0000CBF80010DBF80000012700F080500090A7
:102B1000674E3068C00510D4306840F48070306073
:102B2000FFF722FC009005E0FFF71EFC0099401A19
:102B3000022850D83068C005F6D55A4EA0686C36C9
:102B400001280FD00528306810D020F00100306037
:102B5000306820F004003060A068B8B1FFF704FCD2
:102B600000900FE0306840F00100F4E740F004000E
:102B70003060F7E7FFF7F8FB0099411A41F288301F
:102B8000814266D830688007F4D50EE0FFF7ECFB91
:102B9000009007E0FFF7E8FB0099411A41F2883006
:102BA000814256D830688007F4D42FB1DBF800108A
:102BB00021F08051CBF80010A069C8B33949091D34
:102BC0000968C1F3810102294AD00228504607D082
:102BD000C8F8600000E03CE0FFF7C6FB04463BE0BD
:102BE0004746C8F86000FFF7BFFB064605E000BF98
:102BF000FFF7BAFB801B02282BD828688001F7D486
:102C0000D4E907010843A16A2A4A490802EB0141B5
:102C1000626A41EA8211084394F82C1040EA01618B
:102C2000C9F8001001203866FFF79EFB044606E055
:102C300036E000BFFFF798FB001B022809D8286880
:102C40008001F7D52CE000BFFFF78EFB001B0228A8
:102C500002D90320BDE8F88F28688001F4D41FE072
:102C60000128F7D0D9F80000E26900F48001914210
:102C700014D1226A00F03F0191420FD147F6C07192
:102C8000626A0140914209D1A26A00F44031914246
:102C900004D1E16A00F07060884201D00120D9E7D8
:102CA0000020D7E70438024000004742800E474228
:102CB000007000400000FFFF10B500680B4641683F
:102CC0000D480140080CD870C1F304245C7001F079
:102CD0003F049C70C1F34231197052B901F0E0FD1C
:102CE000D870587801F0DCFD5870987801F0D8FD64
:102CF0009870002010BD00003FFFFF0010B50B468C
:102D00000168896A596001680969C1F30E01996017
:102D1000006801680E480140C1F305401870C1F316
:102D200006245C7001F07F049C70402404EA114189
:102D3000D97052B901F0B4FD1870587801F0B0FDA7
:102D40005870987801F0ACFD9870002010BD00001C
:102D50007F7F7F0070B5040002D0607F10B106E075
:102D6000012070BD00202077204600F049F80220A5
:102D700060772168CA204862216853204862204653
:102D800001F0A2FDFF25042618BB206881681B4ABC
:102D9000114081602168886862681043D4E9042387
:102DA0001A43104388602168E0680861206801695F
:102DB000228941EA024101612068C16821F0800155
:102DC000C16020688068800607D4204600F0FEF8C5
:102DD00018B1206845626677C2E72068016C21F46B
:102DE000802101642068016CA2691143016420689C
:102DF000456201206077002070BD0000BFFF8FFF9B
:102E000000680349884202D10249012008607047E6
:102E1000002800403C0E47422DE9F0470446007F61
:102E20000B4601281FD04FF0010984F81C900220A6
:102E30006077DAB19878D97840EA014558781978FE
:102E4000000240EA413005432168CA2048622168F7
:102E500053204862204601F037FD0026FF274FF03F
:102E6000040860BB1AE00220BDE8F0875878C1066C
:102E700003D500F0EF000A305870D87801F019FD42
:102E80000204587801F015FD42EA0022987801F01A
:102E900010FD0243187842EA4035D5E70F48054057
:102EA000206845602068C16821F08001C160206809
:102EB000806880060AD4204600F088F830B1206887
:102EC000476284F81D8026770120CDE7206847629D
:102ED00084F81D9026770020C6E700003FFFFF0022
:102EE0002DE9F0470446007F0D46012827D04FF01A
:102EF000010A84F81CA00220607720680026806800
:102F00004FEA4060F2B1002800DBEE70A878297823
:102F100040EA01476878E978000240EA0140074347
:102F20002168CA204862216853204862204601F087
:102F3000CBFC4FF0FF084FF00409A0BB16E00220C5
:102F4000BDE8F087002800DBEE70287801F0B1FCC6
:102F50000204687801F0ADFC42EA0022A87801F092
:102F6000A8FC0243E87842EA0047D9E71648074040
:102F7000206807602068816821F480218160D5E99C
:102F80000301084321688A68104388602068C1688B
:102F900021F08001C1602068806880060BD4204643
:102FA00000F014F838B12168C1F8248084F81D902D
:102FB00026770120C4E72168C1F8248084F81DA089
:102FC00026770020BCE700007F7F7F0070B50446B5
:102FD0000068C16821F0A001C160FFF7C5F905468E
:102FE0004FF47A7607E000BFFFF7BEF9401BB0420E
:102FF00001D9032070BD2068C0688006F4D5002088
:1030000070BD000000B587B014216846FDF795F942
:1030100009480021026842F008020260006802913B
:1030200000F008000590FF20CDE900016946034843
:10303000FFF7ACF807B000BD30380240000C02408A
:103040007047704710B5040003D094F83D0010B1EC
:1030500007E0012010BD002084F83C00204600F06D
:103060000CF8022084F83D00211D206802F0B4F91C
:10307000012084F83D00002010BD70470168CA6837
:1030800042F00102CA600068816801F00701062968
:1030900003D0016841F001010160002070477047D2
:1030A00070B50446006801694FF00005C9438907FF
:1030B00015D4C168C943890711D4E91E01610120F3
:1030C0002077206880698007204602D0FFF7E7FF5D
:1030D00004E000F098F8204600F096F82577206884
:1030E0000169C943490717D4C168C943490713D4C3
:1030F0006FF004010161022020772068806910F4DC
:10310000407F204602D0FFF7CAFF04E000F07BF8C2
:10311000204600F079F8257720680169C94309073E
:1031200016D4C168C943090712D46FF008010161C0
:10313000042020772068C0698007204602D0FFF76E
:10314000AEFF04E000F05FF8204600F05DF8257760
:1031500020680169C943C90617D4C168C943C906B3
:1031600013D46FF010010161082020772068C06936
:1031700010F4407F204602D0FFF791FF04E000F0FA
:1031800042F8204600F040F8257720680169C943DD
:10319000C90708D1C168C943C90704D1891E0161A3
:1031A000204600F033F820680169C943090609D4B4
:1031B000C168C943090605D46FF08001016120464A
:1031C000FFF73EFF20680169C943490609D4C16879
:1031D000C943490605D46FF040010161204600F063
:1031E0002FF820680169C94389060BD4C168C94317
:1031F000890607D46FF0200101612046BDE87040C8
:10320000FFF71FBF70BD70477047000010B5006822
:10321000094988420ED1FFF7ADF808484188491C9A
:1032200089B2A1F56A424180603A03D10021418010
:103230000121017010BD00000000014000000020CD
:10324000704700002DE9F00F4249434B08464E8875
:10325000002293F807C000785D7A01F16A07012423
:10326000E6B1012E31D08A4691F80480BAF802C046
:103270000AF105090CF1010C1FFA8CFCB8F1010FE1
:1032800033D0B8F1020F4ED04A718A714A80BDE83E
:10329000F00F30480122403800F084B9BCF1000F33
:1032A00002D048280ED0F1E725B1032D06D3AA2875
:1032B00002D0EBE7A528E9D1487140E0012D01D00B
:1032C000022DE4D148714C80E1E702234B2802D162
:1032D0004D79482D06D0BCF1000FD7D188710B7104
:1032E0004B80D4E788710C71FAE73C2E0AD2A1F822
:1032F00002C006F8090048883828C8D191F83C0077
:103300003880C4E7A7F13A0570554888401C80B260
:1033100048803D883C35A84201D35C71B6E7B0F5E2
:10332000967FB3D2B3E7A1F802C006F80900012DD9
:1033300002D0022D06D008E04888042805D14A8032
:103340009C71A4E748880628F9D048883C289DD27B
:103350009DE70000380E00208202002008B5C16BF6
:10336000090703D5006801684068009008BD0000A7
:1033700070B5026804461068D168536910F00F0FE9
:1033800052D003F0010501F490762E435FD0C207BE
:1033900005D0CA0503D5E26B42F00102E2634207A1
:1033A00005D5DA0703D0E26B42F00202E26382073E
:1033B00005D5DA0703D0E26B42F00402E2630207AC
:1033C00007D501F020022A4303D0E26B42F0080245
:1033D000E263E26B002A33D0800604D5880602D56A
:1033E000204602F0BBF820684069E16BC0F3801012
:1033F000090700D428B3204602F060F8206841692C
:1034000049061AD5416921F040014161606BA0B1C4
:103410001B490165606BFEF7F1FC002810D0606B62
:10342000016DBDE870400847830610D58B060ED5A8
:103430002046BDE8704002F091B82046FFF78EFFAD
:1034400070BD2046FFF78AFF0020E06370BD0306D1
:1034500006D50B0604D52046BDE8704002F0A8B999
:103460004006F3D54806F1D5D168204621F0400149
:10347000D160202184F8391000F02FFA70BD0000CF
:10348000AD54000870B5040004D094F8390000254C
:1034900010B106E0012070BD84F83850204600F0DD
:1034A00023F8242084F839002068C16821F40051F1
:1034B000C160204602F0D8F82068016921F49041EB
:1034C00001612068416921F02A0141612068C168D9
:1034D00041F40051C160E563202084F8390084F88C
:1034E0003A00002070BD0000F0B587B004461421FA
:1034F0006846FCF722FF274F226800262649022350
:10350000032408252548BA4225D1234A10321668DB
:1035100046F400261660126802F4002205920A683A
:1035200042F004020A60096802AA01F00401059150
:10353000A102CDE90013012182E832006946FEF7BD
:1035400025FE002205213420FEF7FEFF3420FEF781
:10355000EDFF07B0F0BD124FBA42FAD10E4A143255
:10356000176847F020071760126802F020020592E2
:103570000A6842F004020A60096801F0040105913A
:10358000C0218DE84A006946CDE90345FEF7FEFDFE
:10359000DFE70000004C00403038024000080240E5
:1035A0000014014090F83A30202B22D1F9B1F2B149
:1035B00090F83830012B1CD081628285C2850021B1
:1035C000C163222280F83A2080F838100168CA6866
:1035D00042F48072CA6001684A6942F001024A619D
:1035E0000068C16841F02001C160002070470120DF
:1035F00070470220704700002DE9FE4381460068B5
:103600006849884203D1BDE8FE43FFF71BBE664907
:1036100088427DD1654D66480026EE800068C1680D
:1036200021F02001C160624C2846383C0127A27875
:10363000E11C00784FF00208052A51D2DFE802F0C1
:10364000030E193438006078A32804D07E2802D0F5
:10365000A670E67092E05054A7708FE060782B79E6
:10366000984203D1505484F8028087E0A6702671F6
:1036700084E060780323FE2804D194F803C0BCF1F1
:10368000A30F09D0A0F1B0070F2F02D8E7787E2F43
:1036900006D0A670667171E05054A3702F706DE073
:1036A0005054A3702E7069E060785054042015E0E7
:1036B000012802D00A20E8700DE06078E870102838
:1036C00009D3A670667000202118401CC0B2CE70CD
:1036D0001028F9D352E0607850540520A0704DE0D6
:1036E00063785354A178491CCAB2A270E9788A421F
:1036F00044D10128A67004F1030013D0C91E02F0C2
:1037000079FEEA7880B2010AA35CC0B28B4200E085
:103710003EE033D1A118497881422FD160787F28CB
:103720002ED02BE0491E02F057FEE978C0B22144AA
:103730008978814224D0A3208DF8000060798DF82B
:10374000010028798DF80200A0798DF80300072088
:103750008DF804008DF805800621684602F03CFED5
:103760008DF806000721684601F044FF66700020CE
:103770002118401CC0B2CE701028F9D368780EE032
:103780000B4900231A463839A86803F017FC6F70FC
:10379000BDE8FE830122611C4846FFF703FF0028B5
:1037A000F8D0F5E700100140004C00402003002055
:1037B0008411002000B587B014216846FCF7BDFDD8
:1037C00015480021026842F010020260006800F013
:1037D0001000059010481438026842F0010202609F
:1037E000006800F0010005904FF4C06000900220D6
:1037F000CDE90101032003900720049069460748A2
:10380000FEF7C4FC002205212520FEF79DFE2520A1
:10381000FEF78CFE07B000BD4438024000000240B5
:103820002DE9F843044690F839001F4616460D4628
:10383000202850D1B5B1AEB194F8380001284AD053
:10384000012084F838004FF00008C4F83C802120A3
:1038500084F83900FEF788FDA6848146E68484F862
:10386000388026E00120BDE8F883E08C401EE0842B
:10387000A0684B46B0F5805F4FF000024FF080012A
:103880002046009703D001F0C4FFE8B90DE001F035
:10389000C0FFC8B928882168C0F3080048602069C3
:1038A00008B16D1C05E0AD1C03E0216815F8010BA3
:1038B0004860E08C0028D8D14B46002240212046A9
:1038C000009701F0A6FF08B10320CCE7202084F880
:1038D00039000020C7E70220C5E7704770B50546EC
:1038E00000F012F87E2000F05FF8002000F05CF895
:1038F0000024284600F058F8641CE4B2202CF8D3C9
:10390000BDE8704000F026B870B50122104D940358
:1039100021462846FEF722FD01225603314628465D
:10392000FEF71CFD0A2000F014FA0022214628466A
:10393000FEF714FD0A2000F00CFA0022314628465A
:10394000FEF70CFDBDE87040052000F002BA000053
:10395000000C024070B5134D4FF400540022214674
:103960002846FEF7FBFC052000F0F3F96600002274
:1039700031462846FEF7F2FC052000F0EAF9012264
:1039800021462846FEF7EAFC0A2000F0E2F901226F
:1039900031462846FEF7E2FCBDE87040052000F005
:1039A000D8B90000000C02402DE9F0412C4C06462D
:1039B00000254FF480484FF40057300601D501220E
:1039C00000E0002241462046FEF7C8FC052000F03A
:1039D000C0F9012239462046FEF7C0FC0A2000F05B
:1039E000B8F9002239462046FEF7B8FC7006060EEC
:1039F000052000F0AEF96D1CEDB2082DDDD30122DB
:103A000041462046FEF7AAFC206820F04050206086
:103A1000052000F09EF9012239462046FEF79EFC63
:103A2000052000F096F90E212046FEF78BFC0D498B
:103A300008B1002000E001204870002239462046ED
:103A4000FEF78CFC052000F084F9206820F040503F
:103A50002060206840F080502060BDE8F0810000C8
:103A6000000C02406C00002010B541F2883000F0DC
:103A700070F9FFF749FF7E20FFF796FF8C20FFF7D4
:103A800093FFBDE81040FFF765BF70B515460646C9
:103A900001F01F04FFF738FF7E20FFF785FF204667
:103AA000FFF782FF002404E0305DFFF77DFF641C18
:103AB000E4B2AC42F8D3BDE87040FFF74BBF000062
:103AC000F0B5364900200446A1F13005802601F109
:103AD0000B030C542A5CD70700D00E54970703D56C
:103AE0000F5C47F040070F54570703D50F5C47F0B2
:103AF00020070F54170703D50F5C47F010070F542A
:103B0000D70603D50F5C47F008070F54970603D577
:103B10000F5C47F004070F54570603D50F5C47F0BE
:103B200002070F54120603D50A5C42F001020A5440
:103B30002A181C54D27AD70700D01E54970703D5F1
:103B40001F5C47F040071F54570703D51F5C47F021
:103B500020071F54170703D51F5C47F010071F5499
:103B6000D70603D51F5C47F008071F54970603D5F7
:103B70001F5C47F004071F54570603D51F5C47F02E
:103B800002071F54120603D51A5C42F001021A54B0
:103B9000401CC0B20B289CD3F0BD00006C07002075
:103BA000FEE7000070B5134C4FF4807500222946E3
:103BB0002046FEF7D3FB206820F4402020602068D8
:103BC00040F480202060002261152046FEF7C6FBED
:103BD000052000F0AFF8012229462046FEF7BEFB83
:103BE000052000F0A7F829462046BDE870400022D5
:103BF000FEF7B4BB0004024070B5134C4FF480755F
:103C0000002229462046FEF7A9FB206820F4402028
:103C10002060206840F4802020600122510220466C
:103C2000FEF79CFB052000F085F80122294620467E
:103C3000FEF794FB052000F07DF829462046BDE8FC
:103C400070400022FEF78ABB000402402DE9F047D5
:103C5000194D80460024286820F44020286026461C
:103C6000AF154FF40079002239462846FEF776FB5F
:103C7000052000F05FF8012239462846FEF76EFB6A
:103C80006006040E49462846FEF75CFB08B1641C3A
:103C9000E4B2052000F04EF8761CF6B2082EE2D30E
:103CA000B8F1000F04D0FFF77DFF2046BDE8F08794
:103CB000FFF7A2FFF9E70000000402402DE9F04100
:103CC0001B4D07462846296821F4402129602968B0
:103CD00041F480212960AE1500223146FEF73EFBFB
:103CE00000244FF4007800BF07FA04F0000601D565
:103CF000012200E0002241462846FEF72FFB022069
:103D000000F018F8012231462846FEF727FB0A206A
:103D100000F010F8002231462846FEF71FFB022073
:103D200000F008F8641CE4B2082CDDD3BDE8F08193
:103D30000004024009E000BF00BF00BF00BF00BF99
:103D400000BF00BF00BF00BF00BF401E80B2F2D264
:103D5000704707E000BF00BF00BF00BF00BF00BF4B
:103D600000BF00BF401E80B2F4D2704770B5134C44
:103D7000206820F440202060206840F480202060EB
:103D80000122150229462046FEF7E8FA01225602D2
:103D900031462046FEF7E2FA0520FFF7CBFF00226E
:103DA00031462046FEF7DAFA0520FFF7C3FF294621
:103DB0002046BDE870400022FEF7D0BA0004024061
:103DC00070B5134C206820F440202060206840F437
:103DD00080202060A515002229462046FEF7BEFA65
:103DE0006615002231462046FEF7B8FA0520FFF797
:103DF000A1FF012229462046FEF7B0FA01223146F2
:103E00002046FEF7ABFABDE870400520FFF792BFF1
:103E1000000402402DE9F041144D0024286820F4EC
:103E2000402028600220FFF785FF0122160231465C
:103E30002846FEF793FA0220FFF77CFF6F1508E093
:103E4000641CE4B2FA2C04D9FFF7BAFF0120BDE8E4
:103E5000F08139462846FEF775FA0028F0D1002295
:103E600031462846FEF77AFA0020F0E700040240C7
:103E700070B50D46044601F0F1F9204600F006FE4B
:103E8000064C2078002808D0284600F0FFFD207856
:103E9000002802D001F008FA012070BD6C0000205B
:103EA0002DE9F0411F4616460C46054601F0D6F9AD
:103EB000284600F0EBFD0E4D2878002815D020464E
:103EC00000F0E4FD287800280FD0002408E03078C6
:103ED00000F0DCFD2878002807D0641CE4B2761CD2
:103EE000BC42F4D301F0E0F90120BDE8F08100000C
:103EF0006C000020F0B5027864240A23642A19D3E8
:103F0000B2FBF4F230320A700278B2FBF4F504FB33
:103F10001522B2FBF3F230324A700278B2FBF4F5AC
:103F200004FB1522B2FBF3F503FB152230328A7035
:103F300003221DE0B2FBF4F50A2A04FB152210D37C
:103F4000B2FBF3F230320A700278B2FBF4F504FBF4
:103F50001522B2FBF3F503FB152230324A70022220
:103F600006E0B2FBF3F503FB152230320A700122A2
:103F70002E258D544678521C642E0CD3B6FBF4F6D5
:103F800030368E544678521CB6FBF4F704FB1766A5
:103F9000B6FBF3F607E0B6FBF4F70A2E04FB176650
:103FA0000ED3B6FBF3F630368E544678521CB6FB71
:103FB000F4F704FB1766B6FBF3F703FB176603E0A1
:103FC000B6FBF3F703FB176630368E54521C8D5444
:103FD0008678521C642E19D3B6FBF4F630368E5414
:103FE0008678521CB6FBF4F704FB1766B6FBF3F6B3
:103FF00030368E548678521CB6FBF4F704FB1766F5
:10400000B6FBF3F703FB1766D2B213E0B6FBF4F787
:104010000A2E04FB176612D3B6FBF3F630368E5425
:104020008678521CB6FBF4F704FB1766B6FBF3F771
:1040300003FB176630368E54521CD2B206E0B6FB34
:10404000F3F703FB176630368E54521C8D54521C06
:10405000C578D2B2642D07D3B5FBF4F530358D5455
:10406000521CD2B2C57801E00A2D0FD3B5FBF4F68D
:1040700004FB1655B5FBF3F530358D54C078521C52
:10408000B0FBF4F504FB1500D2B203E0B5FBF4F08D
:1040900004FB1050B0FBF3F403FB140030308854E1
:1040A000F0BD0000F0B587B014216846FCF745F973
:1040B00026480025016841F010010160016801F007
:1040C00010010591016841F00401016000680124BC
:1040D00000F0040005900420CDE900041C4F69465F
:1040E00038460394FEF752F808201126CDE9000661
:1040F000694603943846FEF749F820208DE83100E0
:104100000395144D69462846FEF740F80122202108
:104110002846FEF723F9A003CDE900040E4D6946B9
:1041200028460394FEF732F86003CDE9000669469D
:1041300003942846FEF72AF8FFF796FCFFF794FC55
:104140000020FFF7CBFB07B0F0BD00003038024085
:104150000008024000100240000C02407FB5002120
:104160002548009101910291224A039102600124A5
:104170004FF480320461C0E90121047680F82010F8
:104180001E4AC0E90A210425C561C16080F830409B
:104190004161FDF7E5FC08B1FDF712FB0620CDE912
:1041A0000004694614480294FDF75EFB08B1FDF770
:1041B00007FB07200224CDE9000469460E48FDF7FD
:1041C00053FB08B1FDF7FCFA0094032469460A4842
:1041D0000194FDF749FB08B1FDF7F2FA694606487C
:1041E000CDE90045FDF740FB002801D0FDF7E8FAD6
:1041F0007FBD000000200140480400200100000FA6
:104200007FB5002524480095019502952149039525
:10421000016001244FF480310461C0E90115047686
:1042200080F820501D49C0E90A150426C661C56002
:1042300080F830404561FDF793FC08B1FDF7C0FA06
:10424000CDE90064694614480294FDF70DFB08B1FE
:10425000FDF7B6FA052000900220019069460E484D
:10426000FDF702FB08B1FDF7ABFA0320CDE90050E2
:1042700069460948FDF7F8FA08B1FDF7A1FACDE95A
:10428000004669460448FDF7EFFA002801D0FDF723
:1042900097FA7FBD00210140900400200100000F2B
:1042A0000D4808B5016841F48001016000680022F2
:1042B00000F48000009005213820FEF745F93820F1
:1042C000FEF734F9002205213A20FEF73DF9BDE85A
:1042D00008403A20FEF72AB93038024030B585B0A0
:1042E00014216846FCF729F84FF480640120CDE9D9
:1042F00000400020064D0290039069462846FDF7D5
:1043000045FF002221462846FEF728F805B030BDBB
:10431000000C024010B50020FCF7F8FE1C495A289A
:1043200081F8230001D002F0CDF8194800F0EAFA34
:10433000FCF774FFFDF7ACF9164A0021164802F0AD
:104340007FFE164C134A1249A0602432144802F032
:1043500077FE104AE0606C320D49124802F070FEA0
:104360000C4A60616C3200210F4802F069FE094A74
:10437000A061903200210D4802F062FE054AE06122
:10438000483203490A4802F05BFE206110BD00007C
:1043900098050020FCBB0008494B000804000020E1
:1043A00069800008D17A0008717A00082DA80008F9
:1043B0005992000870B586B014216846FBF7BDFF1E
:1043C0002A480024016841F080010160016801F081
:1043D00080010591016841F004010160016801F06C
:1043E00004010591016841F001010160016801F0DB
:1043F00001010591016841F002010160016801F0CD
:1044000002010591016841F010010160016801F0AD
:1044100010010591016841F0080101600068144E27
:1044200000F008004FF4F055059000222946304670
:10443000FDF794FF1320CDE9000469460D4802946E
:10444000FDF7A4FE01200095CDE901046946304640
:104450000394FDF79BFEFF20CDE900046946064862
:104460000294FDF793FE06B070BD000030380240A4
:104470000010024000080240000C024010B5FEF798
:10448000A7F8044A0021044802F0DAFD0349086154
:1044900010BD0000B0BC00089DAF00084000002027
:1044A00010B586B014216846FBF747FF1B4800246F
:1044B00019490594C0E900147F218160FF21C0E9FA
:1044C000031444618461FEF745FC08B1FDF778F9F7
:1044D0008DF800408DF801408DF8024003940122D0
:1044E00069460E480494FEF7FBFC08B1FDF768F935
:1044F00001208DF814008DF815008DF81600024685
:104500008DF8174005A90548FEF786FC002801D064
:10451000FDF756F906B010BD002800400412002037
:104520000C4910B50A4AC1E90020002088600C221D
:10453000C860C1E904028861C8610846FEF7A2FFAD
:10454000002803D0BDE81040FDF73AB910BD0000C7
:10455000004C0040841100200C4810B50A4901604D
:104560004FF4E1314160002181600C22C160C0E95B
:1045700004128161C161FEF785FF002803D0BDE808
:104580001040FDF71DB910BD00140140C4110020FA
:104590000C4810B50A4901604FF4E1314160002137
:1045A00081600C22C160C0E904128161C161FEF723
:1045B00069FF002803D0BDE81040FDF701B910BD28
:1045C00000100140F80D0020092801D8303000E02B
:1045D0003730C0B27047FEE770472DE9F04106461C
:1045E00001F0070040F060011F4614463046069D6A
:1045F000FFF73EFC04F01F012B463A463046BDE86B
:10460000F041FFF74DBC10B5044601F01F0040F02B
:1046100040012046FFF72CFC002804D0072120464B
:10462000FFF726FC012010BD1FB5044600200090B6
:104630000190029003902046FBF79CFE00F00F00D3
:10464000C0F110020021684602E04254491CC9B280
:104650009142FAD301462046FBF793FE1FBD0000AE
:104660002DE9FE4F0446807B78277E4E00254FF0D3
:104670000309A12802D0B12818D00EE0A573E07B71
:10468000401CC0B2E073022801D184F80F90277754
:10469000012220213046FDF761FEE17B0120DFF899
:1046A000C8A1012904D003297ED087E0A573EEE7D5
:1046B0008346E076A07B4FF00908A32808D0A22803
:1046C00017D0C22815D0C32802D0B42821D075E055
:1046D000A5732777012220213046FDF73FFEA07801
:1046E000401CC0B2A07041280FD9404684F8028017
:1046F0000BE0A5732777012220213046FDF72EFE1F
:10470000A078092803D9401EA070E07056E041202F
:10471000FAE7A57304208DF800008DF801508DF89C
:1047200002508DF804508DF803508DF80550002389
:104730001A466946DAF8000002F040FC84F822507C
:104740002584E577A577012280213046FDF706FE16
:10475000642002F067FB002280213046FDF7FEFD59
:10476000DFF808812D27394688F802701120FCF700
:104770001BFD142002F056FB88F803703946122006
:10478000FCF712FD142002F04DFB552188F80C10A7
:104790001320FCF7DFFC142002F044FBE57384F8DF
:1047A00009B0E576324900E005E081F800B031A0BB
:1047B00001F06AF802E0E5736072E576A07BB2284A
:1047C0002BD0B32827D1012280213046FDF7C6FD2A
:1047D000032002F027FBA5738DF8009096208DF83A
:1047E00001008DF8025000234FF416441A46694622
:1047F000DAF8000002F0E2FB322002F013FB0022A4
:1048000080213046FDF7AAFD21461FA001F03CF8AB
:10481000204600F061FEBDE8FE8F01228021304677
:10482000FDF79CFD032002F0FDFAA5738DF80090C2
:104830004B208DF801008DF8025000234FF4964470
:104840001A466946DAF8000002F0B8FB322002F09E
:10485000E9FA002280213046FDF780FD21460DA0B7
:10486000D4E70000001002403C0000209805002022
:104870006E0000200D4B65795365744970466C617C
:1048800067203D31000000004233626175643D25C0
:10489000640000004232626175643D2564000000DE
:1048A000010901EB810100F00F0000EB4100C0B2F3
:1048B0007047002102E00A38C0B2491C0A28FAD227
:1048C000090740EA1160704770B504460068C16886
:1048D000490614D44FF0FF31C160FDF745FD054690
:1048E0004FF47A7607E000BFFDF73EFD401BB04273
:1048F00001D9032070BD2068C0684006F4D50020AF
:1049000070BD000070B504461320FCF7FFFB207358
:104910001820FCF7FBFB84F827001120FCF7F6FBBE
:10492000A0701220FCF7F2FBE0701020FCF7EEFB09
:1049300020721620FCF7EAFBA0761720FCF7E6FBB6
:10494000A0723020FCF7E2FBA0773120FCF7DEFB01
:10495000E0773220FCF7DAFB05463320FCF7D6FB84
:1049600000EB052020843420FCF7D0FB84F82200E3
:104970002020FCF7CBFB05462120FCF7C7FB00EB12
:104980000520A0841420FCF7C1FB1E4D4FF6FF76D6
:10499000297811B1012907D00DE000EB4001C1EBEE
:1049A000C01006EAC00005E0C0EB4011C1EB0020DA
:1049B00006EA8000E0821520FCF7A8FB297811B1F7
:1049C000012907D00DE000EB4001C1EBC01006EA61
:1049D000C00005E0C0EB4011C1EB002006EA8000FA
:1049E00020832520FCF792FB074C20702620FCF743
:1049F0008DFB0120207000202870BDE8704000F081
:104A00001BB800004200002043000020094B50B1B9
:104A1000012808D0022809D003280AD10A464021DB
:104A20001846FDF79BBC0A460821F9E70A462021F3
:104A3000F6E770470004024010B523210F48FBF74A
:104A40007CFC0F4801780F480129007809D0012823
:104A50004FF023020FD00C49BDE810400748FBF788
:104A600053BC01284FF0230202D007494639F3E72F
:104A700005496939F0E704492339EDE75F11002062
:104A800043000020420000209503002070B52B4E0B
:104A90000546002405FA04F0000601D5012200E0D5
:104AA000002208213046FDF759FC0520FFF751F997
:104AB000012204213046FDF751FC0A20FFF749F995
:104AC000002204213046FDF749FC641CE4B2082CA6
:104AD000E0D30520FFF73DF9012208213546304695
:104AE000FDF73CFC164C206820F0C000206005203B
:104AF000FFF72FF9012204212846FDF72FFC0A2099
:104B0000FFF727F908212846FDF71CFC01000D4896
:104B100001D0002100E0012101700022042128467B
:104B2000FDF71CFC0520FFF714F9206820F0C000F9
:104B30002060206840F04000206070BD0008024006
:104B4000000402406C00002094B04FF0000A1421D1
:104B500007A8FBF7F2FBD046FB4CCDF83880C346E4
:104B600084F81080F9A000F08FFEFFF7B7FB4FF03C
:104B70000109FC4EFCF71CFE01F05EFCF24D002327
:104B80001A4685F82600F84805A9006802F09CF945
:104B9000002861D19DF81400687328789DF81510DD
:104BA00000F03C00084328709DF81610A973297B7B
:104BB000AA2902D000F0FD002870C0B2C10707D0BA
:104BC000317841F001013170717841F0010171706B
:104BD00080073DD5307840F002003070707840F0AA
:104BE00002007070B07810F0FD0F35D140F0020077
:104BF000B07001220EA9DD48FEF75EF8012207A978
:104C0000DA48FEF77BF89DF83B008DF804009DF82C
:104C100039008DF805009DF83A008DF806009DF8E2
:104C20001C008DF807008DF800909DF81D008DF890
:104C3000018003218DF808008DF80210CC488DF812
:104C4000038000231A466946006802F0B7F903E0C2
:104C5000B07800F0FD00B070C64800231A4603A9E2
:104C6000006802F031F900287DD19DF80D102878F8
:104C700001F00F0200F0030040EA820028709DF866
:104C80000E0068709DF80C20EA729DF80F202A71C2
:104C90009DF810206A719DF81120AA719DF81220CC
:104CA000EA71C90734D0317841F00401317071786C
:104CB00041F004017170B17811F0FB0F2CD141F07B
:104CC0000401B1708DF800908DF8019000F00F0094
:104CD0008DF802009DF83B008DF804009DF8390026
:104CE0008DF805009DF83A008DF806009DF81C002F
:104CF0008DF807009DF81D008DF808009C488DF880
:104D0000038000231A466946006802F057F903E061
:104D1000B07800F0FB00B0709DF80D00800737D52B
:104D2000307840F008003070707840F00800707003
:104D3000B07810F0F70F2FD140F00800B0708DF868
:104D4000009002208DF80100687800098DF80200BB
:104D50009DF83B008DF804009DF839008DF8038024
:104D60008DF8050000E017E09DF83A008DF8060088
:104D70009DF81C008DF807009DF81D008DF80800B7
:104D80007B4800231A466946006802F017F903E0E1
:104D9000B07800F0F700B070687B30B101282BD0FC
:104DA00002282CD003286ED136E085F81180297CAA
:104DB0004046552905D12874002280216E48FDF710
:104DC000CDFAE87A10B9BAF1010F02D0C10702D0CA
:104DD00004E003200CE0BAF1020F05D0800708D4EC
:104DE000BAF1030F03D004E085F8089001E0022037
:104DF00028724FF0000A46E085F8119043E0022047
:104E00006874287C55283ED185F8108000228021C6
:104E10005948FDF7A3FA36E0BBF1000F33D0032069
:104E20006874E87A032801D1297C41B1C10701D017
:104E3000297C41B1800712D5287C50B10FE085F85C
:104E4000088001200AE0287A00F001002872022080
:104E500004E0287A00F0FD002872032082465520E5
:104E6000454C2874012280212046FDF777FA642002
:104E700001F0D8FF002280212046FDF76FFA4FF4A1
:104E8000617001F0CFFF287A800717D0354940F2D2
:104E9000DC5220310888401C80B20880904202D940
:104EA000A1F800800DE0B0F5FA7F01D2002200E009
:104EB000012208213048FDF751FA02E02248FFF7AD
:104EC000CFFBA87BA42809D1E87B38B9E87A48B1A0
:104ED00003280AD0012808D0022806D0A87CAA28D6
:104EE00007D012E085F80E8017E0444685F80E8062
:104EF0006CE0E97CAA29E97B01D019B105E011BB7E
:104F0000E97A31B1E97AC90710D0E97CAA2935D00C
:104F100046E085F8128085F81380782028770122F2
:104F200020211548FDF71AFA032076E085F8128053
:104F300078202877012220210F48FDF70FFA287AE0
:104F400040F0010069E069E0980500206C6F676936
:104F500063207461736B20696E6974207375636379
:104F60006573730004000020780000200412002004
:104F70003C0000205800002000100240EA7B7AB973
:104F8000EA7A92070CD485F81380782028770122DA
:104F90002021AC48FDF7E2F9287A40F002003CE01D
:104FA00055280BD1552904D1E87B10B9E87A03289C
:104FB00007D0E87AC00701D0E87B80B155291BD023
:104FC0002CE085F81280444685F8138078202877F5
:104FD000012220219B48FDF7C1F92C721EE085F8C3
:104FE000128078202877012220219648FDF7B6F913
:104FF000287A00F0FE0010E0E87A80070ED5E87B02
:1050000060B985F8138078202877012220218D4807
:10501000FDF7A4F9287A00F0FD0028720024287812
:1050200009FA04F738420FD078202877012220218E
:105030008448FDF793F9012280218248FDF78EF91B
:10504000814820F8148016E0307807421FD07E494E
:1050500031F81420521C93B221F81430EA8A93429A
:1050600015D3B843307021F8142010D100228021CC
:105070007448FDF773F92878384208D0012120469A
:10508000FFF7C4FC7048083020F8148019E07078ED
:10509000074216D06C49083131F81420521C92B2E4
:1050A00021F814202B8B9A420BD3B84321F81430EB
:1050B0007070022C01D2800703D100212046FFF737
:1050C000A5FC641CE4B2042CA9D360480078012834
:1050D00003D0287A00F001002872287AE97A884201
:1050E00001D1697AF1B38DF83000A87E8DF83100D6
:1050F000A87A8DF83200A9780A2902D20921284617
:1051000003E02846412901D94121A9700446C0780D
:105110000A2801D2092002E0412801D94120E0708B
:10512000A0788DF83300E0788DF8340048480023EB
:105130001A460CA9006801F041FF217AF0788142FB
:1051400001D1607A70B102208DF800008DF8011055
:10515000A0788DF80200E07800238DF803001A464D
:10516000694600E008E03B48006801F027FF84F84A
:1051700009809DF83000F070B088401C80B2B0808B
:10518000B0F57A7F0CD041F28831884203D3A6F87B
:1051900004804FF0010B30480178012915D04DE013
:1051A000BBF1000FF7D10120FBF7B0FF401C2875C1
:1051B00005218DF800108DF80100264800231A46BD
:1051C0006946006801F0FAFEE5E780F80080A87FF4
:1051D0004146401CC0B2A8773C2815D3A977E87F88
:1051E000401CC0B2E87718280ED3E977288C2A46ED
:1051F000401C80B22884B0F5B67F05D9118492F89E
:105200002200401C85F8220004208DF80000A87FB1
:105210008DF80100E87F8DF80200288C8DF80400DD
:10522000010A8DF8031095F822008DF80500094851
:1052300000231A466946006801F0C0FE012001F013
:10524000F1FD97E4001002402A00002042000020F7
:10525000540000203C0000200000002010B5114C3C
:10526000012208212046FDF779F80520FEF771FD9F
:10527000012204212046FDF771F80A20FEF769FD9E
:10528000002208212046FDF769F80A20FEF761FD9B
:10529000002204212046FDF761F8BDE810400520FA
:1052A000FEF757BD0008024010B50D4C0022082142
:1052B0002046FDF753F80520FEF74BFD012204219F
:1052C0002046FDF74BF80A20FEF743FD0122082196
:1052D0002046FDF743F8BDE810400A20FEF739BD2F
:1052E0000008024010B5502080F31188BFF34F8FA3
:1052F000BFF36F8F06F0E0FA18B104494FF0805009
:105300000860002080F3118810BD000004ED00E06B
:1053100030B597B030216846FBF70FF814210CA880
:10532000FBF70BF80025204811951295139514955D
:10533000016841F080510160006800F080501590D4
:105340001A48016841F4804101600068022400F4B9
:1053500080401590092000904FF48030019001208A
:10536000CDE905048005079006200890A820CDE926
:10537000090404200B906846FDF7F0FA0CA90F20F1
:1053800081E831004FF4A0500F90E0021090052109
:105390000CA8FDF7D7F920021490119411A8FDF77D
:1053A00033F917B030BD00004038024000700040B3
:1053B0000548016841F47001016003494FF0006045
:1053C000803908607047000088ED00E00148FDF773
:1053D00067BE0000C0050020F0B50268254C264DD0
:1053E000264E274F274B4FF0804CA04209D06045F6
:1053F00007D0A84205D0B04203D0B84201D09842AD
:1054000004D122F0700E4A6842EA0E02A0421BD07C
:10541000604519D0A84217D0B04215D0B84213D079
:10542000984211D0184DA8420ED0184DA8420BD06A
:10543000174DA84208D0174DA84205D0164DA842D6
:1054400002D0164DA84203D122F44075CA682A43FF
:105450004D6922F080022A4302608A68C2620A68AB
:105460008262A04201D0984201D109690163012101
:105470004161F0BD00000140000400400008004010
:10548000000C004000040140004001400044014085
:105490000048014000180040001C0040002000406F
:1054A0000148FDF765BF00008411002010B5806B36
:1054B0000021C185C184FDF751FF10BD0168CA6894
:1054C00022F49072CA6001684A6922F001024A61BE
:1054D000202180F83A10704730B587B00446142177
:1054E0006846FAF72AFF15490025086840F00100D0
:1054F0000860086800F0010005902046FFF710F8EA
:10550000FFF72AF84FF4004401200395CDE900404D
:105510000B4D69462846FCF739FE002221462846F5
:10552000FCF71CFF0749012201F13700FEF73AF8AA
:1055300005A000F0A9F907B030BD000030380240E6
:10554000000002404D1100207561727420696E697F
:1055500074207375636365737300000010B590F871
:105560003A10222901D0022010BD8168B1F5805F78
:1055700011D00169002901681FD0496801F07F033B
:10558000816A4A1C82620B70C18D491E0904090C94
:10559000C18518D02BE00269816A002A026852682E
:1055A00005D0D2B20A80816A491C8162ECE7C2F35D
:1055B00008020A80816A891CF7E74A68816A4B1CE5
:1055C00083620A70E0E70168CA6822F02002CA60BC
:1055D0000168CA6822F48072CA6001684A6922F0D0
:1055E00001024A61202180F83A10FEF705F80020F8
:1055F00010BD00002DE9F041184C0F4680460022F6
:1056000010212046FCF7AAFE0122154ED50329469B
:105610003046FCF7A3FE002041F2707100BF00BFCE
:1056200000BF00BF00BF00BF00BF00BF401C8842DA
:10563000F4D3FF233A4641460A48FEF7F1F8022028
:1056400001F0F0FB002229463046FCF787FE204699
:10565000BDE8F04101221021FCF780BE001002409D
:1056600000000240841100202DE9F041044600684A
:105670000169E26821F44051114301612169A06888
:10568000E26908436169114308432168CA6849F225
:105690000C639A430243CA6020684169A26921F4FD
:1056A000407111434161E069192764253226B0F544
:1056B000004F354A354920684FF0000806D088422F
:1056C00001D0904236D1FDF707F935E0884201D08C
:1056D000904202D1FDF700F901E0FDF7EDF86168B5
:1056E0004A18A0FB070148EB0803FAF7C9FD014679
:1056F000B0FBF5F00201B1FBF5F06FF01803584371
:1057000001EB800006EBC000B0FBF5F000F0F80004
:1057100002EB4002B1FBF5F0584301EB800006EBD1
:10572000C000B0FBF5F000F007002168104488606D
:10573000BDE8F081FDF7C0F861688B0F8A00A0FB1F
:105740000701FAF79DFD0146B0FBF5F06FF0180276
:10575000504301EB800006EB0010B0FBF5F000F0C9
:10576000F002B1FBF5F002EB0012B1FBF5F06FF0C7
:105770001803584301EB800006EB0010B0FBF5F076
:1057800000F00F00D1E700000014014000100140BC
:1057900010B5FEF70FF8FEF7FBFE0449BDE8104018
:1057A0000122A1F14000FDF7FDBE0000380E0020EF
:1057B00090F83910212901D0022070478168B1F595
:1057C000805F016A0BD04A1C02620268097851604E
:1057D000C18C491E0904090CC1840ED017E0098848
:1057E0000268C1F30801516001690029016A02D011
:1057F000491C0162ECE7891CFBE70168CA6822F0DA
:105800008002CA600068C16841F04001C1600020A8
:1058100070472DE9F041984617460E460446069D0E
:105820001DE0681C1BD02DB1FCF79EFDA0EB08000D
:10583000A84214D92068C16821F4D071C1602068E1
:10584000416921F001014161202084F8390084F888
:105850003A00002084F838000320BDE8F081206879
:10586000006836EA000004D00020B842D9D00020F9
:10587000F3E70120F9E700000148FDF779BD0000DA
:10588000F80D0020FEE700000FB4054B10B503A98A
:10589000044A029800F0EAF810BC5DF814FB00001E
:1058A00021640008440400200907090E002804DBD5
:1058B00000F1E02080F80014704700F00F0000F1C4
:1058C000E02080F8141D704702E008C8121F08C1CC
:1058D000002AFAD170477047002001E001C1121F71
:1058E000002AFBD1704700002DE9FF5F82B0002144
:1058F000DDE90430020DDDF840B0034318D044F672
:105900001050A2F2FF3242431514119801281FD003
:10591000A5EB0B00401C5FEA000A4FF000064E4F5B
:10592000DFF83891B046504615D5CAF1000413E0AF
:10593000119801244AA3012801D16FEA0B010298B2
:10594000119AC0E90031C0E9024206B0BDE8F09FFB
:10595000CBF10000DFE704460021404A491842EB42
:105960000450CDE9001012E0E00707D032463B4674
:1059700040464946FAF773FF8046894632463B4621
:1059800010461946FAF76BFF06460F466410002CC6
:10599000EAD1DDE90401DDE90023BAF1000F06DAFE
:1059A000FAF75DFF42464B46FAF759FF05E0FAF772
:1059B000C8FF42464B46FAF7C4FF04460E46002293
:1059C000284BFBF745F803D84FF0FF30014607E0BE
:1059D0000022254B20463146FAF79AFEFBF720F8C5
:1059E000102409E0002C0ADB0A220023FAF748FC05
:1059F000039B30321A55641E50EA0102F2D1641C36
:105A0000039AC4F111031444119A012A03D001220C
:105A100008430DD10AE0084304D000204FF0110BD9
:105A2000119072E7A3EB0B056D1E0DE05B4504DDE5
:105A30004FF0000205F1010504E003DA4FF0000227
:105A4000A5F10105002AECD002981199C0E90231B4
:105A5000C0E9004579E70000000014400000F03F75
:105A6000300000000000F0430000E03F2DE9FF4F50
:105A700095B09B468946064600250FE2252877D13A
:105A800000242746F84A0121059400E0044316F853
:105A9000013F203B01FA03F01042F7D130782A2869
:105AA00011D06FF02F033078A0F13002092A16D8F8
:105AB000059A44F0020402EB820203EB4202104416
:105AC000761C0590EFE759F8042B0592002A03DABB
:105AD000504244F40054059044F00204761C30789F
:105AE0002E2816D116F8010F44F004042A280DD0F0
:105AF0006FF02F023078A0F13003092B09D807EBA3
:105B0000870302EB4303C718761CF3E759F8047BBD
:105B1000761C30786C280FD006DC4C2817D068280B
:105B20000DD06A2814D104E0742810D07A280FD13F
:105B30000DE044F400140AE044F4801401E044F45D
:105B400040147278824202D104F58014761C761CCF
:105B5000307866280BD013DC582877D009DC002871
:105B600075D04528F6D04628F4D047281AD19DE1B3
:105B700018E0632835D0642879D0652812D195E1E2
:105B8000702873D008DC6728F1D069286FD06E28A0
:105B90000DD06F2806D1B5E073282CD0752875D0AC
:105BA000782874D05A46179990476D1C75E1C4F354
:105BB0000250022809D003280DD0D9F8001004287B
:105BC0000DD00D6009F1040967E1D9F80010EA175A
:105BD000C1E90052F6E7D9F800100D80F2E70D7028
:105BE000F0E719F8041B8DF8001000208DF8010073
:105BF000EA46012003E059F804AB4FF0FF3061079B
:105C00004FF0000102D40DE008F101018846B942CD
:105C10000FDA8045F8DB1AF808100029F4D108E003
:105C200008F1010188468142FADB1AF808100029C0
:105C3000F6D105985B46A0EB080721463846179A2F
:105C400000F094FA284400EB080507E04DE029E154
:105C50000DE01AF8010B5A4617999047B8F1010860
:105C6000F7D25B4621463846179A13E142E00A22F2
:105C70000092C4F302524FF0000A022A08D059F8E9
:105C800004CB032A4FEAEC710AD00DE029E02AE0A8
:105C900009F1070121F00702F2E802C1914609E08B
:105CA0000FFA8CFC4FEAEC71042A03D14FFA8CFCFA
:105CB0004FEAEC71002907DA0A460021DCF1000CFA
:105CC00061EB02012D2202E0220504D52B228DF882
:105CD0000420012203E0E20701D02022F7E79046EA
:105CE00059E00A2102E010220DE010214FF0000AD5
:105CF00000910BE010224FF0000A44F00404082742
:105D0000009203E008224FF0000A0092C4F302520E
:105D1000022A05D059F804CB0021032A08D009E053
:105D200009F1070121F00702F2E802C1914605E0FE
:105D30001FFA8CFC042A01D10CF0FF0C4FF0000874
:105D4000220728D5702806D0009B83F0100353EA61
:105D50000A0305D00EE040228DF80420012208E05D
:105D60005CEA010206D030228DF804208DF805008F
:105D700002229046009B83F0080353EA0A030AD1EB
:105D80005CEA010201D1620705D530228DF80420BA
:105D90004FF001087F1E582804D034A003900EA8AD
:105DA00002900DE036A0F9E753466046009AFAF7F4
:105DB00067FA84460398825C0298401E0290027043
:105DC0005CEA0100F0D1029806A9081A00F1200A45
:105DD000600702D524F4803400E00127574502DD36
:105DE000A7EB0A0000E0002000EB0A0100900598F4
:105DF0004144401A0590E00306D45B462146179AB9
:105E0000059800F0B3F90544002706E001A85A46BA
:105E1000C05D179990476D1C7F1C4745F6DBE0037A
:105E20000CD55B462146179A059800F09FF905446A
:105E300004E030205A46179990476D1C0099481E7F
:105E400000900029F5DC08E0029802995A46007893
:105E5000491C0291179990476D1CBAF10001AAF1F3
:105E6000010AF1DC65E1000009280100303132331C
:105E70003435363738396162636465660000000086
:105E80003031323334353637383941424344454670
:105E90000000000000F058F90544761C3078002816
:105EA0007FF4ECAD19B02846BDE8F08F620700D44E
:105EB000062709F1070222F0070CFCE80223E1465D
:105EC00003F000485FEA080C02D00FF2702C0DE0DE
:105ED0005FEA045C02D50FF2682C07E05FEAC47C3D
:105EE00002D00FF2602C01E0AFF2700C4FF0FF38DF
:105EF00023F00043CDF850C065280CD006DC4528BF
:105F000009D046281DD047283DD13DE0662818D04D
:105F100067287ED138E00021112F01DB112000E03D
:105F2000781CCDE9000106A90EA8FFF7DDFCDDE92C
:105F30000F010E9A03910021009207F1010A0491CA
:105F40004DE04FF000400097CDE9011006A90EA8E2
:105F5000FFF7CAFCDDE90F0203920E9B11990022A4
:105F6000DDF80CA00093049211B9791C00EB010A32
:105F7000B7EB0A0004D4C0F1FF3007F1010A049026
:105F8000AAEB0700019044E0012F00DA012700216D
:105F9000112F01DD112000E03846CDE9000106A9EE
:105FA0000EA8FFF7A1FCDDE90F010E9A0391002175
:105FB00004910092BA4621070CD40399514500DAA6
:105FC0008A46BAF1010F05DD009AAAF10101515C80
:105FD000302908D0B84202DA10F1040F06DA0121A4
:105FE000CDE9011015E0AAF10101E9E7002805DC7F
:105FF000049901440491AAEB000102E0411C5145BF
:1060000000DD8A460499401A401C01904FF0004080
:106010000290200704D40198504501DBCDF804809C
:1060200000208DF84F0002980DF14F07B0F1004F9E
:1060300025D02B200E9002984FF0020800280CDA91
:10604000404202902D200E9007E00A210298FAF7B4
:10605000E7FA3031029007F8011DB8F10001A8F10C
:106060000108F2DC02980028EFD1791E0E98087022
:10607000307800F0200040F0450007F8020D12A82B
:10608000C01B00F107081498007800B1012000EB54
:106090000A01019801EBE07105984144401A401E45
:1060A0000590E00306D45B462146179A059800F058
:1060B0005DF805441498007818B15A46179990472E
:1060C0006D1CE00324D55B462146179A059800F025
:1060D0004DF805441CE00498002807DBDDE90301C6
:1060E000884203DD0098405C179901E01799302041
:1060F0005A469047049805F10105401C0490019808
:10610000401E019004D12E205A46179990476D1CCD
:10611000BAF10001AAF1010ADDDC05E017F8010B74
:106120005A46179990476D1CB8F10001A8F1010873
:10613000F4DC5B462146179A0598ABE62D0000007B
:106140002B000000200000002DE9F041044600254E
:106150001E461746880404D405E039462020B0477F
:106160006D1C641EF9D52846BDE8F0812DE9F0418B
:10617000044600251E469046C80301D5302700E09E
:106180002027880404D505E041463846B0476D1CF9
:10619000641EF9D52846BDE8F0810000FFB5002354
:1061A000EC460022C3F10304E70000EB83050CEB8F
:1061B000830600BF51F82240FC40B45415F802E0B9
:1061C0008EEA040E05F802E0521C042AF2DB5B1C86
:1061D000042BE6DB04B00020F0BD2DE9F047E6B06B
:1061E00091460022DDF8B8A15F92609261926292BE
:1061F00000920192029203920A4630AC01461D467B
:10620000A0465FA8FAF780F804AA10215FA800F062
:1062100087FA00272DE04946684600F095FD2146A3
:106220006846FFF7BBFF01266846103400F03AFAD3
:10623000684600F061FA21466846FFF7AFFF6846FE
:1062400000F0E8F9761C0A2EEEDB684600F054FAFE
:10625000684600F027FA04F110016846FFF79EFF38
:106260002946684601F0B4FB103509F1100944468F
:1062700010375745CFD366B00020BDE8F0872DE931
:10628000F043E1B090460A460021DDF8A0915E910E
:106290005F9160915D9159915A915B915C9101463A
:1062A0001D466C465DA8FAF72FF86A4610215DA8D6
:1062B00000F036FA00272DE0414659A800F044FDD1
:1062C000214659A8FFF76AFF012659A8103401F0AA
:1062D00091FB59A801F052FB59A800F05BFD214643
:1062E00059A8FFF75BFF761C0A2EEEDB59A801F0D8
:1062F00081FB59A801F042FB04F1100159A8FFF7F6
:106300004DFF294659A801F063FB103508F110082C
:106310006C4610374F45CFD361B00020BDE8F08305
:106320002DE9F047284E00252C464FF48071304669
:10633000FCF708F800B101244FF400713046FCF777
:1063400001F808B144F002044FF400511F48FBF774
:10635000F9FF08B944F004041D4E02213046FBF752
:10636000F1FF08B944F0080401213046FBF7EAFFC9
:1063700008B144F01004174F00214FF00A09387893
:1063800088464440012307F10C0600BF03FA01F2DE
:1063900022420FD016F801C00CF1010C0CF0FF0CDA
:1063A00006F801C0BCF10A0F06D32A43D5B206F89D
:1063B000019001E006F80180491C49B20529E5DB9E
:1063C00068403870BDE8F087000C024000080240C9
:1063D000001002407000002010B500231A4604E0AF
:1063E00010F8014B521C2344D2B28A42F8D3D8B2DF
:1063F00010BD000070B5094DFF231A4605F58076E3
:1064000006E000BF10F8014B54402A5D5A40335D4E
:10641000491EF7D242EA032070BD0000F8C9000807
:1064200013B5FF23012269460248FDF7F9F90098E8
:106430001CBD0000C411002070B5214D00240121B5
:106440002846FBF77FFF00B9802402212846FBF78E
:1064500079FF08B944F0400404212846FBF772FF95
:1064600008B944F0200408212846FBF76BFF08B95F
:1064700044F0100410212846FBF764FF08B944F0EB
:10648000080420212846FBF75DFF08B944F0040406
:1064900040212846FBF756FF08B944F0020480214A
:1064A0002846FBF74FFF08B944F00104210904F026
:1064B0000F0001EB810100EB4100C0B270BD000094
:1064C000000C024010B55A210020FAF743FE00BF2D
:1064D00000BF00BF00BF96212020FAF73BFE00BF9F
:1064E00000BF00BF00BF00212120FAF733FE00BF2C
:1064F00000BF00BF00BF00210120FAF72BFE00BF44
:1065000000BF00BF00BF2D211120FAF723FE00BFFE
:1065100000BF00BF00BF2D211220FAF71BFE00BFF5
:1065200000BF00BF00BF00211020FAF713FE00BF1C
:1065300000BF00BF00BF55211320FAF70BFE00BFBC
:1065400000BF00BF00BFAA211820FAF703FE00BF5A
:1065500000BF00BF00BF00211720FAF7FBFD00BFFE
:1065600000BF00BF00BF0A211420FAF7F3FD00BFEF
:1065700000BF00BF00BF0A211520FAF7EBFD00BFE6
:1065800000BF00BF00BF02211620FAF7E3FD00BFE5
:1065900000BF00BF00BF00214F20FAF7DBFD00BFA6
:1065A00000BF00BF00BF00213020FAF7D3FD00BFBD
:1065B00000BF00BF00BF00213120FAF7CBFD00BFB4
:1065C00000BF00BF00BF00213220FAF7C3FD00BFAB
:1065D00000BF00BF00BF00213320FAF7BBFD00BFA2
:1065E00000BF00BF00BF00213420FAF7B3FD00BF99
:1065F00000BF00BF00BF00212520FAF7ABFD00BFA0
:1066000000BF00BF00BF0021BDE810402620FAF700
:10661000A1BD00002DE9F04F214B834688B00FCB80
:106620008DE80F00002104AA002002EB81030BEB90
:106630008104255C1D54401C0428FADB491C0429F4
:10664000F2DB0025EA4600240BEB85090AEB850600
:106650000DF110081AF8250018F80410FBF7B1F82E
:10666000A044074698F804107078FBF7AAF8474052
:1066700098F80810B078FBF7A4F8474098F80C1089
:10668000F078FBF79EF8474009F80470641C042C6E
:10669000DEDB6D1C042DD6DB08B00020BDE8F08FDA
:1066A000A8C00008FFB500210091019102916D463C
:1066B0002026039100EB8103CF001A6812BA22F062
:1066C000FF04DA78144324FA07F24F4245F82140D8
:1066D00006EBC707BC40224345F82120140E00F802
:1066E0002140140C5C70140A9C70491CDA70042957
:1066F000E0DB04B00020F0BD30B5084C00220021E2
:1067000000EB82035D5C655D5D54491C0429F9DB87
:10671000521C042AF3DB002030BD00008101002060
:10672000F0B5114602F1B0035FF0000400EB840500
:106730002E68ED7836BA26F0FF062E4341F8246025
:10674000641C042CF2DB224D224F0024C86805EBA8
:106750001066C0F3074C367815F80CC086EA0C6654
:10676000C0F3072C15F80CC04FEA0C4C55FA80FE0C
:106770009EF800E08CEA0E2C86EA0C0651F810CB4D
:1067800086EA0C0657F824C0641C86EA0C060E60E4
:1067900051F80CCC8CEA060CC1F804C051F8086C16
:1067A00086EA0C067040C1E902600A2CCEDB0021AB
:1067B000A032002052F8204043F82040401C04281A
:1067C000F8DB491C103A10330B29F2DB0020F0BD36
:1067D0008100002070C000082DE9F0410024FBF783
:1067E00005F8224901254B782BB10022012B06D058
:1067F000022B37D10DE0A8B34D70887032E08B7852
:10680000984204D10220487043F0A00421E04A706D
:1068100028E050B18E78B04224D1CB785B1CDBB23B
:10682000CB700F79012F07D00DE04A70CA700A7142
:10683000887840F0D0040CE0032B04D9CA7040F0F3
:10684000C004887005E0962B0CD90D71CA7046F013
:10685000B0043CB106497820012208772021054880
:10686000FBF77CFD2046BDE8F081000070000020B1
:1068700098050020001002402DE9FC5FF949FA4D0F
:106880008C7D44F008048C75867995F800A04EBB89
:10689000C57815B184F0200401E044F020048C7523
:1068A000C47864078C7D02D584F0010401E044F0D3
:1068B00001048C75BAF1010F03D08C7D24F004041F
:1068C00008E0C47824078C7D02D584F0040401E03C
:1068D00044F004048C754479650804D0022C08D077
:1068E000032C0AD00FE08C7D24F0400444F0800497
:1068F00008E08C7D44F0400402E08C7D84F040048C
:1069000024F080048C7500240A26D84DBAF1010FBA
:106910000AD0077864F3070364F30F23002F78D0BD
:106920004778012F76D0A5E090F80AC0D04FBCFB85
:10693000F6F817F8088068F30703BCFBF6F806FBC7
:1069400018CC17F80CC06CF30F2390F800C0BCF102
:10695000000F60D090F801C0BCF1010F03D0BCF172
:10696000020F25D048E090F80EC0BCF1000F0CD00B
:10697000C479B4FBF6FC15F80CC06CF31742B4FBF9
:10698000F6FC06FB1C442C5D01E064F3174264F343
:106990001F62047AB4FBF6FC17F80CC06CF31743C3
:1069A000B4FBF6FC06FB1C443C5D64F31F6323E070
:1069B00090F80EC0BCF1000F0CD0047AB4FBF6FCCA
:1069C00017F80CC06CF31743B4FBF6FC06FB1C4431
:1069D0003C5D01E064F3174364F31F63C479B4FBC7
:1069E000F6FC15F80CC06CF31742B4FBF6FC06FB82
:1069F0001C442C5D64F31F62447BB4FBF6FC17F867
:106A00000CC06CF30702B4FBF6FC06FB1C443C5DB7
:106A100036E01CE019E0047AB4FBF6FC17F80CC071
:106A20006CF31743B4FBF6FC06FB1C4490F807C05C
:106A30003C5D64F31F63BCFBF6F42C5D64F317420A
:106A4000BCFBF6F406FB14C4D3E7877B77B1C779A8
:106A5000B7FBF6FC15F80CC06CF31742B7FBF6FC5D
:106A600006FB1C77EF5D67F31F6203E064F31742D8
:106A700064F31F6264F3174364F31F6364F3070254
:106A800064F30F22047B91F81680B4FBF6F7B4FB95
:106A9000F6FC06FB1C44EF5D2C5D08F0F00CDDB24B
:106AA0000CEB151C81F800C04FEA051CC3F3072549
:106AB0000CEB151C81F801C04FEA051CC3F3074518
:106AC0000CEB151C81F802C02D011B0E05EB1315F4
:106AD000CD701D01D3B205EB13150D711D01C2F36D
:106AE000072305EB131503F00F0363F31F184FEA99
:106AF000124C4FEA0C13120E4D7103EB121381F876
:106B00000680CDF804C01201CB7102EB17120A7295
:106B10003A0102EB14124A7222018A72427ADFF8B9
:106B20005491B2FBF6F3B2FBF6F406FB1323C27BDF
:106B300019F803B0B2FBF6F319F804E0B2FBF6F46F
:106B400006FB132319F8047019F803C0CDF800C030
:106B5000028A6423B2FBF3F5B2FBF3F403FB1423C4
:106B6000B3FBF6F4B2FBF6F306FB132319F805505A
:106B700019F8044019F8033090F812C0BCFBF6F87D
:106B800019F80820BCFBF6F806FB18CC19F80C60C5
:106B9000DDF804C00CF0F0080BF00F0CC4444CF00E
:106BA000080C81F80BC00BF0F0080EF00F0CC44479
:106BB0004CF0080C81F80CC0DDF800C00EF0F008B5
:106BC0000CF0070CC44481F80DC0DDF800C007F0DC
:106BD0000F080CF0F00CC4444CF0080C81F80EC007
:106BE00090F802C0BCF1000F74D0C07A40B1012807
:106BF0002AD0022840D0032858D004286CD091E035
:106C000007F0F00003F00F073844C87303F0F000FA
:106C100004F00F031844087404F0F00005F00F03AB
:106C20001844487405F0F00006F00F031844887407
:106C300006F0F00002F00F03184440F00800C8749A
:106C400002F0F0000E306CE007F0F00003F00F07E8
:106C5000384440F00800C87303F0F00004F00F035C
:106C6000184416E03C070020420000205CC00008E9
:106C700052C0000866C0000807F0F00003F00F07DC
:106C80003844C87303F0F00004F00F03184440F0D8
:106C90000800087404F0F00005F00F03184448746D
:106CA00005F0F00006F00F0318442EE007F0F000A6
:106CB00003F00F073844C87303F0F00004F00F032B
:106CC0001844087404F0F00005F00F03184440F075
:106CD0000800E4E731E0FFE707F0F00003F00F07FA
:106CE0003844C87303F0F00004F00F03184408742C
:106CF00004F0F00005F00F031844487405F0F000AC
:106D000006F00F03184440F00800887406F0F00005
:106D100002F00F03184440F00800C87402F0F000BD
:106D2000801D0875BAF1010F03D0087D00F0FB004B
:106D30000875BDE8FC5FFAF717BD07F0F00003F037
:106D40000F07384487E7000030B500235FF00002EA
:106D500000EB820511F8014B521CEC54042AF7DBBE
:106D60005B1C042BF2DB002030BDFBF70BFBFEF7B6
:106D7000CFFAFDF71FFB00F063FFFBF775FBFDF794
:106D80008FFB00F069F8FDF7C5FAFDF777FB00F01F
:106D90007DF8FEE72DE9F04F214B834688B00FCBFD
:106DA0008DE80F00002104AA002002EB81030BEB09
:106DB0008104255C1D54401C0428FADB491C04296D
:106DC000F2DB0025EA4600240BEB85090AEB850679
:106DD0000DF110081AF8250018F80410FAF7F1FC64
:106DE000A044074698F804107078FAF7EAFC474088
:106DF00098F80810B078FAF7E4FC474098F80C10BF
:106E0000F078FAF7DEFC474009F80470641C042CA3
:106E1000DEDB6D1C042DD6DB08B00020BDE8F08F52
:106E200098C0000810B5EFF3058179B9EFF3108130
:106E300011B9EFF3118119B106490968022905D08A
:106E4000002408B101F02AF8204610BD6FF00504B7
:106E5000FAE7000018040020EFF3058068B9EFF3AB
:106E600010820949086812B9EFF311820AB10228A9
:106E700003D028B14FF0FF3070476FF00500704726
:106E800001200860002070471804002010B5EFF3BF
:106E9000058070B9EFF310820A49086812B9EFF360
:106EA00011820AB1022804D0012805D04FF0FF302A
:106EB00010BD6FF0050010BD0220086001F056F80B
:106EC000002010BD18040020F8B51D466FF0030225
:106ED0006FF002064FF00004EFF30583A3B9EFF360
:106EE000108313B9EFF311831BB1154B1B68022BF1
:106EF0000AD060B159B12A4603F066FF012810D0CC
:106F000075B16FF001040CE008B101B10DB1144688
:106F100007E0002200926A4603F0F2FF012802D047
:106F200034462046F8BD00980028FAD005494FF0B5
:106F300080500860BFF34F8FBFF36F8FF1E7000001
:106F40001804002004ED00E0F8B514464FF00005E9
:106F5000EFF305826ABBEFF3108212B9EFF31182EF
:106F60001AB1154A1268022A23D010B309B3ACB182
:106F7000D4E902326BB1502A1BD32269CAB16769C6
:106F800000FB01F6B74214D30025009503F096FDEF
:106F900007E072B9226962B9626952B9002203F04E
:106FA00069FD050005D00CB1216800E0002100F06A
:106FB0003FFF2846F8BD000018040020F8B51D4624
:106FC0006FF003026FF002064FF00004EFF3058349
:106FD000ABB9EFF3108313B9EFF311831BB1164B69
:106FE0001B68022B0BD068B161B100232A4603F065
:106FF000DDFD012811D07DB16FF001040DE008B175
:1070000001B10DB1144608E00022134600926A4611
:1070100003F07CFE012802D034462046F8BD0098DB
:107020000028FAD005494FF080500860BFF34F8F19
:10703000BFF36F8FF1E700001804002004ED00E0BB
:107040002DE9FF414FEA01034FF00005EFF3058101
:10705000039599BBEFF3108111B9EFF3118119B1C9
:107060001F490968022938D040B38026182100241E
:107070004AB3176807B13C4697691FB139467F1E6E
:10708000382F02D21779FF0703D0002004B0BDE8E3
:10709000F081576907B1BE08D2F808C0BCF1000FF3
:1070A0000DD0D5685C2D18D312693AB137B18DE88F
:1070B00006103246214604F0C0FB03900DE0D7686D
:1070C0005FB912694AB903AACDE90012B2B22146EA
:1070D00004F086FB012800D003950398D6E7000052
:1070E000180400202DE9F041134C0F46054666694F
:1070F0002068001D00F092FC681C07D137B12168A0
:10710000BDE8F0410D48091D00F0E8BD2068354498
:10711000B5424560216805D2A068BDE8F041091D6F
:1071200000F0C4BD6068091D00F0C0FD206B854201
:1071300000D22563BDE8F081C803002014170020A9
:107140002DE9F041054600F0D5FD2D4C2069401C8D
:10715000206120682B4F10B1E06930B32BE025602F
:107160002069012827D1002606EB860007EB800066
:1071700000F08EFD761C382EF6D3234800F088FDF3
:107180002148143000F084FD1F48283000F080FDB5
:107190001D483C3000F07CFD1B48503000F078FD6D
:1071A000194860601430A06005E02068E96AC06A90
:1071B000884200D82560E06A401CE0626864E86AA2
:1071C000A169884200D9A06100EB800007EB800034
:1071D000291D00F083FD00F0ADFDE06900280CD012
:1071E0002068E96AC06A884207D208494FF0805097
:1071F0000860BFF34F8FBFF36F8FBDE8F0810000D1
:10720000C803002064120020C416002004ED00E032
:1072100038B500F06FFD104CA068C8B90F4800F0F9
:1072200037FD0E48143000F033FD0C482060143058
:1072300060600A4B00202833009003F150021021B7
:107240000A2003F03BFCA06010B105A100F0F0FDA6
:10725000BDE8384000F06EBD04040020281700206F
:10726000546D72510000000030B4026C0B46002ACD
:107270000BD0C1681144C1608468A14201D3016888
:10728000C16030BC1846F9F73FB830BC70472DE9F3
:10729000F041856B174604460026026C82B1C7B1E7
:1072A000E068F9F731F8E168206C091AE1602268BA
:1072B000914202D2A168081AE060022F16D017E0AE
:1072C0002068A8B9A06804F05BFB06460020A06017
:1072D0000EE06068F9F718F8216C60680844606097
:1072E000A168884204D32068606001E005B16D1E8A
:1072F0006D1CA5633046BDE8F08110B5044690F8DA
:10730000590058B101280CD002280FD0502080F32A
:107310001188BFF34F8FBFF36F8FFEE7206B00F034
:107320001DFD2046BDE8104000F018BD10BD000056
:1073300010484FF4F041420706D0C01D0D4920F01F
:107340000700411AC1F5F0410B4A00230144C2E98C
:1073500000030839103A21F0070111604B600B60FF
:107360000B1AC0E9001393604FF000405360D060E7
:1073700070470000F81E00202C040020144E154C0D
:10738000A6F29C474FF08058DFF84C9012E000BF07
:1073900000F0B0FCF068C568281D00F03FFB2069D4
:1073A000401E2061E068401EE06000F0C3FC2846FB
:1073B000FFF7A3FFE0680028EAD138680128F9D96F
:1073C000C9F80080BFF34F8FBFF36F8FF2E7000063
:1073D00000170020C803002004ED00E070B51D4632
:1073E000049C51B1C4F80020C4E90F0101212046DA
:1073F00003F098FB84F84C5070BD2460F4E7000063
:107400002DE9F05F8846DDE90B941546834691002F
:107410009A460A9EA522206BF8F788FF6FF00301B9
:10742000206B01EB8501084420F00707780707D09F
:10743000502080F31188BFF34F8FBFF36F8FFEE7AB
:107440000025B8F1000F0FD05FF00000221818F8E7
:10745000001082F8341018F8001011B1401C1028E8
:10746000F4D384F8435001E084F83450382E00D32C
:107470003726E662C4E91365201D00F014FC04F110
:10748000180000F010FC2461C6F138006462A061AD
:10749000656584F8585052465946384600F058FA07
:1074A0002060B9F1000F01D0C9F80040BDE8F09F9D
:1074B00030B5114900E011460A688242FBD34B689F
:1074C0005C18844203D14068184448600846436809
:1074D0001C18944209D1084C103C2468A24209D0DF
:1074E00052681A4442600A6812680260814200D001
:1074F000086030BD0460F9E72C04002070B500245A
:1075000041600B4D0061914206D8D11A82699142C7
:1075100006D2011D686807E09A4203D2994201D35E
:10752000012403E0011D286800F0C0FB204670BD67
:107530000404002010B5044600F0DCFBA06B28B169
:107540005FF0000400F0F6FB204610BD0124F9E7CF
:1075500030B589B03C4D6EE00498002806DADDE9CC
:107560000601059A90470498002864DB069C606930
:1075700010B1201D00F052FA03A800F0D7F802461F
:1075800004980A2857D2DFE800F00505052D334A94
:1075900005052D3394F8280040F0010084F82800F8
:1075A0000599A069059B01442046FFF7A7FF68B332
:1075B000216A2046884794F8280040073BD50020E0
:1075C00000900598A169002342181946204604F04E
:1075D000E1FAD8B9502080F31188BFF34F8FBFF381
:1075E0006F8FFEE714F8280F20F00100207022E0D2
:1075F00094F8280040F0010084F828000598A06164
:1076000028B1811813462046FFF778FF13E0502079
:1076100080F31188BFF34F8FBFF36F8FFEE794F8AD
:107620002800810703D4204600F098FB03E020F0F7
:10763000010084F82800002204A9A86803F0C4FB14
:10764000002889D109B030BD040400202DE9FC4197
:107650000F46054600F0CEFC01A800F067F804468E
:10766000019818B104F004FABDE8FC81254EAFB1D1
:1076700070680068D0B30027291B3A46B06800F054
:10768000EBFB04F0F5F90028EED11F494FF08050D4
:107690000860BFF34F8FBFF36F8FE5E7A542EBD8CC
:1076A00004F0E6F930682746C068C468201D00F081
:1076B000B5F994F82800410719D5A0692B4641195E
:1076C0003A462046FFF71AFFA8B1002003460146BC
:1076D00000902A46204604F05DFA60B9502080F3FD
:1076E0001188BFF34F8FBFF36F8FFEE707E020F0E5
:1076F000010084F82800216A20468847B4E7012762
:10770000BAE700000404002004ED00E006484168E8
:10771000096829B14168C968C96849680163704747
:107720004FF0FF31FAE70000C803002070B50546AE
:1077300004F0BCF8064E04463069844203D200F0DF
:1077400009F8012000E0002028602046346170BD67
:1077500004040020F8B5194D20E0C068C46806682C
:10776000201D00F05BF9216A2046884794F8280024
:10777000400713D5A0693044B04206D92461606047
:10778000211D286800F092FA08E000200346014617
:1077900000903246204604F0FDF938B128680168AF
:1077A0000029DAD16968C5E90010F8BD502080F3DE
:1077B0001188BFF34F8FBFF36F8FFEE704040020E3
:1077C00008484068401C4FF0500080F3118804D0F6
:1077D000BFF34F8FBFF36F8FFEE7BFF34F8FBFF342
:1077E0006F8FFEE734040020074C2068016841B128
:1077F000C0680021D0F80000FFF728FFFFF7A8FEBF
:10780000F3E701210020F7E7040400202DE9F0410F
:10781000044600F06FFA94F9455004F1240609E09B
:10782000606A48B1304604F0EBF808B100F064FB40
:107830006D1E6DB2002DF3DC4FF0FF3684F845600D
:1078400000F078FA00F056FA94F9445004F1100769
:1078500009E0206948B1384604F0D2F808B100F0D8
:107860004BFB6D1E6DB2002DF3DC84F84460BDE867
:10787000F04100F05FBA00002DE9F0410546002715
:1078800000F0B8FB314E306808B9FFF751FDF068E1
:1078900005424BD1C5B3083568070ED005F0070087
:1078A000C0F108000544680707D0502080F3118814
:1078B000BFF34F8FBFF36F8FFEE72DB37068854224
:1078C00034D82248103001460C6801E020460C46AE
:1078D0006168A94202D221680029F7D131688C423F
:1078E00024D007682168016060680837411B1029AF
:1078F0000FD96019420708D0502080F31188BFF3D8
:107900004F8FBFF36F8FFEE710E041606560FFF7B8
:10791000CFFD61687068401A7060B268904200D212
:10792000B060F06801430020C4E9000104F0A0F851
:10793000780707D0502080F31188BFF34F8FBFF333
:107940006F8FFEE73846BDE8F08100001C04002080
:1079500010B5031F4FF080741C601B1F21F0010144
:107960001960191F044B0B6014390A60091F6FF06E
:10797000020244380A6010BDC1770008FFB500213B
:107980000091019102916D462026039100EB810345
:10799000CF001A6812BA22F0FF04DA78144304FA0E
:1079A00007F24F4245F8214006EBC707FC4022434F
:1079B00045F82120140E00F82140140C5C70140AC4
:1079C0009C70491CDA700429E0DB04B00020F0BD93
:1079D00010B500235FF0000200EB8204521CE45C4F
:1079E00001F8014B042AF7DB5B1C042BF2DB0020BF
:1079F00010BD000030B5084C0022002100EB8203CE
:107A00005D5C655D5D54491C0429F9DB521C042A48
:107A1000F3DB002030BD000081000020D0E90132FE
:107A200001699A60D0E901235A604A68824201D113
:107A300082684A60002202610868401E0860086887
:107A400070470000034B036003F15C000860802076
:107A50001060704740180020044B036003F15C0085
:107A600008604FF480701060704700009C1A00207E
:107A700008B500200246009003210520FFF764FAB4
:107A8000124CA06018B1FAF7D1FCFAF73BFBFEF7F5
:107A900047FC00F003018DF800100021420700D5DB
:107AA000012110F0180F01D041F002018DF80110F2
:107AB000FEF792FE8DF8020000231A466946A06880
:107AC000FFF77CFA1420FFF7ADF9E0E77000002023
:107AD00086B00446FCF7E6FA7820DFF83891207784
:107AE000012220214846FAF739FC4BA0FDF7CCFED5
:107AF0004F4D504E40F6E4474FF00008E07E8DF8C1
:107B00000000E17B8DF8011020788DF8030060788B
:107B10008DF80400607B8DF80500E07A8DF8020096
:107B2000A0788DF80700E0788DF8080020798DF8AE
:107B3000090060798DF80A00A0798DF80C00E079D1
:107B40008DF80D00E07F8DF80F00208CADF810004F
:107B500094F822008DF8120094F823008DF8130099
:107B60009DF80600401CC0B28DF806003C282DD9B7
:107B70009DF80B204046521CD2B28DF806808DF83D
:107B80000B20042A01D98DF80B0029B19DF80E00B5
:107B900038B100208DF80E00207F20B1401E2077E4
:107BA00006E00120F6E7002220214846FAF7D6FB3E
:107BB000002208217020FCF726FD002208217020F9
:107BC000FCF721FDFBF750FFFBF74EFF6846FEF781
:107BD00053FE2888401C80B22880FA2807D916480E
:107BE0000078012803D1A5F80080FAF7DFFC30887F
:107BF000401C80B23080B84207D910480078012874
:107C000003D1A6F80080FAF7D1FC0C20FFF70AF99F
:107C100074E70000001002406C6364207461736BB1
:107C200020696E6974207375636365737300000067
:107C3000260300209002002022030020860200205C
:107C4000F8B51048016841F00201016000680E4C6F
:107C500000F0020000904FF48070206002250120A7
:107C60000A4EE560606021463046FAF78FFA280236
:107C700020601120E560606021463046BDE8F84094
:107C8000FAF784BA303802400006002000040240AF
:107C900000F108014FF0FF32C0E90112C16001613B
:107CA00000210160704700210161704730B50B6809
:107CB0005A1C02D000F1080202E0026904E02246E8
:107CC000546825689D42FAD953684B6099608A6070
:107CD000516008610168491C016030BD42684A601A
:107CE00093688B6093685960916008610168491CD2
:107CF00001607047502080F31188BFF34F8FBFF3AE
:107D00006F8F0A494868401C486001280CD1084818
:107D1000006810F0FF0F07D0502080F31188BFF3E8
:107D20004F8FBFF36F8FFEE77047000034040020D1
:107D300004ED00E00849486828B1401E486001D1C0
:107D400080F311887047502080F31188BFF34F8F64
:107D5000BFF36F8FFEE700003404002070B50028E9
:107D600027D0144DA0F108046168E868014207D1EA
:107D7000502080F31188BFF34F8FBFF36F8FFEE762
:107D800022683AB1502080F31188BFF34F8FBFF3C0
:107D90006F8FFEE78143616000F02CF960686968CD
:107DA000084468602046FFF783FBBDE8704003F09D
:107DB0005FBE70BD1C0400204FF0E0200021016177
:107DC000816105494FF47A720968B1FBF2F1491EED
:107DD0004161072101617047C403002010B5F8F725
:107DE00039FA114910280ED300F1E02090F8F00381
:107DF0000A78904207D2502080F31188BFF34F8F4A
:107E0000BFF36F8FFEE709480068896800F4E060FF
:107E1000884207D9502080F31188BFF34F8FBFF3FA
:107E20006F8FFEE710BD0000340400200CED00E071
:107E300010B5084B002200BF53F832401CB1521C51
:107E4000082AF9D310BD43F8321003EBC201486091
:107E500010BD00002412002070B515460E460446E1
:107E6000FFF748FF94F944100020491C01D184F821
:107E7000440094F94510491C01D184F84500FFF7EE
:107E800059FFA06B28B92A46314604F1240000F0BE
:107E900051F82046BDE87040FFF7B8BC10B50200AD
:107EA00014D00F48806B38B1502080F31188BFF395
:107EB0004F8FBFF36F8FFEE700F09CF80021104654
:107EC000FFF710F903F0D4FD002807D105494FF062
:107ED00080500860BFF34F8FBFF36F8F10BD00005D
:107EE000C803002004ED00E002498A6A0260496983
:107EF00041607047C8030020014901204862704773
:107F0000C803002010B50C4650B109490968183162
:107F1000FFF7CCFE2046BDE810400121FFF7E2B894
:107F2000502080F31188BFF34F8FBFF36F8FFEE7B0
:107F3000C803002070B514460D4668B10A490968A7
:107F40001831FFF7CBFE0CB14FF0FF352146284624
:107F5000BDE87040FFF7C6B8502080F31188BFF32A
:107F60004F8FBFF36F8FFEE7C803002030B587B097
:107F70000024039405AA04A903A80494FFF762FD52
:107F8000DDE903010094CDE90110002315A1174894
:107F9000059A03F052FC164D002868631FD003F0C9
:107FA000C9FD012809D0401C19D1502080F3118847
:107FB000BFF34F8FBFF36F8FFEE7502080F3118820
:107FC000BFF34F8FBFF36F8F4FF0FF302863012057
:107FD000E8616C6107B0BDE8304002F0D1BC07B089
:107FE00030BD000049444C45000000007D7300088E
:107FF000C80300200248816B491C81637047000060
:10800000C8030020164810B5816B11B101214162EF
:1080100010BD002141628169124A01E0B9B1491ED7
:1080200001EB810352F82330002BF7D001EB8103E1
:1080300002EB830202F1080453685B685360A342B9
:1080400001D15B685360DA680260816110BD502025
:1080500080F31188BFF34F8FBFF36F8FFEE70000EF
:10806000C803002064120020B2B00546142109A8FC
:10807000F8F763F914210FA8F8F75FF900242246F6
:10808000132108201594FEF75FFFFE4EB060B8B1D3
:10809000A88CFDF721FADFF8F0B3B0460221FB48C7
:1080A000FAF755F995F8260088F804004646FF23AC
:1080B000002209A9D8F80800FEF706FF20B1FDE369
:1080C000F3A0FDF7E1FBE6E7F94F4FF0010986F871
:1080D00002907C7000203918401CC0B2CC7010286F
:1080E000F9D33078B046002877D19DF829A0AAF1BD
:1080F000B0000A2872D2DFE800F00537715A7171BA
:108100007299BEE528798DF8640068798DF865006C
:10811000287A8DF86600687800F00F018DF86710F6
:10812000810707D000F00301AA22491ECA408DF83A
:10813000672001E08DF8674010F0300F07D0C0F3E2
:108140000110AA21401EC1408DF8681001E08DF891
:1081500068402878800703D5AA208DF8690001E0DF
:108160008DF86940062639E19DF82A00411F2E2925
:108170001AD28DF8649040F2771110FB01F04FF69F
:10818000FF7101EA4000E88206208DF858009DF852
:108190002A008DF859008DF85A408DF85C408DF812
:1081A0005B408DF85D4039E08DF8644000E19DF85A
:1081B0002A000B28F8D2C0EBC00000EB80004FF47F
:1081C000617202EB00106422B0FBF2F08DF8649053
:1081D000E870A87085F80990EAE026E1F2E09DF8E1
:1081E0002A00811E1329DFD28DF8649040F27711A6
:1081F00010FB01F04FF6FF7101EA400028830620D2
:108200008DF858008DF859408DF85A408DF85C4033
:108210009DF82A008DF85B408DF85D00A548FF238E
:10822000002216A90068FEF7C9FEC1E0A2498DF838
:108230006440782008770126324620219F48FAF7CB
:108240008DF89DF82A00AA2805D18DF86490287A27
:1082500040F0010028729BF80000012831D18DF810
:1082600065409DF82B00AA282AD18DF86590287AC0
:1082700040F0020023E090498DF8644078200877B0
:108280000126324620218D48FAF768F89DF82A0029
:10829000AA2805D18DF86490287A00F0FE00287293
:1082A0009BF8000001280CD18DF865409DF82B004B
:1082B000AA2805D18DF86590287A00F0FD00287273
:1082C00002268BE09DF82A00042844D006DC012811
:1082D0000BD0022818D0032874D129E0052847D0F4
:1082E000062867D05A28F7D16DE095F822008DF85E
:1082F0006400288C010A8DF865108DF86600E87F0F
:108300008DF86700042669E06B4880F822400484F9
:10831000C477847704208DF858008DF859408DF883
:108320005A408DF85C408DF85B408DF85D4008E068
:1083300061494FF49640888403208DF858004B2003
:1083400011E05C4800231A4616A90068FEF736FEC5
:108350008DF864902CE058494FF41640888403202F
:108360008DF8580096208DF859008DF85A40E8E7AE
:108370009DF82B00A0F1090138290CD84E4901269F
:10838000887085F809909DF82C008DF86490093864
:10839000382805D922E09DF82C000938382811D852
:1083A00045499DF82C00C87085F809908DF86490B7
:1083B000012613E0404881788DF86410C0788DF86C
:1083C00065007DE73EE03A490020133119AA0B5CB5
:1083D0001354401CC0B22028F9D3202698F804007A
:1083E000FE2822D07E218DF894108DF895008DF80E
:1083F00096A0002019A90DF1940A05E00B5C0AEB88
:108400000002401CD370C0B2B042F7D3F11C5046FA
:10841000FDF7F0FF0AEB0601020ACA7008717F201F
:108420004871B11D25A8FDF7E5F898F8000046460B
:10843000012807D19BF800009DF82AA0012802D04E
:1084400000287DD0F3E35046BAF1200F79D008DC44
:10845000012877D0022876D0032875D0102808D1BB
:108460004FE0212871D0222870D0DA286FD0DB2885
:108470006ED0A3208DF804009DF829008DF805002A
:108480001EE0000020030020420000200000024007
:1084900075617274207461736B2068617665206EFB
:1084A0006F20656E6F7567682068656170000000F9
:1084B0004C1100203C0000209805002000100240D4
:1084C00098F804008DF8060007208DF808000320B6
:1084D0008DF809008DF807A0062101A8FDF77CFFA3
:1084E0008DF80A00072101A8FDF784F88DF82540D2
:1084F000002009A90A18401CC0B2D4701028F9D372
:1085000095E3A3208DF804009DF829008DF805005F
:1085100098F804008DF8060011218DF808108DF8E8
:10852000099002208DF807A08DF80A0028798DF8AF
:108530000B0068798DF80C00E87A4A46C00708E01D
:1085400038E3BEE169E0BFE0E6E044E28AE2B1E29E
:10855000FCE213D0687810F00F0008D0012808D092
:10856000022808D05FF013008DF80D0008E01020FD
:10857000FAE71220F8E78DF80D1001E08DF80D40B4
:10858000E87A800712D5687810F0F00007D010283C
:1085900007D0202807D013208DF80E0008E0102007
:1085A000FAE71220F8E78DF80E1001E08DF80E4082
:1085B000687B8DF80F00287810B1012802D004E004
:1085C000F02000E0FF208DF81000287BAA2808D0BA
:1085D0008DF811402878800706D5AA208DF8120062
:1085E00004E08DF81120F5E78DF812408DF8134066
:1085F000102101A8FDF7F0FE8DF81400112101A84B
:10860000FCF7F8FF8DF82540002009A90A18401C46
:10861000C0B2D4701028F9D309E3A3208DF8040068
:108620009DF829008DF8050098F8040019218DF8AF
:1086300008108DF80990F1228DF80A2002228DF899
:108640000B208DF8060014228DF810208DF807A05D
:108650008DF80C908DF8149048468DF80D408DF8EB
:10866000111003228DF815408DF818408DF80E403A
:108670008DF812208DF816408DF819008DF80F40F6
:108680008DF813108DF817408DF81A00297BAA2950
:1086900017D08DF81B40182101A8FDF79DFE8DF81D
:1086A0001C00192101A8FCF7A5FF26468DF82540DE
:1086B000002009A90A18401CC0B2D6701028F9D3AE
:1086C000B5E28DF81B00E6E7A3208DF804009DF8C5
:1086D00029008DF8050098F804008DF806000720A1
:1086E0008DF8080003208DF809008DF807A00621F9
:1086F00001A8FDF771FE8DF80A00072101A8FCF71B
:1087000079FF8DF82540002009A90A18401CC0B245
:10871000D4701028F9D38AE2287BAA289DF82C006F
:1087200007D0012876D0022874D0032872D0C0B3B5
:108730007EE0012805D0022803D0032801D038B1FB
:108740000DE0E87AC0070AD1287A40F0010005E080
:10875000E87AC00703D0287A00F0FE0028729DF85E
:108760002D00012805D0022803D0032801D038B1FC
:108770000DE0E87A80070AD4287A40F0020005E08C
:10878000E87A800703D5287A00F0FD0028729DF86A
:108790002E00012806D0022804D0032802D018B1E8
:1087A00004E03EE0AA2000E055202873A3208DF8C5
:1087B00004009DF829008DF8050098F804008DF854
:1087C00006000A208DF808008DF807A08DF80990A2
:1087D0009DF82C008DF80A009DF82D008DF80B00F7
:1087E0009DF82E008DF80C00092101A8FDF7F4FD7D
:1087F0008DF80D000A2101A8FCF7FCFE8DF825403C
:10880000002009A90A18401CC0B2D4701028F9D35E
:108810003FE3FFE7E87AC0070AD1287A40F0010079
:1088200005E0E87AC00703D0287A00F0FE0028723D
:108830009DF82D00012805D0022803D0032801D07F
:1088400038B10DE0E87A80070AD4287A40F00200B7
:1088500005E0E87A800703D5287A00F0FD00287249
:10886000A3208DF804009DF829008DF8050098F8E4
:1088700004008DF8060009208DF808008DF807A087
:108880008DF809909DF82C008DF80A009DF82D00B8
:108890008DF80B00082101A8FDF79EFD8DF80C0056
:1088A000092101A8FCF7A6FE8DF82540002009A9A2
:1088B0000A18401CC0B2D470102800E0BEE1F7D303
:1088C000E7E29DF82C00811E31290DD28DF8590068
:1088D000C0EB4011C1EB00204FF6FF7101EA8000B0
:1088E000E88285F8099001E08DF859409DF82D0047
:1088F000A0F10901392908D2E870A8709DF82D006F
:108900008DF85A0085F8099001E08DF85A409DF8DD
:108910002E000146401E032807D2A9769DF82E009E
:108920008DF85B0085F8099001E08DF85B409DF8BB
:108930002F10B1B1012914D08DF85C409DF83000A2
:10894000811E312915D28DF85D00C0EB4011C1EBBD
:1089500000204FF6FF7101EA8000288385F8099016
:1089600009E0552088408DF85C00287385F809904F
:10897000E4E78DF85D4006208DF85800FB48FF23A2
:10898000002216A90068FEF719FBA3208DF8040049
:108990009DF829008DF8050030798DF80600072034
:1089A0008DF808008DF807A08DF80990062101A820
:1089B000FDF712FD8DF80A00072101A8FCF71AFE49
:1089C0008DF82540002009A90A18401CC0B2D470B7
:1089D0001028F9D32BE19DF82C00411E032907D262
:1089E000A87685F809909DF82C008DF85B0001E0D1
:1089F0008DF85B4006208DF85800DC488DF8594012
:108A00008DF85C408DF85A408DF85D40FF230022C0
:108A100016A90068FEF7D2FAA3208DF804009DF88D
:108A200029008DF8050030798DF8060007208DF8B3
:108A300008008DF807A08DF80990062101A8FDF720
:108A4000CBFC8DF80A00072101A8FCF7D3FD8DF8B7
:108A50002540002009A90A18401CC0B2D470102873
:108A6000F9D3E4E0A3208DF804009DF829008DF8E7
:108A7000050098F804008DF8060007208DF808001E
:108A800003208DF809008DF807A0062101A8FDF745
:108A9000A3FC8DF80A00072101A8FCF7ABFD8DF8B7
:108AA0002540002009A90A18401CC0B2D470102823
:108AB000F9D3BCE09DF82B008DF857009DF82C00F1
:108AC0008DF855009DF82D008DF856009DF82E006C
:108AD0008DF83C009DF82F008DF83D009DF830008A
:108AE0008DF83E00002215A9A148FAF795F9002259
:108AF0000FA99F48FAF7F4F906208DF804009DF8B5
:108B000057008DF805009DF855008DF806009DF87A
:108B100056008DF807009DF83C008DF808009DF880
:108B20003D008DF809009DF83E008DF80A000721F0
:108B300001A8FCF75FFD8DF82540002009A90A185F
:108B4000401CC0B2D4701028F9D370E0002215A9DF
:108B50008748FAF7B1F800220FA98548FAF7CEF84E
:108B600006208DF804009DF857008DF805009DF84B
:108B700055008DF806009DF856008DF807009DF809
:108B80003C008DF808009DF83D008DF809009DF827
:108B90003E008DF80A00072101A8FCF72BFD8DF897
:108BA0002540002009A90A18401CC0B2D470102822
:108BB000F9D33CE05046BAF1200F7DD008DC012803
:108BC00041D0022879D0032878D0102808D169E153
:108BD000212874D0222873D0DA2872D0DB2871D0F3
:108BE000A3208DF804009DF829008DF8050098F861
:108BF00004008DF8060007208DF8080003208DF88A
:108C000009008DF807A0062101A8FDF7E5FB8DF806
:108C10000A00072101A8FCF7EDFC8DF82540002093
:108C200009A90A18401CC0B2D4701028F9D388F8DA
:108C300001400122791C4F48FAF7B4FC0520FEF7E9
:108C4000F1F8FFF72BBAA3208DF804009DF8290056
:108C50008DF8050098F8040019218DF808108DF89A
:108C60000990F1228DF80A208DF8060014228DF863
:108C700010208DF807A08DF80C908DF814904846C0
:108C80008DF80D408DF8111003228DF815408DF8E8
:108C900018408DF80E408DF812208DF816408DF892
:108CA00019008DF80B908DF80F408DF813108DF88A
:108CB00017408DF81A0006E058E122E049E0DEE1B5
:108CC00024E24BE296E2297BAA2917D08DF81B40BB
:108CD000182101A8FDF780FB8DF81C00192101A8BF
:108CE000FCF788FC26468DF82540002009A90A18C3
:108CF000401CC0B2D6701028F9D398E78DF81B003D
:108D0000E6E7A3208DF804009DF829008DF8050002
:108D100098F804008DF8060007208DF8080003205D
:108D20008DF809008DF807A0062101A8FDF754FB76
:108D30008DF80A00072101A8FCF75CFC8DF825409E
:108D4000002009A90A18401CC0B2D4701028F9D319
:108D50006DE7287BAA289DF82C000DD0012860D053
:108D600002285ED003285CD0E8B368E03C00002015
:108D70000412002084110020012805D0022803D00D
:108D8000032801D038B10DE0E87AC0070AD1287A6B
:108D900040F0010005E0E87AC00703D0287A00F02F
:108DA000FE0028729DF82D00012805D0022803D06E
:108DB000032801D010B103E0AA2000E05520287359
:108DC000A3208DF804009DF829008DF8050098F87F
:108DD00004008DF8060009208DF808008DF807A022
:108DE0008DF8099000E023E09DF82C008DF80A0032
:108DF0009DF82D008DF80B00082101A8FDF7ECFA75
:108E00008DF80C00092101A8FCF7F4FB8DF8254032
:108E1000002009A90A18401CC0B2D4701028F9D348
:108E200037E0E87AC0070AD1287A40F0010005E06F
:108E3000E87AC00703D0287A00F0FE002872A32049
:108E40008DF804009DF829008DF8050098F80400BD
:108E50008DF8060008208DF808008DF807A08DF821
:108E600009909DF82C008DF80A00072101A8FDF754
:108E7000B3FA8DF80B00082101A8FCF7BBFB8DF8B5
:108E80002540002009A90A18401CC0B2D47010283F
:108E9000F9D3ED497820012208772021EB48F9F732
:108EA0005DFAC4E6A3208DF804009DF829008DF832
:108EB000050098F804008DF806000F208DF80800D2
:108EC0008DF809908DF807A08DF80A9028798DF813
:108ED0000B00E87A4946C00711D0687810F00F00FF
:108EE00007D0012807D0022807D013208DF80C00E6
:108EF00007E01020FAE71220F8E71120F6E78DF8D6
:108F00000C40687B8DF80D00287810B1012802D044
:108F100004E0F02000E0FF208DF80E00287BAA2856
:108F200008D08DF80F402878800706D5AA208DF844
:108F3000100004E08DF80F10F5E78DF810408DF863
:108F400011400E2101A8FDF747FA8DF812000F21FC
:108F500001A8FCF74FFB8DF82540002009A90A184D
:108F6000401CC0B2D4701028F9D360E69DF82C00E4
:108F7000811E31290DD28DF8590000EB4001C1EB63
:108F8000C0104FF6FF7101EAC000E88285F8099031
:108F900001E08DF859409DF82D00A0F10901392913
:108FA00007D2A8709DF82D008DF85A0085F8099019
:108FB00001E08DF85A409DF82E00411E032907D28A
:108FC000A8769DF82E008DF85B0085F8099001E0E9
:108FD0008DF85B409DF82F10B9B1012915D08DF89F
:108FE0005C4000BF9DF83000811E312915D28DF8FC
:108FF0005D0000EB4001C1EBC0104FF6FF7101EACC
:10900000C000288385F8099009E0552088408DF834
:109010005C00287385F80990E4E78DF85D40062030
:109020008DF858008A48FF23002216A90068FDF732
:10903000C5FFA3208DF804009DF829008DF80500D8
:1090400030798DF8060007208DF808008DF807A00C
:109050008DF80990062101A8FDF7BEF98DF80A00E8
:10906000072101A8FCF7C6FA8DF82540002009A9C0
:109070000A18401CC0B2D4701028F9D3D7E59DF867
:109080002C00411E032907D2A87685F809909DF887
:109090002C008DF85B0001E08DF85B4006208DF818
:1090A00058006B488DF859408DF85C408DF85A4057
:1090B0008DF85D40FF23002216A90068FDF77EFFB2
:1090C000A3208DF804009DF829008DF80500307963
:1090D0008DF8060007208DF808008DF807A08DF8A0
:1090E0000990062101A8FDF777F98DF80A000721FC
:1090F00001A8FCF77FFA8DF82540002009A90A187D
:10910000401CC0B2D4701028F9D390E5A3208DF88C
:1091100004009DF829008DF8050098F804008DF8EA
:10912000060007208DF8080003208DF809008DF84F
:1091300007A0062101A8FDF74FF98DF80A000721C5
:1091400001A8FCF757FA8DF82540002009A90A1854
:10915000401CC0B2D4701028F9D368E59DF82B00EC
:109160008DF857009DF82C008DF855009DF82D00C6
:109170008DF856009DF82E008DF83C009DF82F00CC
:109180008DF83D009DF830008DF83E00002215A9B5
:109190003048F9F741FE00220FA92E48F9F7A0FE4A
:1091A00006208DF804009DF857008DF805009DF805
:1091B00055008DF806009DF856008DF807009DF8C3
:1091C0003C008DF808009DF83D008DF809009DF8E1
:1091D0003E008DF80A00072101A8FCF70BFA8DF874
:1091E0002540002009A90A18401CC0B2D4701028DC
:1091F000F9D31CE5002215A91648F9F75DFD0022F8
:109200000FA91448F9F77AFD06208DF804009DF89F
:1092100057008DF805009DF855008DF806009DF863
:1092200056008DF807009DF83C008DF808009DF869
:109230003D008DF809009DF83E008DF80A000721D9
:1092400001A8FCF7D7F9F2E49805002000100240CD
:109250003C00002004120020ADF5147D0646FE4FB0
:109260004FF4A07139A8F7F768F8DC2101A8F7F7E7
:1092700064F8F9F7C7FEFDF7DFF886F82600FCF77B
:1092800087FAF64800254FF0010AC5714FF0020B2E
:10929000DFF8CC930446FDE3208A401C80B2208294
:1092A000012914D14FF4FA71B0FBF1F201FB120065
:1092B00018B996F8260000F0CFFF208A40F6B831A2
:1092C000884204D32582E5716572A57007E080B2FB
:1092D00041F28831884202D3E0790228F2D06079E5
:1092E00000287CD0E58184F804A06571B7F800807F
:1092F00039A94246B81CF7F7D9FFD84801AB39AABB
:1093000010211430CDF80080FCF767FFFA21B81C5B
:10931000F7F713F8D3A101A8F7F71AF840B184F8CA
:1093200007B0258225706570A572E572257202E08E
:10933000E079022853D1D0A101A8F7F709F8002855
:109340005CD0D3A101A8F7F703F88046D2A1F6F7C5
:10935000FFFF919092AAD4A14046F7F72FF8012879
:1093600006D190AAD2A19198F7F728F8012805D044
:10937000DC2101A8F6F7E1FFD1A12BE39098811E33
:10938000302935D8DE498DF82902097811B1012933
:1093900009D011E000EB4001C1EBC0114FF6FF70A6
:1093A00000EAC10007E0C0EB4011C1EB00214FF61D
:1093B000FF7000EA8100308386F809A08DF82552FD
:1093C0008DF826528DF8275206208DF82402CD48BC
:1093D0008DF82852FF23002289A9006800E02AE3C3
:1093E000FDF7ECFDDC2101A8F6F7A7FFC6A1F1E22D
:1093F000DC2101A8F6F7A1FFD0A1EBE2DDA101A8D5
:10940000F6F7A6FF002850D08D958E95DEA101A815
:109410008F95F6F79DFF8046DFA101A8F6F798FF2C
:1094200091908DAAE0A14046F6F7C8FF012836D1F9
:10943000E1497820012208772021E048F8F78EFFE3
:109440008D988EAA01289198DDA104D0F6F7B6FF79
:10945000012814D023E0F6F7B1FF01281FD19DF8B1
:109460003902312803D1307A40F0010030729DF882
:109470003A02312813D1307A40F002000EE09DF814
:109480003902312803D1307A00F0FE0030729DF8A5
:109490003A02312803D1307A00F0FD003072DC212D
:1094A00001A8F6F74AFFCBA194E2D5A101A8F6F7EF
:1094B0004FFF68B1DC2101A8F6F73FFF9048007824
:1094C00010B1012802D099E2D34983E2D34981E265
:1094D000D3A101A8F6F73CFF00286ED0DC2101A83B
:1094E000F6F72BFF86480078012801D0B0B385E25B
:1094F000307B4FF0DC02AA2810D0CF4901A8F6F744
:1095000003FFF07AC00776D031208DF834008DF853
:109510004900317849075ED430205CE0C64901A893
:10952000DC39F6F7F1FEF07AC00718D031208DF85B
:1095300034008DF84A003178490700D430208DF886
:109540005C00F07A800716D531208DF835008DF853
:109550004B003178090708D4302006E06BE030205A
:109560008DF834008DF84A00E9E78DF85D00707BD6
:1095700038B1312006E030208DF835008DF84B00F1
:10958000F3E730208DF86F0031208DF880003178BE
:10959000C90702D08DF8910002E030218DF89110BA
:1095A000317BAA290AD030208DF836008DF84C0086
:1095B0008DF85E008DF8A40020E2ABE18DF8A400E8
:1095C0008DF836008DF84C003178890700D43020B2
:1095D0008DF85E0012E28DF85A00F07A800716D5F9
:1095E00031208DF835008DF84A003178090708D40C
:1095F000302006E0FFE730208DF834008DF8490078
:10960000E9E78DF85B00707B38B1312006E030204F
:109610008DF835008DF84A00F3E730208DF86C00A6
:1096200031208DF87D003178C90702D08DF88E0089
:10963000E4E13020FAE7307B4FF0DC02AA2808D0C2
:109640007D4901A8F6F760FEF07AC00702D031200C
:10965000F4E0FCE046E10000A20E002082020020BF
:109660006E000020434F4D5F4445565F52454749C9
:109670005354455200000000434F4D5F52454C414A
:10968000595F434F4E54494E55455F54494D45002F
:10969000226964223A0000002272656C6179546983
:1096A0006D65223A00000000226964223A256400B8
:1096B0002272656C617954696D65223A25640000F7
:1096C0007B22436F6D6D616E64223A22434F4D5F82
:1096D00052454C41595F434F4E54494E55455F5496
:1096E000494D45222C22526573756C74223A312CF7
:1096F000224572726F72436F6465223A327D0000B8
:10970000420000203C0000207B22436F6D6D616EA3
:1097100064223A22434F4D5F52454C41595F434FBB
:109720004E54494E55455F54494D45222C225265B1
:1097300073756C74223A226F6B227D007B22436F1B
:109740006D6D616E64223A22434F4D5F52454C412C
:10975000595F434F4E54494E55455F54494D45223C
:109760002C22526573756C74223A226572726F7284
:10977000227D0000434F4D5F5A4F4E455F53455485
:10978000555041524D000000227365747570547934
:109790007065223A000000002261726D5A6F6E659A
:1097A0004368616E223A00002273657475705479C3
:1097B0007065223A256400009805002000100240E0
:1097C0002261726D5A6F6E654368616E223A25732D
:1097D000000000007B22436F6D6D616E64223A22AF
:1097E000434F4D5F5A4F4E455F534554555041527C
:1097F0004D222C22526573756C74223A307D000024
:10980000434F4D5F484F53545F4341504142494C91
:10981000495449455300000038D20008B0D200082E
:10982000434F4D5F51554552595F4445565F535420
:1098300041545553000000001A0D00208DF83400EB
:109840008DF848003178490746D4302044E0F94982
:1098500001A8F6F759FDF07AC0070ED031208DF837
:1098600034008DF849003178490700D430208DF854
:109870005A00707B38B1312006E030208DF834007A
:109880008DF84900F3E730208DF86C0031208DF819
:109890007D003178C90702D08DF88E0002E03021BA
:1098A0008DF88E10317BAA2909D030208DF8350033
:1098B0008DF84A008DF85B008DF8A1009EE08DF8D0
:1098C00035008DF8A1008DF84A003178890700D461
:1098D00030208DF85B0091E08DF85800707B38B136
:1098E000312006E030208DF834008DF84800F3E791
:1098F00030208DF8690031208DF87A003178C90761
:1099000006D000BF8DF88B0030208DF89E0075E0EA
:109910003020F7E7C8A101A8F6F71AFD80B1AFF231
:10992000981101A88D95F6F713FD8DAAAFF2881155
:10993000F6F744FDDC2101A8F6F7FFFCC2A149E0DF
:10994000CCA101A8F6F704FDF0B38D95CEA101A836
:109950008E95F6F7FDFC8046CEA1F6F7F9FC9190C6
:109960008DAAD0A14046F6F729FD012806D18EAA7E
:10997000D0A19198F6F722FD012805D0DC2101A89D
:10998000F6F7DBFCCFA125E08D98F070B07086F87B
:1099900009A08E98411E092915D8B0768DF8255258
:1099A0008D998DF826128DF8270206208DF8240255
:1099B000CF488DF828528DF82952FF23002289A91B
:1099C0000068FDF7FBFA00E008E0DC2101A8F6F7EB
:1099D000B4FCC8A101A8F6F7E8FC0FE0D0A101A8EB
:1099E000F6F7B6FCA8B3D5A101A88D95F6F7B0FCA3
:1099F0008DAAD6A1F6F7E2FC012820D001A8FAF73B
:109A000013FE01A8F6F7B6FC1FFA80F839AB01AADD
:109A10001021D248CDF80080FCF731FC4246D049F5
:109A200039A8F7F799FCCE48F6F7A4FC80B2CC49E8
:109A300000F0C4FE2582A078012871D0CDE08D9978
:109A4000881E302836D8C748007818B101280AD0B7
:109A500012E035E001EB4100C0EBC1124FF6FF70A0
:109A600000EAC20007E0C1EB4110C0EB01224FF653
:109A7000FF7000EA8200F08286F809A08DF82512B6
:109A80008DF826528DF828528DF827528DF82952DC
:109A9000062000E08EE38DF824029548FF23002283
:109AA00089A90068FDF78AFADC2101A8F6F745FCD0
:109AB000ADA18FE7DC2101A8F6F73FFCB8A189E74B
:109AC000C5A101A8F6F744FC58B3C6A101A88D951D
:109AD000F6F73EFC8DAAC6A1F6F770FC012819D155
:109AE0008D9801281ED035735FF055008DF82552F2
:109AF0008DF828028DF826528DF8275206208DF811
:109B000024027B488DF82952FF23002289A900688E
:109B1000FDF754FADC2101A8F6F70FFCB7A159E7CD
:109B20002CE002E0AA203073E0E7BEA101A8F6F71E
:109B30000FFC28B1DC2101A8F6F7FFFBBFA149E724
:109B4000C9A101A8F6F704FC28B1CDA0FBF79CFE43
:109B500084F800B06FE7CCA101A8F6F7F9FB002864
:109B6000F3D1CFA101A8F6F7F3FB0028F2D084F8D7
:109B700002A04FF47A70FDF755F95CE784F802B063
:109B80008022CA497648F6F7BFFB7549802000F06D
:109B900015FE4FF47A784046FDF744F925498022B6
:109BA00080396F48F6F7B0FB6D49802000F006FE63
:109BB0004046FDF737F95822BD496948F6F7A4FB3E
:109BC0006749582000F0FAFD4046FDF72BF9642064
:109BD000FDF728F9B7A0FBF757FEE078401CC0B2AC
:109BE000E070FA2800D9E570A078002820D0A07A8B
:109BF000E072307800F00F00A072E1780A2904D9F1
:109C00002178022902D0012913D071E125706178F1
:109C100031B950B1A9A000BFFBF736FE607828B17A
:109C2000A07A20B12572A6A060E14BE160E14BE192
:109C3000E0E14BE13E0C0020434F4D5F5A4F4E4553
:109C40005F454E41424C45007B22436F6D6D616E16
:109C500064223A22434F4D5F5A4F4E455F454E4175
:109C6000424C45222C22526573756C74223A307D29
:109C700000000000434F4D5F5A4F4E455F50415228
:109C8000414D5F5345540000227A6F6E65566F6CEC
:109C9000223A0000227A6F6E6553656E7369223A2C
:109CA00000000000227A6F6E65566F6C223A2564C0
:109CB00000000000227A6F6E6553656E7369223A68
:109CC000256400007B22436F6D6D616E64223A2231
:109CD000434F4D5F5A4F4E455F504152414D5F5388
:109CE0004554222C22526573756C74223A317D00E2
:109CF0003C0000207B22436F6D6D616E64223A222E
:109D0000434F4D5F5A4F4E455F504152414D5F5357
:109D10004554222C22526573756C74223A307D00B2
:109D2000434F4D5F42555A5A45525F434F4E544937
:109D30004E55455F54494D45000000002262757A3A
:109D40007A657254696D65223A0000002262757A64
:109D50007A657254696D65223A2564009602002086
:109D60000B100020420000207B22436F6D6D616E5E
:109D700064223A22434F4D5F42555A5A45525F433F
:109D80004F4E54494E55455F54494D45222C225261
:109D90006573756C74223A226F6B227D000000009F
:109DA0007B22436F6D6D616E64223A22434F4D5F9B
:109DB00042555A5A45525F434F4E54494E55455F9E
:109DC00054494D45222C22526573756C74223A22F7
:109DD0006572726F72227D00434F4D5F494F5F5332
:109DE0004554000022656E61626C65223A000000F5
:109DF00022656E61626C65223A2564007B22436FA6
:109E00006D6D616E64223A22434F4D5F494F5F533F
:109E10004554222C22526573756C74223A226F6B62
:109E2000227D0000434F4D5F434F4E544C455645F5
:109E3000525F414E5449434C494D42007B22436F8F
:109E40006D6D616E64223A22434F4D5F5A4F4E450D
:109E50005F454E41424C45222C22526573756C740D
:109E6000223A317D00000000434F4D5F55504C4F6A
:109E700041445F5A4F4E455F53544154555300007F
:109E80000A4352430A000000434F4D5F55504C4F68
:109E900041445F4445564943455F414C41524D0062
:109EA000737461747573436F64650000BE0A0020AB
:109EB0004EC300080A2030200A0000000A320A00BF
:109EC0000A340A00C6A0A7E6C6A00FE0FF21E1728F
:109ED000617839B910B32572C3A000BFFBF7D4FC79
:109EE000607828B1A07AD8B12572C0A0FBF7CCFC6D
:109EF000E17AA07A81427DD0BD4984F800A0E57066
:109F00000978D0460129217A0ED0092972D2DFE8DA
:109F100001F0E1FD71FCAA717171FB00B5A0DDE7F4
:109F200060782072B4A0E1E70929EFD2DFE801F000
:109F3000057986979BA8C0CEB20040071FD57078E0
:109F4000C1070BD08022AD49AD48F6F7DDF9AC4929
:109F5000802000F033FC84F8088010E080070ED5E4
:109F6000A64980228039A648F6F7CEF9A449802078
:109F700000F024FC84F80880A2A0FBF785FCA07AFE
:109F8000000716D57078C10602D580229F4904E0EB
:109F900080060BD59D49802280399948F6F7B4F99F
:109FA0009749802000F00AFC84F808B098A0FBF7DD
:109FB0006BFCA07A80070AD5802299499048F6F771
:109FC000A3F98F49802000F0F9FB03202072A07ACA
:109FD000C0070AD0582293498948F6F795F988496D
:109FE000582000F0EBFB04202072A07AC0F342015D
:109FF000072900E0E2E001D105212172C0F38101CF
:10A00000032901D1062121720A21814301D10721AF
:10A010002172C0F34100032801D10820207265702D
:10A02000CCE07649802280317548F6F76DF97449A5
:10A03000802000F0C3FB257269A092E07349802262
:10A0400080316F48F6F760F96D49802000F0B6FB6B
:10A05000257275A0FBF718FC84F801B0AEE07049DA
:10A060008022803185E06F49582259316448F6F7E3
:10A070004BF96349582000F0A1FB2572042181E0CF
:10A080005E49802280315E48F6F73EF95C498020C7
:10A0900000F094FB5D49802280315948F6F734F98D
:10A0A0005749802000F08AFB5D498022803178E0AA
:10A0B0005249802280315248F6F726F950498020D3
:10A0C00000F07CFB5149802280316AE04B498022BC
:10A0D0008031E2E7400716D57078C10702D08022B0
:10A0E000544904E080070BD5524980228039444806
:10A0F000F6F70AF94249802000F060FB84F80880F6
:10A100004DA0FBF7C1FB02E03EE02FE01DE0A07A8E
:10A1100080070AD580224C493948F6F7F5F83849C6
:10A12000802000F04BFB03202072A07AC0070AD0E9
:10A1300058223C493248F6F7E7F83149582000F0F8
:10A140003DFB04202072A07A63E73A4980228031E7
:10A150002B48F6F7D9F82A49802000F02FFB25720A
:10A160003AA0FBF791FB84F8018027E03649802272
:10A1700080312348F6F7C8F82149802000F01EFB03
:10A1800025720321617019E02A49802280311C4820
:10A19000F6F7BAF81A49802000F010FB2A4980220D
:10A1A00080311748F6F7B0F81549802000F006FB1B
:10A1B000257203E096F8260000F04EF899F800109A
:10A1C000012904D189F800B02582E57165720A2061
:10A1D000FCF728FEE1790029ECD0FFF75DB800001C
:10A1E0000A310A000A330A000A360A000A380A004D
:10A1F000420000200A350A000A370A0027C4000876
:10A200000B1000200A302D310A000000A7C50008FD
:10A21000417265613220416C61726D0A000000007C
:10A22000A7C60008F5C200084172656132206F6B55
:10A230000A0000003E0A0020417265613120416C35
:10A2400061726D0A000000003E0B002041726561E2
:10A2500031206F6B0A0000002DE9F04FCFB082462D
:10A26000FB4EFC2110A8F6F768F8FA4C5727DFF8E8
:10A27000E893627AC0200E2100254FF0AB0806F566
:10A28000B37B172A67D2DFE802F00CFBFAF9F8F784
:10A290006666666666666666666656697A9CBEDD52
:10A2A000FC004FF4FA60FCF7BDFD55208DF804006A
:10A2B000AA208DF805005A208DF80600E448FF23F7
:10A2C000032201A94038F9F7ABFA6420FCF7AAFD94
:10A2D000A571A5208DF80400DD48FF23012201A906
:10A2E0004038F9F79DFA6420FCF79CFDA07920B175
:10A2F000A571607A401C607215E0207B401CC0B2E2
:10A30000207305280FD92573A5718DF804708DF879
:10A3100005805E208DF80600CD48FF23032201A9A9
:10A320004038F9F77DFA99F80000022801D1102091
:10A3300060723220C0E08DF804708DF8058011261F
:10A340008DF806608DF807008DF808508DF80950DB
:10A35000402022E025734FB0BDE8F08F1226FF2089
:10A360008DF804708DF805808DF808008DF8066072
:10A370008DF809008DF807008DF80A500FE08DF870
:10A3800004708DF8058013268DF806608DF807009F
:10A390008DF808508DF8095001208DF80A00AC485E
:10A3A000FF23072201A94038F9F73AFA3220FCF7D7
:10A3B00039FDA07900287DD0A57189F8005066721A
:10A3C000C8E78DF804708DF8058015218DF806100A
:10A3D0008DF807008DF808508DF80950C9208DF8C8
:10A3E0000A009B48FF23072201A94038F9F718FA11
:10A3F0003220FCF717FDA0790028DCD0A57189F880
:10A400000050142003E18DF804708DF805801620AB
:10A410008DF8060041208DF807009C208DF808007B
:10A420008B48FF23052201A94038F9F7F9F93220BA
:10A43000FCF7F8FCA0790028BDD0A57189F8005080
:10A440001520E4E08DF804708DF805800D208DF85E
:10A4500006007F48FF23032201A94038F9F7E0F9FD
:10A460003220FCF7DFFCA0790028A4D0A57189F880
:10A4700000501620CBE004E0F7E0D2E0C9E046E06F
:10A480001DE08DF804708DF8058071488DF8061078
:10A49000FF23032201A94038F9F7C2F93220FCF763
:10A4A000C1FCA079002886D0A57189F8005065729A
:10A4B000257300E0B4E06420FCF7B4FC4BE78DF8B2
:10A4C00004708DF8058061208DF806006048A57144
:10A4D0007580FF23032201A94038F9F7A1F9642010
:10A4E000FCF7A0FC12215D48F5F727FFA07928B101
:10A4F000A5715A49701DF9F7FDFC86E0207B401CD0
:10A50000C0B2207365720528D8D9657222E78DF82C
:10A5100004708DF8058081208DF806004C48758008
:10A52000FF23032201A94038F9F77AF96420FCF7E8
:10A5300079FCA079002873D0A571707900220009F8
:10A54000FAF742F88BF812007079594600F00F00C4
:10A55000FAF73AF8C874B0790009FAF735F80875CF
:10A56000B07900F00F00FAF72FF84875F07900097C
:10A57000FAF72AF88875F07900F00F00FAF724F856
:10A58000C875307A0009FAF71FF80876307A00F0BB
:10A590000F00FAF719F84876707A0009FAF714F8FC
:10A5A0008876707A00F00F00FAF70EF8C876B07A65
:10A5B0000009FAF709F80877B07A00F00F00FAF707
:10A5C00003F84877002003233A26571CB7FBF3FC17
:10A5D00003FB1C7CBCF1000F08D001EB000C0A440B
:10A5E0009CF812C082F81FC0FAB20AE00A44D6777B
:10A5F000FAB20F1801EB020CBF7C521C8CF81F70D2
:10A60000D2B2401CC0B20C28DFD3607A401C60720A
:10A61000A0E68DF804708DF805808DF8061008E02E
:10A620001EE08DF804708DF805805E208DF8060020
:10A63000A5710748FF23032201A94038F9F7F0F874
:10A640006420FCF7EFFBA07950B1A571DDE70000B5
:10A65000380E0020820200206E0000209E0F002095
:10A66000207B401CC0B220734DE7F0212F48F5F746
:10A6700064FE2F492D48F5F798FE2C4A00205946D4
:10A680000B181518401C9B7CC0B285F83A300C287A
:10A69000F6D3284D00200A182B18401CD27FC0B2D8
:10A6A0005A721128F7D30A20BAFBF0F1BAFBF0F284
:10A6B00001F00F0100FB12A0303185F84D10303051
:10A6C00085F84E001320F6F721FDAA282BD0302064
:10A6D00085F862001848F5F74DFE82B2628216498D
:10A6E0001248F5F74EFE782212491048F5F749FE58
:10A6F0000E48F9F799FF0D48F5F73CFE80B26082ED
:10A7000000900C4810AB094A10211038FBF7B7FD38
:10A710000649628AFA3110A8F6F71EFE00F00EF81C
:10A720000120E07117E63120D2E700008407002005
:10A73000A7C70008A60200209E0F002070B51C4885
:10A74000F5F718FE85B229461948F6F76BFE06465E
:10A750003C2218491848F5F7D7FD174B0024A3F6FB
:10A760004B0001191A19641C91F83210E4B21171EE
:10A77000142CF6D3002003F8340F0F495870280A20
:10A780009870DD70302018715871300A9871DE7140
:10A79000FF233C22A1F2D710F9F742F82A46BDE880
:10A7A00070400349FF2301F27A50F9F739B80000ED
:10A7B0007E080020B8C20008CF0F002070B50E46FA
:10A7C00005463C2216491748F5F79EFD154C00201A
:10A7D000A4F64B010A182318401C92F83220C0B28C
:10A7E0001A711428F6D329463046F6F71BFE0021CD
:10A7F00004F8341FFF236170290AA170E570010A73
:10A80000A1710849E0713C22A1F2D710F9F708F8CC
:10A810002A463146BDE87040FF230348F9F700B8E7
:10A82000B8C20008CF0F0020F80D00200EB500229E
:10A8300009210520FCF788FB504E6D46306000234F
:10A840001A4669463068FCF73FFB002824D19DF882
:10A850000000082820D2DFE800F08D042034404FAB
:10A8600058894F20F6F752FC0746002428194178F2
:10A8700004EBC700503080B2F6F796FC1420FCF7CA
:10A88000D1FA641C082CF1DB7F1CF9B2642900D1D9
:10A8900000214F20F6F75EFC6CE09DF801101020BF
:10A8A000F6F782FC1420FCF7BDFA9DF80210112087
:10A8B000F6F77AFC1420FCF7B5FA9DF80310122085
:10A8C0001DE09DF801102020F6F76EFC1420FCF727
:10A8D000A9FA9DF80210212011E0002428194178DE
:10A8E00004F13000F6F760FC1420FCF79BFA641CBE
:10A8F000E4B2052CF2D33DE09DF801100120F6F7FB
:10A9000053FC1420FCF78EFA34E09DF8011029B1B5
:10A910001420F6F749FC1420FCF784FA9DF8021085
:10A9200069B11120F6F740FC1420FCF77BFA9DF882
:10A9300002101220F6F738FC1420FCF773FA9DF889
:10A94000031029B11620F6F72FFC1420FCF76AFA41
:10A950009DF8041029B11320F6F726FC1420FCF70B
:10A9600061FA9DF8051029B11520C8E79DF801107E
:10A970001720C4E70A20FCF755FA60E73C000020E6
:10A980001CB537480168374A914207D1502080F3FF
:10A990001188BFF34F8FBFF36F8FFEE70068314917
:10A9A000491E884207D1502080F31188BFF34F8F92
:10A9B000BFF36F8FFEE72C4908780190FF200870E5
:10A9C00008788DF800009DF800009DF8002000F048
:10A9D000F000904207D0502080F31188BFF34F8FD2
:10A9E000BFF36F8FFEE79DF80000204B00F0500092
:10A9F00018700720986005E09DF8002052008DF83F
:10AA00000020401E9DF800201206F5D4986003280F
:10AA100007D0502080F31188BFF34F8FBFF36F8FA3
:10AA2000FEE74FF440709860019808700C482030A1
:10AA3000016841F470010160016841F070410160FA
:10AA4000FDF7BAF900205860F5F7CCFB084801681B
:10AA500041F040410160F5F7B1FB00201CBD000052
:10AA600000ED00E071C20F4100E400E0340400207A
:10AA700034EF00E0F8B517460E46050014D0DEB1FD
:10AA800005FB06F05030FCF7F7FE04000AD000206A
:10AA900084F8460004F150023B46314628460094B3
:10AAA000FCF79CFC2046F8BD502080F31188BFF3D2
:10AAB0004F8FBFF36F8FFEE70020E3E738B5049DAB
:10AAC00018B153B1CAB181B120E0502080F3118890
:10AAD000BFF34F8FBFF36F8FFEE7502080F31188D5
:10AAE000BFF34F8FBFF36F8FFEE7502080F31188C5
:10AAF000BFF34F8FBFF36F8FFEE739B1502080F364
:10AB00001188BFF34F8FBFF36F8FFEE750241C46B1
:10AB1000012384F846302B460094FCF75FFC204666
:10AB200038BD000070B50D46040025D0FDF7E2F8F1
:10AB3000D4E90F20216802FB0011A1600021A1636C
:10AB4000216861600A46D4E90F01401E00FB012123
:10AB5000E16021464FF0FF3001F8440F487004F1E6
:10AB600010008DB1FDF794F804F12400FDF790F882
:10AB7000FDF7E0F8012070BD502080F31188BFF38D
:10AB80004F8FBFF36F8FFEE721690029F0D000F0EF
:10AB900037FF0028ECD004494FF080500860BFF325
:10ABA0004F8FBFF36F8FE3E704ED00E02DE9FF4720
:10ABB00082B01D468A464FF00008040003D0BAF167
:10ABC000000F08D011E0502080F31188BFF34F8FA1
:10ABD000BFF36F8FFEE7206C38B1502080F31188EF
:10ABE000BFF34F8FBFF36F8FFEE7022D0AD1E06BEB
:10ABF000012807D0502080F31188BFF34F8FBFF397
:10AC00006F8FFEE700F044FE3F4F4FF000094FF01A
:10AC1000805648B9049838B1502080F31188BFF3AA
:10AC20004F8FBFF36F8FFEE7FDF764F8A06BE16B0A
:10AC3000884207D3022D05D00498D0B1B8F1000F97
:10AC40001AD01EE02A4651462046FCF720FB616AD6
:10AC500019B104F1240000F0D3FE20B13E60BFF32F
:10AC60004F8FBFF36F8FFDF765F8012006B0BDE889
:10AC7000F087FDF75FF822E06846FDF735F94FF001
:10AC80000108FDF757F8FDF7B5F9FDF733F894F92A
:10AC90004400401C01D184F8449094F94500401CC4
:10ACA00001D184F84590FDF745F804A9684600F005
:10ACB0005DFD30B12046FCF7A9FD00F0D9FE002073
:10ACC000D4E7FDF717F8A06BE16B884213D1FDF7CD
:10ACD00031F804F110000499FDF714F92046FCF74F
:10ACE00095FD00F0C5FE00289ED13E60BFF34F8F5A
:10ACF000BFF36F8F98E7FDF71DF82046FCF786FD40
:10AD000000F0B6FE90E7000004ED00E02DE9F0470A
:10AD10001F4690468946040003D0B9F1000F08D0C1
:10AD200011E0502080F31188BFF34F8FBFF36F8F76
:10AD3000FEE7206C38B1502080F31188BFF34F8FAD
:10AD4000BFF36F8FFEE7022F0AD1E06B012807D017
:10AD5000502080F31188BFF34F8FBFF36F8FFEE752
:10AD6000FDF73CF85020EFF3118680F31188BFF314
:10AD70004F8FBFF36F8FA06BE16B884206D3022F1A
:10AD800004D0002086F31188BDE8F08794F945507F
:10AD90003A4649462046FCF77AFA681C04D06D1CF6
:10ADA00084F845500120EDE7606A0028FAD004F1EC
:10ADB000240000F025FE0028F4D0B8F1000FF1D0F7
:10ADC0000121C8F80010EDE72DE9F747002683B010
:10ADD0008A46040003D0BAF1000F08D011E05020D9
:10ADE00080F31188BFF34F8FBFF36F8FFEE7206CA6
:10ADF00038B1502080F31188BFF34F8FBFF36F8FAE
:10AE0000FEE700F045FDDFF8F4804FF000094FF059
:10AE1000805748B9059838B1502080F31188BFF3A6
:10AE20004F8FBFF36F8FFEE7FCF764FFA56BC5B1D3
:10AE300051462046FCF718FA6D1EA563206950B1F3
:10AE400004F1100000F0DCFD28B1C8F80070BFF379
:10AE50004F8FBFF36F8FFCF76DFF012006B0BDE889
:10AE6000F087059808B11EB106E0FCF763FF27E004
:10AE70006846FDF739F80126FCF75CFFFDF7BAF8E4
:10AE8000FCF738FF94F94400401C01D184F8449049
:10AE900094F94500401C01D184F84590FCF74AFF25
:10AEA00005A9684600F062FC002820460AD0FCF79D
:10AEB000ADFC00F0DDFD2046FCF73CFB0028B3D0E4
:10AEC0000020CBE7FCF736FB90B104F12400059994
:10AED000FDF718F82046FCF799FC00F0C9FD0028A2
:10AEE000A2D1C8F80070BFF34F8FBFF36F8F9BE7FD
:10AEF0002046FCF78BFC00F0BBFD95E704ED00E07D
:10AF00002DE9F04790468946040003D0B9F1000FBF
:10AF100008D011E0502080F31188BFF34F8FBFF3AA
:10AF20006F8FFEE7206C38B1502080F31188BFF39B
:10AF30004F8FBFF36F8FFEE7FCF750FF5020EFF30A
:10AF4000118680F31188BFF34F8FBFF36F8FA76B0C
:10AF5000F7B194F9445049462046FCF785F97F1E25
:10AF6000A763681C04D06D1C84F84450012010E0D5
:10AF700020690028FAD004F1100000F041FD0028FB
:10AF8000F4D0B8F1000FF1D00121C8F80010EDE7BE
:10AF9000002086F31188BDE8F087000088B0002704
:10AFA0003A4605210220FBF7CFFFDFF80C84002290
:10AFB0004446C8F8140007210220FBF7C5FFA06132
:10AFC00000260422FD49FE48F6F780FEFB490422D4
:10AFD0001031FC48F6F77AFEF84C41F2941BB0347D
:10AFE00004F10A0004F13C05069005F10A004FF453
:10AFF0007A7AB14605907F1CBFB241F28830874211
:10B0000000D95F4600231A4601A9D8F81400FBF7BF
:10B010005BFFE0BB9DF80420D0071AD0012121700E
:10B020009DF80700E84BA0711B5CA380E64BA4339E
:10B0300033F81030A386E44BE0714C33185C207277
:10B04000607808B94FF4FA676170012688F800103B
:10B0500006E084F8009084F8079084F808900126B0
:10B0600090071CD5012129709DF80800D64AD64BBF
:10B07000A871125CA433AA8033F81030AB86D24B8F
:10B08000E8714C33185C2872687818B900E018E051
:10B090004FF4FA67697088F80110A28005E085F81E
:10B0A000079085F8089085F800909DF8050084F8D1
:10B0B000360085F836009DF8060084F8370085F8DC
:10B0C0003700607810B9697800297DD0618801293E
:10B0D00015D0A28891421CD118B10220607684F864
:10B0E0001890687818B185F81890022068760022C8
:10B0F0004FF40061B548F7F731F9012214E008B1C7
:10B1000001206076687808B1012068760122D102BA
:10B110000CE00A3291420DD108B1042060766878C3
:10B1200008B10420687600224FF48051A748F7F751
:10B1300015F94CE25145FCD15F45FAD300287CD08B
:10B14000F5F7D0F8062190FBF1F201FB120010F0A8
:10B15000FF01404688F804100AD001290AD00229CC
:10B160000BD003290CD0042902D005290BD00DE007
:10B17000A1790AE0A179491C07E0A179891C04E0C2
:10B18000A179491E01E0A179891EE1718E49A27958
:10B190004C31895C2172217819B984F8079084F8C0
:10B1A00008906189C9086181A189C908A181E189E3
:10B1B000C908E181218AC90821820178A1B3491C0B
:10B1C000C9B20170022900E01EE205D0032903D0B4
:10B1D000042929D188F800900698F6F701F8774AF3
:10B1E000A1792032525C801AA0860E290DD80698CB
:10B1F000F5F7F6FFB8F80A10884206D90698F5F771
:10B20000EFFFB8F80610401AA0866B4861891C3021
:10B210000180A1894180E1898180218AC18098F8DB
:10B2200000106BA0FAF730FB63481C30C188009116
:10B230008388428801886EA000E07AE0FAF724FB58
:10B24000208A0090E389A28961896DA0FAF71CFB2E
:10B25000A18E74A0FAF718FBF6F718F9B8B3F6F751
:10B26000F7F8E0B114F8300F401CC1B2217075A09E
:10B27000FAF70AFB14F8060B14F8361988424ED375
:10B28000012084F83800022084F8390084F8301056
:10B290005220207246F0010684F807903FE094F8AF
:10B2A0003100401CC1B284F8311094F8360081425C
:10B2B00035D3012184F8381084F8391084F831002E
:10B2C00084F8089084F8079046F0020627E0FFE72C
:10B2D00094F83700AA2802D1F6F7F6F8F8B994F8EE
:10B2E0003800012802D1812084F83800000610D5EA
:10B2F00094F83300401CC0B284F8330002280AD30B
:10B3000084F8339084F8389084F8399046F0040635
:10B3100001E046F0080684F8309084F83190A4F8F3
:10B320001090A4F80E90A4F80C90A4F80A90C4F819
:10B330001490687800283DD0F4F7D4FF062190FBE4
:10B34000F1F201FB120010F0FF01404688F80410F2
:10B350000AD001290AD002290BD003290CD00429D4
:10B3600002D005290BD00DE0A9790AE0A979491C82
:10B3700007E0A979891C04E0A979491E01E0A979AF
:10B38000891EE9711049AA794C31895C29722978A2
:10B3900019B985F8079085F808906989C908698105
:10B3A000A989C908A981E989C908E981298AC9083F
:10B3B000298257E00BE10000400000201406002025
:10B3C0004804002090040020D4BC00080010024073
:10B3D000446566417265613153656C66537475648A
:10B3E00079466C61672069732025640A00000000BB
:10B3F0003A2025642025642025642025640A000065
:10B400002020202020202020205232205231205481
:10B41000322054313A2025642025642025642025DB
:10B42000640A00002F2F44656641726561312E4128
:10B430006C61726D566F6C74616765203D20256488
:10B440000A000000646566656E636520617265616F
:10B45000203120616C61726D2074696D65202564F6
:10B4600000000000417881B3491CC9B24170022933
:10B4700005D0032903D0042927D188F80190059825
:10B48000F5F7AEFEA979904A525C801AA8860E297B
:10B490000DD80598F5F7A4FEB8F80C10884206D927
:10B4A0000598F5F79DFEB8F80810401AA886874859
:10B4B00069890180A9894180E9898180298AC180BF
:10B4C00098F8011082A0FAF7DFF98048C18800914E
:10B4D00083884288018886A0FAF7D6F9288A0090E6
:10B4E000EB89AA89698989A0FAF7CEF9A98E8EA07D
:10B4F000FAF7CAF9F6F72AF8B8B3F6F709F8E0B19F
:10B5000015F8300F401CC1B229708FA0FAF7BCF9B2
:10B5100015F8060B15F8361988424ED3012085F828
:10B520003800022085F8390085F830105220287242
:10B5300085F8079046F010063FE095F83100401C72
:10B54000C1B285F8311095F83600814235D301211A
:10B5500085F8381085F8391085F8310085F808909D
:10B5600085F8079046F0200627E0FFE795F83700BA
:10B57000AA2802D1F6F708F8F8B995F8380001289A
:10B5800002D1812085F83800000610D595F83300E7
:10B59000401CC0B285F8330002280AD385F83390E6
:10B5A00085F8389085F8399046F0400601E046F07D
:10B5B000800685F8309085F83190A5F81090A5F8B0
:10B5C0000E90A5F80C90A5F80A90C5F81490608824
:10B5D000401C80B2608050452FD901206080607887
:10B5E00038B1207828B984F8019084F8389084F82C
:10B5F0003990687808B32878F8B985F8019085F80B
:10B60000389085F8399018E001206080C10200224E
:10B610005548F6F7A3FE00224FF480515248F6F742
:10B620009DFE607818B184F8079084F808906878D7
:10B6300018B185F8079085F80890F6B198F80210CF
:10B64000012961781DD08DF80C1094F838108DF810
:10B650000D1094F8391001F00F018DF80E10E179FA
:10B660008DF80F10217A8DF8111000231A4603A9C6
:10B67000D8F81800FBF7A2FC00260120FBF7D2FB4C
:10B68000B9E46A7841EA42018DF80C1094F8382048
:10B6900095F8381042EA41018DF80D1095F83920DF
:10B6A00094F8391062F31F118DF80E10E1798DF8BE
:10B6B0000F10E9798DF81010217A8DF81110297A80
:10B6C0008DF81210D1E700007B06002064000020F6
:10B6D000446566417265613253656C665374756486
:10B6E00079466C61672069732025640A00000000B8
:10B6F00020202020202020202020203A20256420E7
:10B7000025642025642025640A000000523420525C
:10B71000332054342054333A2025642025642025D6
:10B72000642025640A0000002F2F4465664172657D
:10B7300061322E416C61726D566F6C746167652069
:10B740003D2025640A000000646566656E6365201F
:10B7500061726561203220616C61726D2074696D67
:10B760006520256400000000001002402DE9F04132
:10B770000C46050011D0C4B1FCF7BCFA174B5A694E
:10B780006E682068911B471C17D02F689B6A9F42E8
:10B7900019D0964217D8012410E0502080F3118868
:10B7A000BFF34F8FBFF36F8FFEE7502080F31188F8
:10B7B000BFF34F8FBFF36F8FFEE70024FCF7BAFA99
:10B7C0002046BDE8F081884205D9401A206028460D
:10B7D000FCF78AFBF1E700202060DCE7C8030020CB
:10B7E0002DE9FF5F8346DDE90E87994616468A46B6
:10B7F0009000FCF741F805001CD05C20FCF73CF8F9
:10B80000040014D00020256384F85900CDE90240DB
:10B81000CDE900874B46324651465846FBF7F0FDCE
:10B820002046FBF78DFC012004B0BDE8F09F2846C0
:10B83000FCF794FA4FF0FF30F6E7F0B585B0DDE99C
:10B840000B640A9DA6B1DCB15C2700972663022633
:10B8500084F85960002604AFCDE90246CDE90057CF
:10B86000FBF7CEFD2046FBF76BFC049805B0F0BD5E
:10B87000502080F31188BFF34F8FBFF36F8FFEE727
:10B88000502080F31188BFF34F8FBFF36F8FFEE717
:10B890000548C16919B1806B18B1002070470120BB
:10B8A0007047022070470000C8030020014840692B
:10B8B00070470000C80300202DE9F0412E4C0027FE
:10B8C000A06B40B1206A401C2062606A00B1012771
:10B8D0003846BDE8F0816669761C666113D1606800
:10B8E000006838B1502080F31188BFF34F8FBFF349
:10B8F0006F8FFEE76068A1686160A060A06A401C6D
:10B90000A062FBF703FF206BDFF87080864209D34B
:10B910006068006880B16068C068C5686868864211
:10B920000DD220632068C06A00EB800158F8210026
:10B930000128CAD90127C8E74FF0FF30F1E7281DD9
:10B94000FCF76CF8A86A18B105F11800FCF766F866
:10B95000E86AA169884200D9A06100EB800108EB88
:10B960008100291DFCF7BAF9E86A2168C96A884292
:10B97000CED30127CCE70000C803002064120020CA
:10B9800070B504004FF0000133D01B4D286884428D
:10B9900007D0502080F31188BFF34F8FBFF36F8F14
:10B9A000FEE7206D38B1401E2065E36CE26A9A42E2
:10B9B0001FD040B11DE0502080F31188BFF34F8F9E
:10B9C000BFF36F8FFEE7201DFCF728F8E06CE06204
:10B9D000C0F13800A061E06AA969884200D9A86175
:10B9E000064900EB800001EB8000211DFCF776F991
:10B9F0000121084670BD0000C80300206412002029
:10BA000070B5C068C46854B104F118000646FCF76C
:10BA100005F8144DA86B50B13146134815E050207D
:10BA200080F31188BFF34F8FBFF36F8FFEE7201DA8
:10BA3000FBF7F4FFE06AA969884200D9A8610B49C5
:10BA400000EB800001EB8000211DFCF747F9E06A64
:10BA50002968C96A884202D90120686270BD002045
:10BA600070BD0000C8030020EC1600206412002006
:10BA70002DE9F0472C4D00242746A86B38B1FCF780
:10BA800039F9A86B401EA863A86B40B146E050206E
:10BA900080F31188BFF34F8FBFF36F8FFEE72969E3
:10BAA000224E0120D1B3A6F5916980463068E0B1FD
:10BAB000F068C46804F11800FBF7B0FF201DFBF725
:10BAC000ADFFE06AA969884200D9A86100EB800156
:10BAD00009EB8100211DFCF701F9E06A2968C96AB8
:10BAE0008842E3D3C5F82480E0E70CB1FBF70EFEF3
:10BAF0002C6A4CB14FEA0806FFF7DEFE00B16E6219
:10BB0000641EF9D100202862686A38B1084901270B
:10BB100038070860BFF34F8FBFF36F8FFCF70AF948
:10BB20003846BDE8F0870000C8030020EC1600206E
:10BB300004ED00E010B586B0FBF76AFB114CA0687D
:10BB4000B8B100200390049005AA04A903A8FBF74C
:10BB500083FFDDE9032102208DE8070000230AA10D
:10BB60000B48059AFFF769FEE06010B106B00120AE
:10BB700010BD502080F31188BFF34F8FBFF36F8F3C
:10BB8000FEE7000004040020546D72205376630029
:10BB9000E97700082DE9FF411E46134602000A9D81
:10BBA0004FF0000016D0144CA768002F0FD0CDE93D
:10BBB00000130292062917DAFFF76AFE02284FF0F7
:10BBC00000030FD000226946A068FEF7EFFF04B023
:10BBD000BDE8F081502080F31188BFF34F8FBFF391
:10BBE0006F8FFEE72A46EEE7002332466946384665
:10BBF000FFF78CF8EBE700000404002064CC000899
:10BC00000000000000000000000000000000000034
:10BC1000000200001800000000000000000000000A
:10BC20007CCC0008000000000000000000000000C4
:10BC300000000000000400001D00000000000000E3
:10BC40000000000058CC00080000000000000000C8
:10BC50000000000000000000002000001C000000A8
:10BC6000000000000000000088CC00080000000078
:10BC700000000000000000000000000000020000C2
:10BC80001A000000000000000000000070CC000856
:10BC900000000000000000000000000000000000A4
:10BCA0000002000019000000000000000000000079
:10BCB00094CC00080000000000000000000000001C
:10BCC000000000000008000020000000000000004C
:10BCD0000000000000050505050505050514141400
:10BCE0001414141D1E202123242627292A2C2D2F2D
:10BCF000303233353638393B3C3E3F41424446478B
:10BD0000494B4E505356595C5E60626466686A6C7B
:10BD10006E707274767878787878787878787878C1
:10BD200000060708090A0B0C0D0E0F101112131450
:10BD300015161718191A1B1C1D1E1F20212223243B
:10BD400025262728292A2B2C2D2E2F30313233342B
:10BD5000353637383C3D3E3F4041424344454647F7
:10BD600048494A4B4C4D4E4F5051525354555657DB
:10BD700058595A5B5C5D5E5F00000F000F000F00BA
:10BD800014001900190019001E0078007D008200BF
:10BD900087008C0091009600A000AA00B400BE00AD
:10BDA000C800E600FA0004010E012C013101360141
:10BDB0003B0140014A0154015E01630168017201C7
:10BDC00077017C0181018601900190019001900131
:10BDD0009001900190019001900190019001B301B8
:10BDE000B301B301B301B301B301B301B301B301B3
:10BDF000B301B301B301BD01BD01BD01BD01BD0171
:10BE0000BD01BD01BD01BD01BD01BD01BD01BD0142
:10BE1000BD01BD01BD01BD01BD01000F0F0F141912
:10BE2000191982DCDCDCDCDCDCB3B3B3B4B4B4B44D
:10BE3000B4A6A6A6A6A697979797978D8D8D8D8D5C
:10BE4000919191919167676767676E6E6E6E6E6B89
:10BE50006B6B6B6B68686868687474747474747402
:10BE600074000F0F0F1419191978D0D0D0D0D0D07A
:10BE7000B3B3B3B4B4B4B4B4A6A6A6A6A697979722
:10BE800097978D8D8D8D8D91919191919696969696
:10BE9000967D7D7D7D7D73737373736F6F6F6F6F31
:10BEA0007474747474747474000F0F0F1419191966
:10BEB00082DCDCDCDCDCDCB3B3B3B4B4B4B4B4A695
:10BEC000A6A6A6A697979797978D8D8D8D8D919104
:10BED00091919167676767676E6E6E6E6E6B6B6B45
:10BEE0006B6B6868686868747474747474747400D4
:10BEF0000F0F0F1419191978D0D0D0D0D0D0B3B3F8
:10BF0000B3B4B4B4B4B4A6A6A6A6A69797979797C9
:10BF10008D8D8D8D8D919191919196969696967D20
:10BF20007D7D7D7D73737373736F6F6F6F6F7474CB
:10BF3000747474747474000F0F0F1419191982DC5F
:10BF4000DCDCDCDCDCB3B3B3B4B4B4B4B4A6A6A616
:10BF5000A6A697979797978D8D8D8D8D919191919D
:10BF60009167676767676E6E6E6E6E6B6B6B6B6B00
:10BF700068686868687474747474747474000F0FFB
:10BF80000F1419191978D0D0D0D0D0D0B3B3B3B41E
:10BF9000B4B4B4B4A6A6A6A6A697979797978D8D86
:10BFA0008D8D8D919191919196969696967D7D7DB0
:10BFB0007D7D73737373736F6F6F6F6F747474744D
:10BFC00074747474000F0F0F1419191982DCDCDCFF
:10BFD000DCDCDCB3B3B3B4B4B4B4B4A6A6A6A6A6F2
:10BFE00097979797978D8D8D8D8D91919191916761
:10BFF000676767676E6E6E6E6E6B6B6B6B6B686898
:10C000006868687474747474747474000F0F0F1417
:10C0100019191978D0D0D0D0D0D0B3B3B3B4B4B448
:10C02000B4B4A6A6A6A6A697979797978D8D8D8D43
:10C030008D919191919196969696967D7D7D7D7D3F
:10C0400073737373736F6F6F6F6F747474747474CE
:10C050007474FD0DDB9F2FB7F78DFFBFFB0BBD9FEA
:10C060004FDEFE1BFFDFF303B59747D6F613F7D776
:10C0700000000001000000020000000400000008B1
:10C0800000000010000000200000004000000080C0
:10C090000000001B00000036020301010102030141
:10C0A00001010203030101020E0B0D09090E0B0D24
:10C0B0000D090E0B0B0D090E0000211042206330FC
:10C0C0008440A550C660E770088129914AA16BB1F0
:10C0D0008CC1ADD1CEE1EFF1311210027332522298
:10C0E000B5529442F772D662399318837BB35AA340
:10C0F000BDD39CC3FFF3DEE3622443342004011468
:10C10000E664C774A44485546AA54BB5288509958F
:10C11000EEE5CFF5ACC58DD5533672261116300637
:10C12000D776F6669556B4465BB77AA719973887DF
:10C13000DFF7FEE79DD7BCC7C448E5588668A778F7
:10C140004008611802282338CCC9EDD98EE9AFF92F
:10C15000488969990AA92BB9F55AD44AB77A966AD7
:10C16000711A500A333A122AFDDBDCCBBFFB9EEB7F
:10C17000799B588B3BBB1AABA66C877CE44CC55CA7
:10C18000222C033C600C411CAEED8FFDECCDCDDDCF
:10C190002AAD0BBD688D499D977EB66ED55EF44E77
:10C1A000133E322E511E700E9FFFBEEFDDDFFCCF1F
:10C1B0001BBF3AAF599F788F8891A981CAB1EBA173
:10C1C0000CD12DC14EF16FE18010A100C230E320EF
:10C1D0000450254046706760B9839893FBA3DAB397
:10C1E0003DC31CD37FE35EF3B1029012F322D2323F
:10C1F0003542145277625672EAB5CBA5A895898567
:10C200006EF54FE52CD50DC5E234C324A01481048E
:10C210006674476424540544DBA7FAB79987B89736
:10C220005FE77EF71DC73CD7D326F2369106B016DE
:10C2300057667676154634564CD96DC90EF92FE9F6
:10C24000C899E9898AB9ABA944586548067827682E
:10C25000C018E1088238A3287DCB5CDB3FEB1EFBD6
:10C26000F98BD89BBBAB9ABB754A545A376A167A7E
:10C27000F10AD01AB32A923A2EFD0FED6CDD4DCDA6
:10C28000AABD8BADE89DC98D267C076C645C454CCE
:10C29000A23C832CE01CC10C1FEF3EFF5DCF7CDF76
:10C2A0009BAFBABFD98FF89F176E367E554E745E1E
:10C2B000932EB23ED10EF01E484B3031303030302C
:10C2C000303030303030303030303030303030306E
:10C2D000303030303030303030303030303030305E
:10C2E000303030303030303031313131303030304A
:10C2F0003030303000777A4353624E6F396E436787
:10C30000656B4B33704834664B487A4F4445344D27
:10C31000664B4F44354B4E515331616569597272CA
:10C320007365544A4D5974792F6F4B424D44774A87
:10C330007556526B364A676E37317575773570644E
:10C340004674635A595156507669673D3D00777A75
:10C350004353624E6F396E4367656B4B337048349D
:10C36000664B487A4F4445344D664B4F44354B4EEF
:10C370005153316165695972727365544A4D5974EC
:10C38000792F6F4B424D44774A7556526B36435264
:10C390004E5548784C303362556A6B2F4B34657775
:10C3A00038556D513D3D00777A4353624E6F396E7B
:10C3B0004367656B4B33704834664B48374C514B81
:10C3C0006D353674362B4355654C4A64496B643978
:10C3D0007968584F7A516F3046396D394C6E646FB9
:10C3E0006644316E4B39396338745250446944762F
:10C3F000314733563275363366714B4C4E354133C7
:10C40000377A646D3441465A51744859465A5341FB
:10C41000416D42774C4269614D5A3166476B3355E5
:10C42000334B4A7438684B777A4353624E6F396E98
:10C430004367656B4B33704834664B48374C514B00
:10C440006D353674362B4355654C4A64496B6439F7
:10C450007968584F7A516F3046396D394C6E646F38
:10C460006644316E4B3939633874525044694476AE
:10C47000314733563275363366714B4C484275300E
:10C480006159774734316D6356644B73635650730B
:10C49000483642774C4269614D5A3166476B335595
:10C4A000334B4A7438684B777A4353624E6F396E18
:10C4B0004367656B4B33704834664B48374C514B80
:10C4C0006D353674362B4355654C4A64496B643977
:10C4D0007968584F7A516F3046396D394C6E646FB8
:10C4E0006644316E4B39396338745250446944762E
:10C4F000314733563275363366714B4C4E573142A5
:10C500002B38742F3768743234647657573047703D
:10C51000464742774C4269614D5A3166476B335505
:10C52000334B4A7438684B777A4353624E6F396E97
:10C530004367656B4B33704834664B48374C514BFF
:10C540006D353674362B4355654C4A64496B6439F6
:10C550007968584F7A516F3046396D394C6E646F37
:10C560006644316E4B3939633874525044694476AD
:10C57000314733563275363366714B4C4E35413345
:10C58000377A646D3441465A51744859465A53417A
:10C59000416D3035616C4263722B51652B423535EC
:10C5A0004D4C6261665A74777A4353624E6F396EAE
:10C5B0004367656B4B33704834664B48374C514B7F
:10C5C0006D353674362B4355654C4A64496B643976
:10C5D0007968584F7A516F3046396D394C6E646FB7
:10C5E0006644316E4B39396338745250446944762D
:10C5F000314733563275363366714B4C484275308D
:10C600006159774734316D6356644B736356507389
:10C6100048363035616C4263722B51652B4235359B
:10C620004D4C6261665A74777A4353624E6F396E2D
:10C630004367656B4B33704834664B48374C514BFE
:10C640006D353674362B4355654C4A64496B6439F5
:10C650007968584F7A516F3046396D394C6E646F36
:10C660006644316E4B3939633874525044694476AC
:10C67000314733563275363366714B4C4E57314223
:10C680002B38742F376874323464765757304770BC
:10C6900046473035616C4263722B51652B4235350C
:10C6A0004D4C6261665A74777A4353624E6F396EAD
:10C6B0004367656B4B33704834664B48374C514B7E
:10C6C0006D353674362B4355654C4A64496B643975
:10C6D0007968584F7A516F3046396D394C6E646FB6
:10C6E0006644316E4B39396338745250446944762C
:10C6F000314733563275363366714B4C4E354133C4
:10C70000377A646D3441465A51744859465A5341F8
:10C71000416E536C686D4F5162336B56524A694794
:10C7200073585634366C2B777A4353624E6F396E9A
:10C730004367656B4B33704834664B48374C514BFD
:10C740006D353674362B4355654C4A64496B6439F4
:10C750007968584F7A516F3046396D394C6E646F35
:10C760006644316E4B3939633874525044694476AB
:10C77000314733563275363366714B4C4E57314222
:10C780002B38742F376874323464765757304770BB
:10C790004648536C686D4F5162336B56524A694735
:10C7A00073585634366C2B7B22436F6D6D616E640B
:10C7B000223A22434F4D5F4445565F524547495305
:10C7C000544552222C2244617461223A7B226465D2
:10C7D000766963654944223A22313030333230324F
:10C7E00030303046463831393932463439222C22FD
:10C7F0006D616E756661637475726572223A22317D
:10C80000303033222C226970223A220000000000CE
:10C810000000000000000000000000000000000018
:10C820000000000000000000000000000000000008
:10C8300000000000000000000000000000000000F8
:10C8400000000000000000000000000000000000E8
:10C8500000000000000000000000000000000000D8
:10C8600000000000000000000000000000000000C8
:10C8700000000000000000000000000000000000B8
:10C8800000000000000000000000000000000000A8
:10C890000000000000000000000000000000000098
:10C8A0000000000000000000000000000000000088
:10C8B00000000000000000003E000000000000003A
:10C8C00000000000000000003F00000034000000F5
:10C8D000350000003600000037000000380000007E
:10C8E000390000003A0000003B0000003C0000005E
:10C8F0003D000000000000000000000000000000FB
:10C900000000000000000000000000000000000027
:10C910000000000001000000020000000300000011
:10C9200004000000050000000600000007000000F1
:10C9300008000000090000000A0000000B000000D1
:10C940000C0000000D0000000E0000000F000000B1
:10C950001000000011000000120000001300000091
:10C960001400000015000000160000001700000071
:10C970001800000019000000000000000000000086
:10C9800000000000000000000000000000000000A7
:10C990001A0000001B0000001C0000001D00000029
:10C9A0001E0000001F000000200000002100000009
:10C9B00022000000230000002400000025000000E9
:10C9C00026000000270000002800000029000000C9
:10C9D0002A0000002B0000002C0000002D000000A9
:10C9E0002E0000002F000000300000003100000089
:10C9F000320000003300000000C1814001C08041CE
:10CA000001C0804100C1814001C0804100C181401E
:10CA100000C1814001C0804101C0804100C181400E
:10CA200000C1814001C0804100C1814001C08041FE
:10CA300001C0804100C1814001C0804100C18140EE
:10CA400000C1814001C0804100C1814001C08041DE
:10CA500001C0804100C1814000C1814001C08041CE
:10CA600001C0804100C1814001C0804100C18140BE
:10CA700000C1814001C0804101C0804100C18140AE
:10CA800000C1814001C0804100C1814001C080419E
:10CA900001C0804100C1814000C1814001C080418E
:10CAA00001C0804100C1814001C0804100C181407E
:10CAB00000C1814001C0804100C1814001C080416E
:10CAC00001C0804100C1814001C0804100C181405E
:10CAD00000C1814001C0804101C0804100C181404E
:10CAE00000C1814001C0804100C1814001C080413E
:10CAF00001C0804100C1814000C0C101C30302C226
:10CB0000C60607C705C5C404CC0C0DCD0FCFCE0E8D
:10CB10000ACACB0BC90908C8D81819D91BDBDA1AFD
:10CB20001EDEDF1FDD1D1CDC14D4D515D71716D66D
:10CB3000D21213D311D1D010F03031F133F3F232DD
:10CB400036F6F737F53534F43CFCFD3DFF3F3EFE4D
:10CB5000FA3A3BFB39F9F83828E8E929EB2B2AEABD
:10CB6000EE2E2FEF2DEDEC2CE42425E527E7E6262D
:10CB700022E2E323E12120E0A06061A163A3A2629D
:10CB800066A6A767A56564A46CACAD6DAF6F6EAE0D
:10CB9000AA6A6BAB69A9A86878B8B979BB7B7ABA7D
:10CBA000BE7E7FBF7DBDBC7CB47475B577B7B676ED
:10CBB00072B2B373B17170B050909151935352925D
:10CBC00096565797559594549C5C5D9D5F9F9E5ECD
:10CBD0005A9A9B5B99595898884849894B8B8A4A3D
:10CBE0004E8E8F4F8D4D4C8C4484854587474686AD
:10CBF00082424383418180400006101600061016D1
:10CC000000000000000000000102030406070809FC
:10CC10000000000001020304DDDDDDDDDCBBBBDD67
:10CC2000DDDDDDDDDDDDDDDD9888888888888888CC
:10CC300077777777778888888555555666666666EC
:10CC400066666666666888888333333222222222CB
:10CC5000222222222228888D7561727454435054F6
:10CC600061736B006C6F6769635461736B000000E4
:10CC7000656570726F6D5461736B000075617274DD
:10CC80005461736B00000000646973706C617954C7
:10CC900061736B0070756C73655461736B00000099
:10CCA0004142434445464748494A4B4C4D4E4F50FC
:10CCB0005152535455565758595A616263646566C8
:10CCC0006768696A6B6C6D6E6F707172737475767C
:10CCD0007778797A303132333435363738392B2F0B
:10CCE00000000000777A4353624E6F396E436765E8
:10CCF0006B4B33704834664B48374C514B6D35366F
:10CD000074362B4355654C4A64496B6439796858CD
:10CD10004F7A516F3046396D394C6E646F664431CD
:10CD20006E4B393963387452504469447631473315
:10CD3000563275363366714B4C4E5731422B387430
:10CD40002F3768743234647657573047704645350C
:10CD500077345435505130794D4D35776D306946C3
:10CD60006E46713500000000777A4353624E6F398A
:10CD70006E4367656B4B33704834664B48374C5194
:10CD80004B6D353674362B4355654C4A64496B649C
:10CD9000397968584F7A516F3046396D394C6E6425
:10CDA0006F6644316E4B393963387452504469446C
:10CDB00076314733563275363366714B4C4E3541BA
:10CDC00033377A646D3441465A51744859465A5340
:10CDD00041416B3577345435505130794D4D35776D
:10CDE0006D3069466E46713500000000777A435316
:10CDF000624E6F396E4367656B4B33704834664BD8
:10CE000048374C514B6D353674362B4355654C4A7B
:10CE100064496B64397968584F7A516F3046396D7F
:10CE2000394C6E646F6644316E4B393963387452D5
:10CE30005044694476314733563275363366714B08
:10CE40004C484275306159774734316D6356644BB5
:10CE500073635650734835412B4666436A56716377
:10CE600030695071746A464D466379620000000073
:10CE7000777A4353624E6F396E4367656B4B3370FD
:10CE80004834664B48374C514B6D353674362B431E
:10CE900055654C4A64496B64397968584F7A516FCB
:10CEA0003046396D394C6E646F6644316E4B39399A
:10CEB000633874525044694476314733563275367C
:10CEC0003366714B4C4E5731422B38742F37687490
:10CED0003234647657573047704646412B46664396
:10CEE0006A56716330695071746A464D466379625F
:10CEF00000000000777A4353624E6F396E436765D6
:10CF00006B4B33704834664B48374C514B6D35365C
:10CF100074362B4355654C4A64496B6439796858BB
:10CF20004F7A516F3046396D394C6E646F664431BB
:10CF30006E4B393963387452504469447631473303
:10CF4000563275363366714B4C4E354133377A6401
:10CF50006D3441465A51744859465A5341416C41C7
:10CF60002B4666436A56716330695071746A464D48
:10CF700046637962000000007B22436F6D6D616E35
:10CF800064223A22434F4D5F51554552595F444503
:10CF9000565F535441545553222C227A6F6E654587
:10CFA0006E61626C65223A223131222C227A6F6ED8
:10CFB0006541726D537461747573223A2231312266
:10CFC0002C227A6F6E65416C61726D223A2230308C
:10CFD000222C22706F776572537461747573223AD4
:10CFE000312C2274616D706572456E61626C6522D0
:10CFF0003A312C2274616D7065725374617475736B
:10D00000223A302C22696E667261726564537461D3
:10D01000747573223A302C22636F6D6D5374617492
:10D020007573223A307D00007B22436F6D6D616E17
:10D0300064223A22434F4D5F51554552595F444552
:10D04000565F535441545553222C227A6F6E6545D6
:10D050006E61626C65223A22313131222C227A6F64
:10D060006E6541726D537461747573223A22313169
:10D0700031222C227A6F6E65416C61726D223A22E8
:10D08000303030222C22706F776572537461747562
:10D0900073223A312C2274616D706572456E616243
:10D0A0006C65223A312C2274616D70657253746123
:10D0B000747573223A302C22696E667261726564EF
:10D0C000537461747573223A302C22636F6D6D5303
:10D0D0007461747573223A307D0000007B22436FC7
:10D0E0006D6D616E64223A22434F4D5F515545523A
:10D0F000595F4445565F535441545553222C227A6C
:10D100006F6E65456E61626C65223A2231222C2277
:10D110007A6F6E6541726D537461747573223A2231
:10D1200031222C227A6F6E65416C61726D223A2237
:10D1300030222C22706F776572537461747573227C
:10D140003A312C2274616D706572456E61626C6556
:10D15000223A312C2274616D70657253746174755A
:10D1600073223A302C22696E667261726564537460
:10D1700061747573223A312C22636F6D6D53746143
:10D18000747573223A307D007B22436F6D6D616E42
:10D1900064223A22434F4D5F51554552595F4445F1
:10D1A000565F535441545553222C227A6F6E654575
:10D1B0006E61626C65223A223131222C227A6F6EC6
:10D1C0006541726D537461747573223A2231312254
:10D1D0002C227A6F6E65416C61726D223A2230307A
:10D1E000222C22706F776572537461747573223AC2
:10D1F000312C2274616D706572456E61626C6522BE
:10D200003A312C2274616D70657253746174757358
:10D21000223A302C22696E667261726564537461C1
:10D22000747573223A312C22636F6D6D537461747F
:10D230007573223A307D00007B22436F6D6D616E05
:10D2400064223A22434F4D5F484F53545F4341504D
:10D250004142494C4954494553222C22446174614E
:10D26000223A7B227A6F6E654E756D223A7B2240A0
:10D270006D696E223A303030312C22406D61782257
:10D280003A303030327D2C22616C61726D54696DA0
:10D2900065223A7B22406D696E223A303030322C62
:10D2A00022406D6178223A303035307D7D7D00003E
:10D2B0007B22436F6D6D616E64223A22434F4D5F56
:10D2C000484F53545F4341504142494C49544945AA
:10D2D00053222C2244617461223A7B227A6F6E655C
:10D2E0004E756D223A7B22406D696E223A303030A5
:10D2F000322C22406D6178223A303030337D2C223E
:10D30000616C61726D54696D65223A7B22406D6972
:10D310006E223A303030322C22406D6178223A3021
:10D320003035307D7D7D000048D3000800000020AE
:10D3300048040000E40E0008F8D500084804002066
:10D34000B0960000D858000801811053637C777BA9
:10D35000F26B6FC53001672BFED7AB76CA82C97DF1
:10D36000FA5947F0ADD4A2AF9CA472C0B7FD932682
:10D37000363FF7CC34A5E5F171D8311504C723C386
:10D380001896059A071280E2EB27B27509832C1ACA
:10D390001B6E5AA0523BD6B329E32F8453D100FF12
:10D3A00000ED20FCB15B6ACBBE394A4C58CFD0EFC0
:10D3B000AAFB434D338545F9027F503C9FA851A3FA
:10D3C000408F929D38F5BCB6DA2110FFF3D2CD0C18
:10D3D00013EC5F974417C4A77E3D645D19736081A9
:10D3E0004FDC222A908846EEB814DE5E0BDBE0327A
:10D3F0003A0A4906245CC2D3AC629195E479E7C845
:10D40000376D8DD54EA96C56F4EA657AAE08BA78B8
:10D41000252E1CA6B4C6E8DD741F4BBD8B8A703E5A
:10D42000B5664803F60E613557B986C11D9EE1F811
:10D43000981169D98E949B1E87E9CE5528DF8CA15F
:10D44000890DBFE6426841992D0FB054BB165209B1
:10D450006AD53036A538BF40A39E81F3D7FB7CE365
:10D4600039829B2FFF87348E4344C4DEE9CB547B43
:10D470009432A6C2233DEE4C950B42FAC34E082EC1
:10D48000A16628D924B2765BA2496D8BD12572F8AA
:10D49000F66486689816D4A45CCC5D65B6926C1070
:10D4A00013704850FDEDB9DA5E154657A78D9D847F
:10D4B00090D8AB009D158CBCD30AF7E45805B8B3DF
:10D4C0004506D02C1E8FCA3F0F02C1AFBD0301130A
:10D4D0008A6B3A9111414F67DCEA97F2CFCEF0B4F4
:10D4E000E67396AC7422E7AD3585E2F937E81C7532
:10D4F000DF6E47F11A711D29C5896FB7620EAA1830
:10D50000BE1BFC563E4BC6D279209ADBC0FE78CDBE
:10D510005AF41FDDA8338807C731B112105927808C
:10D52000EC5F60517FA919B54A0D2DE57A9F93C92B
:10D530009CEFA0E03B4DAE2AF5B0C8EBBB3C83535B
:10D540009961172B047EBA77D626E16914635521B9
:10D550000C7D8E012345678905181C12222C226D33
:10D560006163223A2230303A46463A38313A393904
:10D570003A32463A34391A180876657273696F6E12
:10D580001E180F56312E302E30305F32303235308B
:10D5900033041B3031203F7573657249443D4901A6
:10D5A0002915181D62537570457870616E645A6F45
:10D5B0006E65223A302C2264657669636554797011
:10D5C0000FFD3234317D9BE80F2F2F44532D5246EF
:10D5D00034303230364E5F6DAB2F2F230A2031238B
:10D5E0000C20323034460916233201821003712494
:08D5F000F41AAA01C1000000B9
:040000050800018965
:00000001FF
