:020000040800F2
:10000000F89A00205D020008D9450008A13B0008CD
:10001000D74500082114000881580008000000009E
:100020000000000000000000000000009D0100082A
:100030008D16000800000000F9010008E1520008D8
:1000400077020008770200087702000877020008AC
:10005000770200087702000877020008770200089C
:10006000770200087702000877020008770200088C
:10007000770200087702000877020008770200087C
:100080007702000877020008C90F0008770200080D
:10009000770200087702000877020008770200085C
:1000A00077020008C95300087702000877020008A9
:1000B000770200087702000877020008770200083C
:1000C000770200087702000877020008770200082C
:1000D00077020008755800087702000877020008C8
:1000E000770200087702000877020008770200080C
:1000F00077020008770200087702000877020008FC
:1001000077020008770200087702000877020008EB
:100110009D54000877020008770200087702000863
:10012000D115000877020008DD15000877020008E5
:1001300077020008770200087702000877020008BB
:1001400077020008770200087702000877020008AB
:10015000770200087702000877020008770200089B
:10016000770200087702000877020008770200088B
:1001700077020008770200087702000800000000FC
:100180007702000877020008DFF80CD000F078FC56
:1001900000480047676D0008F89A00202C4B19684A
:1001A0000868B0E8F04F80F30988BFF36F8F4FF015
:1001B000000080F3118870470000000008480068C4
:1001C000006880F308884FF0000080F3148862B65E
:1001D00061B6BFF34F8FBFF36F8F00DF00BF00BF6B
:1001E00008ED00E0DFF80C00016841F470010160E7
:1001F000704700BF88ED00E0EFF30980BFF36F8F19
:10020000134B1A681EF0100F08BF20ED108A20E96A
:10021000F04F106009B44FF0500080F31188BFF325
:100220004F8FBFF36F8F07F0EBFE4FF0000080F3AE
:10023000118809BC19680868B0E8F04F1EF0100F6B
:1002400008BFB0EC108A80F30988BFF36F8F704746
:10025000C8030020EFF30580704700000648804780
:1002600006480047FEE7FEE7FEE7FEE7FEE7FEE79B
:10027000FEE7FEE7FEE7FEE7AD5300088901000850
:100280002DE9F05F0546002092469B4688460646CB
:10029000814640241BE0284641464746224600F05E
:1002A000E4F953465A46C01A914110D311461846F4
:1002B000224600F0CBF92D1A67EB01084F46224683
:1002C0000120002100F0C2F917EB00094E41201E69
:1002D000A4F10104DFDC484631462A464346BDE826
:1002E000F09F00000649074A0868504343F239026C
:1002F00010440860400870470149086070470000DA
:10030000400400206D4EC64140EA01039B0703D024
:1003100009E008C9121F08C0042AFAD203E011F844
:10032000013B00F8013B521EF9D27047D2B201E006
:1003300000F8012B491EFBD270470022F6E710B5EA
:1003400013460A4604461946FFF7F0FF204610BD43
:1003500030B505462A460B4612F8010B13F8014B3F
:1003600008B1A042F8D01CB1002802D06D1CF1E702
:10037000284630BD421C10F8011B0029FBD1801A11
:10038000704710B5044600E0401C0378002BFBD1F9
:1003900000E0401C521E04D311F8013B0370002BF7
:1003A000F7D100210170204610BD034611F8012B42
:1003B00000F8012B002AF9D1184670470FB400B598
:1003C0008DB010A909900B9000914FF0FF300A906A
:1003D00000200C9005480690054807906A4609A839
:1003E0000F9900F067F90DB05DF814FBD106000815
:1003F000EF0600082DE9FF5F1D464FF0FF3BD5E9F2
:10040000014691465F464FF00008A9697F1C01989C
:100410008847296A824688470028F6D1BAF1FF3F0B
:100420000CD024F4C064002E19DD600614D5BAF196
:100430002B0F09D0BAF12D0F0ED103E0584604B0AE
:10044000BDE8F09F44F48064A9697F1C0198884747
:10045000761E8246002E02DDBAF1300F03D0B9F1CC
:10046000000F26D032E0A969761E44F400747F1C88
:10047000019888478246002E05DDBAF1780F06D034
:10048000BAF1580F03D0B9F1000F10D01EE0B9F146
:10049000000F02D0B9F1100F18D1A969761E24F40B
:1004A00000747F1C019888478246102002E00820D3
:1004B00000E00A20814609E008FB0908A969761EC8
:1004C00044F400747F1C019888478246002E05DDA5
:1004D0004946504600F0D9F80028EDDAE96901985C
:1004E0008847A00502D46FF00100A8E7E00725D1F6
:1004F000600613D5600502D5C8F1000000E0404653
:1005000029680A1D2A600968220501D5087015E0CE
:10051000220701D5088011E008600FE02868011D5E
:1005200029600068210502D580F8008006E02107D7
:1005300002D5A0F8008001E0C0F8008038467EE7D0
:100540002DE9FF5FD2E901A74FF0000891699946B4
:100550001446DDF838B0464601988847054659EA02
:100560000B0005D009E0A169761C01988847054673
:10057000216A284688470028F5D1681C03D05FEA25
:10058000CA7005D015E04FF0FF3004B0BDE8F09F11
:100590002068011D2160D0F800800AE05FEACA707F
:1005A00001D108F8015BA169761C7F1E019888477C
:1005B0000546002F1ADD681C18D0B9F1000F0DD0C8
:1005C000E81705EBD060421120F01F0059F8221007
:1005D0002A1A012090400142E0D107E0BBF1000F50
:1005E000DCD1216A284688470028D7D0E1690198E4
:1005F0008847BBF1000F07D1002E05DD5FEACA7006
:1006000002D1002188F80010A068B84203DDBBF1D8
:10061000000F03D017B16FF00100B6E73046B4E722
:1006200030B50B46014600202022012409E021FAC2
:1006300002F59D4205D303FA02F5491B04FA02F5BF
:100640002844151EA2F10102F1DC30BD202A04DB92
:10065000203A00FA02F1002070479140C2F12003D5
:1006600020FA03F3194390407047202A04DB203A14
:1006700021FA02F00021704721FA02F3D040C2F1C2
:10068000200291400843194670473A2800D230387A
:1006900020F02002412A01D3A2F13700884201D381
:1006A0004FF0FF307047000002681144137801607A
:1006B00018467047D1600449516104491162002114
:1006C0001161114600F006BAA9060008C90A00081F
:1006D000426842B1016811F8013B23B1521EC0E9E2
:1006E0000012184670470121C160881E7047426899
:1006F0005AB1C368016843B983688B4205D0491E6B
:10070000521CC0E90012002070474FF0FF307047C4
:100710002DE9FE4F804681EA0300C00F0C46009091
:1007200021F0004123F00045B8EB0200A94105D2B9
:100730004046214690461C460B46024623F00040A8
:10074000104347D0270DC7F30A00C3F30A510290A4
:10075000401A019040286BDAC3F3130040F4801B69
:100760000098924620B10023D2EB030A63EB0B0BF7
:1007700001985946C0F140025046FFF767FF064610
:100780000D4650465946019A00F08CF910EB0800CE
:100790006141002487EA115284EAE7731A4340D08A
:1007A000009A62B3019A012A4FEA075215DC001B36
:1007B00061EB02014FF0004202EA0752CDE900422C
:1007C000001C41F5801132462B4600F028FB03B097
:1007D000BDE8F08F40462146F9E7001B61EB0201BE
:1007E000001C41F5801300185B412018A2F500178A
:1007F00047EB030140EAD570B6196D4111E06D0871
:100800004FEA360645EAC0754FEA0752001B61EB16
:100810000201001C41F5801149084FEA300000191F
:10082000514132462B4603B0BDE8F04F00F0E8BA24
:100830000098012240000023D0EB020263EBE0733A
:10084000009821464FEAE074B8EB000061EB040128
:10085000E9E783F000435BE781F0004158E72DE9C9
:10086000FE4F81EA030404F0004421F000410094AB
:100870004FF0000B23F0004350EA01045ED052EA2F
:1008800003045BD0C3F30A54C1F30A552C44A4F209
:10089000F3340194A0FB0254C1F3130141F480111D
:1008A000C3F3130343F4801301FB024400FB034E24
:1008B000840A970A44EA815447EA8357A4FB0768ED
:1008C00002958D0A05FB07854FEA932C04FB0C5417
:1008D0002705029D4FEA065847EA1637B5EB08058B
:1008E0006EEB070C870E920E47EA811742EA8312DD
:1008F000A7FB0201B6EB0B0164EB00042B0D43EAEE
:100900000C335E1844EB1C50DA465146E7FB0201FB
:10091000C5F313044FEA0B3343EA14534FEA04328E
:10092000019C43EA0603A4F10C040294009CCDE967
:1009300000B400F074FA03B0BDE8F08F0020014667
:10094000F9E72DE9F04D81EA030404F0004B21F0B2
:10095000004514464FF0000A23F0004150EA05021A
:1009600020D054EA01021DD0C5F30A570246C5F350
:100970001303C1F31300C1F30A5640F4801543F486
:100980008013A7EB0608101BD64608F2FD3873EB60
:10099000050002D308F1010801E092185B41B8F1AB
:1009A000000F03DA00200146BDE8F08D00204FF46F
:1009B0008011064684460EE0171B73EB050705D32E
:1009C000121B63EB050306434CEA010C49084FEA8E
:1009D000300092185B4150EA0107EDD152EA030062
:1009E00012D082EA040083EA0501084305D0101BF7
:1009F000AB4106D20122002306E000224FF0004363
:100A000002E06FF0010253101AEB06004CEB0851A4
:100A100010EB0A0041EB0B01BDE8F04D00F0F0B91E
:100A2000C1F30A52C1F3130140F2FF3341F48011C4
:100A30009A4202DA00200146704740F233439A425C
:100A4000A2F2334202DC5242FFF70FBEFFF7FEBDB7
:100A500030B5041E71F1000404DB4FF00044404245
:100A600064EB0101141E73F1000405DB1C464FF01A
:100A70000043524263EB0403994208BF904230BDE9
:100A8000064C074D06E0E06840F0010394E80700DB
:100A900098471034AC42F6D3FFF77AFB24D3000812
:100AA00044D30008202A06DBCB17203A41FA02F093
:100AB00043EAE07306E041FA02F3D040C2F12002BB
:100AC0009140084319467047C0B24FF4F05100F00E
:100AD000F5B900002DE9F34F8BB04FF0000801F19C
:100AE0000C000C464FF0010B46460DF1080A019030
:100AF0006269012101989047051E2DD0252D2CD02B
:100B0000216A8847C0B16269012101989047216A32
:100B100088470028F7D1411E62690198904700E09C
:100B2000761CA1690B988847216A88470028F7D16D
:100B3000E1690B988847DBE7A1690B98884707466E
:100B4000A84201D1761CD3E7E1690B9888477F1C46
:100B500002D1B8F1000F6FD046E1002762693D462F
:100B60003946019890472A2804D1626901210198E9
:100B700090470125DFF8849262690121019890472E
:100B8000A0F130010A290AD24F45E5DC07EB8701C5
:100B900000EB4107303FDFD445F01005ECE7E906F4
:100BA00001D46FF000476C280AD04C2814D0682874
:100BB00015D06A280DD074281CD07A281AD01DE0D0
:100BC00062690121019890476C2802D045F0040524
:100BD00014E045F002050DE045F020050AE06269E9
:100BE000012101989047682802D045F0080505E0EA
:100BF00045F400656269012101989047C4E90157F5
:100C000065283DD019DC58287AD00CDC452837D02F
:100C100004DC252826D0412831D131E046282FD0C8
:100C200047282CD12CE05B2877D0612828D0632876
:100C30007CD0642823D15AE0D0E06F2848D008DC6B
:100C400066281DD067281BD0692821D06E2816D1B0
:100C500027E0702845D0732868D0752847D07828B9
:100C60000DD14DE0A1690B988847054625283FF432
:100C700069AFE1690B9888476D1C3FF46AAFB3E038
:100C800023466A466FF001000B99AFF300809EE0A7
:100C900045F040006060A80723464FF0000236D4BC
:100CA0003EE0E8077FF447AF2068011D216000683F
:100CB000290501D506701BE7290701D5068017E72E
:100CC000A90703D5F117C0E9006111E706600FE736
:100CD00045F040006060A80723464FF0080216D494
:100CE0001EE040F60E0125EA0100606016E045F0C6
:100CF00040006060A80723464FF00A0207D40FE0C7
:100D000045F040006060A80708D5234610226FF028
:100D100001000B99AFF3008059E007E02346102251
:100D20006FF001000B99FFF765FB50E04FF00009F1
:100D30004F464B46632802D05B2806D040E0E806C9
:100D400001D40120A06001273AE0626901210198E5
:100D500090475E2805D14FF0010962694946019824
:100D60009047216939B900210A46534643F82120AA
:100D7000491C0829FADBB0B3216969B9C11700EB36
:100D8000D16253110AEB830122F01F02821A012063
:100D90000B68904003430B60626901210198904702
:100DA0005D28E8D1B9F1000F09D00020514651F873
:100DB0002020D24341F82020401C0828F7DB02AB5A
:100DC000224600976FF001000B99FFF7B9FB00284E
:100DD0000CDA401C08D1BBF1000F05D04FF0FF30FA
:100DE0000DB0BDE8F08FFFE74046F9E7E90701D114
:100DF00008F1010806444FF0000B79E6CCCCCC0C8E
:100E000010B5141E73F1000408DA401C41F1000112
:100E100092185B411A4301D120F0010010BD2DE969
:100E2000F04D92469B4611B1B1FA81F202E0B0FA60
:100E300080F220329046FFF709FC04460F4640EA54
:100E40000A0041EA0B0153465A46084313D01146A3
:100E500053EA010019D0C8F140025046FFF705FCE3
:100E600005460E46504659464246FFF7EFFB0843FB
:100E700005D0012004E020463946BDE8F08D002071
:100E8000054346EAE0762C4337430A986305E40AB3
:100E9000A0EB08000022FD0A44EA47540A3002D5BC
:100EA00000200146E9E7010510196941DDE908451F
:100EB00000196941BDE8F04DA2E700007F2801D983
:100EC000002208E0064A02EB5002C007127800D167
:100ED000120902F00F020120904008407047000004
:100EE00014CC000870B58C1810F8015B15F00703DE
:100EF00001D110F8013B2A1106D110F8012B03E0B3
:100F000010F8016B01F8016B5B1EF9D12B0705D4BA
:100F10000023521E0DD401F8013BFAE710F8013B03
:100F2000CB1A921C03E013F8015B01F8015B521E1F
:100F3000F9D5A142D8D3002070BD10B50146806B11
:100F4000026C12F0500F05D0026CD20626D500F0CC
:100F500068FD10BD016C41F40071016401688A688C
:100F600012F0405F17D1027EAAB9CA6A12F4700F5C
:100F700002D08A6852050ED44A6822F020024A60E4
:100F8000016C21F480710164016CC90403D4016C0B
:100F900041F00101016400F00DFD10BD806BC26CD9
:100FA000BDE810400846104710B5806B4021016431
:100FB000416C41F00401416400F033FD10BD10B5F7
:100FC000806B00F02DFD10BD10B5044800F02AFD27
:100FD000BDE81040024800F025BD00004804002094
:100FE00090040020464910B54A6822F440324A6015
:100FF0004A6843681A434A6001684A6822F480726A
:101000004A6001684A68036942EA03224A6001684B
:101010004A6822F040724A6001684A6883681A434D
:101020004A6001688A6822F400628A6001688A68FE
:10103000C3681A438A60816A6FF07062D1420168A6
:101040008A6822F070628A6001688A680CD0836ABC
:101050001A438A6001688A6822F040528A600168F7
:101060008A68C36A1A4301E022F040528A6001682C
:101070008A6822F002028A6001688A68037E42EA76
:1010800043028A6090F82010002901684A680FD056
:1010900042F400624A6001684A6822F460424A6091
:1010A00001684A68174C436A04EB43331A4301E072
:1010B00022F400624A600168CA6A22F47002CA62BD
:1010C0000168CA6A838B104C04EB03531A43CA624B
:1010D00001688A6822F400728A6001688A6890F860
:1010E000303042EA43228A6001688A6822F48062D2
:1010F0008A6001688A68406942EA8020886010BD81
:101100000023014000E0FFFF0000F0FF70B504463F
:1011100002F02CFE250AA02000EB4500C0B202F030
:10112000CDFD02F077FEE0B202F0C8FD02F072FEE3
:1011300002F01CFEA12000EB4500C0B202F0BEFD93
:1011400002F068FE002002F081FD044602F038FE45
:10115000204670BD70B50D46044602F007FE200A19
:10116000A02101EB4000C0B202F0A8FD02F052FE47
:10117000E0B202F0A3FD02F04DFE284602F09EFD13
:1011800002F048FE02F01CFE4FF47A714FF4C87270
:1011900006E0002000BF00BF401C80B29042F9D39F
:1011A000491E89B2F5D270BD70B50D46044602F0F5
:1011B000DDFD200AA02101EB4000C0B202F07EFD5F
:1011C00002F028FEE0B202F079FD02F023FE28468C
:1011D00002F074FD02F01EFEBDE8704002F0F0BDAA
:1011E0000D4902460088C97801290BD05FF0010142
:1011F00032F81130834200D81846491CC9B202297E
:10120000F6D3704732F81130834200D81846491C93
:10121000C9B20429F6D37047400000202DE9F041FF
:101220001E4C40F215162046E178371F80784FF4A7
:10123000AA7501290BD001284FF0470225D0184983
:101240001848FFF761F81649472247310AE001289C
:101250004FF0470210D014491248FFF755F81249D1
:10126000472247310F484730FFF74EF86581A58187
:10127000E6802781BDE8F0810B490A488E39FFF7E7
:1012800043F8094947224739ECE7054905488E39B3
:10129000FFF73AF8024947224739E3E740000020C8
:1012A000C0BF000834060020A4BE0008F0B5FBB0A3
:1012B00015460E4607464FF4F67224496846FFF776
:1012C00023F823A13846FFF743F801004FEA9500C1
:1012D00000EB400401D0A41E05E01EA13846FFF734
:1012E00037F808B1641EA4B2002030550246AD1E86
:1012F00027E03B1817F800C05C7869461DF82CC041
:101300001DF82440001DC4F3031444EA8C04B454B3
:101310009C7893F801C01DF824401DF82CC0C4F33C
:10132000850444EA0C1CB418D21C84F801C093F85C
:1013300003C09B781DF82CC011F823104CEA8111D2
:10134000A170A842D5DB7BB0F0BD000008C8000842
:101350003D3D00003D0000002DE9F04792B01446ED
:101360000D46064644222D496846FEF7CDFF4FF054
:101370000309B4FBF9F109FB11400028B4FBF9F0B3
:1013800007D08000001D80B2002129540B46801E2A
:101390002DE04FF6FF7101EA8000F5E7775CEA4641
:1013A0000AEB97021278EA54725C9207970E721851
:1013B000C91C92F801C047EA1C1CEF181DF80CC0AC
:1013C00087F801C092F801C092F802804FEA0C7CC5
:1013D0004FEA9C6C4CEA98181B1D1AF808C087F855
:1013E00002C0927802F03F0C1AF80C20FA70834287
:1013F000D4DBB4FBF9F109FB11413D20012907D0F1
:10140000022902D1E91801F8010C12B0BDE8F087F9
:10141000E91801F8020D4870F7E700009CCC0008BD
:10142000FEE7000010B54FF6FF72084B09E000BF61
:1014300010F8014B84EA1224E4B233F8144084EA31
:101440000222491E89B2F3D290B210BDB4C0000886
:1014500010B50D490B488A89C4784B89888E5CB1D8
:1014600083420DD282420BD2CA89824208D2098AB3
:10147000814205D2012010BD834201D28242F9D3BC
:10148000002010BD40000020C406002010B50D490A
:101490000B488A89C4784B89888E5CB1834207D314
:1014A000824205D3CA89824202D3098A814205D287
:1014B000012010BD8342FBD38242F9D3002010BD2E
:1014C00040000020C406002010B510490E488B894A
:1014D000C4784A89888E7CB1B2EB400F02D2B3EB5C
:1014E000400F07D3CA89B2EB400F0BD2098AB1EB88
:1014F000400F07D2012010BDB2EB400FFAD3B3EB7F
:10150000400FF7D3002010BD40000020C40600208B
:1015100010B50D490B488A89C4784B89888E5CB117
:1015200083420DD282420BD2CA89824208D2098AF2
:10153000814205D2012010BD834201D28242F9D3FB
:10154000002010BD400000200007002010B50D490C
:101550000B488A89C4784B89888E5CB1834207D353
:10156000824205D3CA89824202D3098A814205D2C6
:10157000012010BD8342FBD38242F9D3002010BD6D
:10158000400000200007002010B510490E488B894C
:10159000C4784A89888E7CB1B2EB400F02D2B3EB9B
:1015A000400F07D3CA89B2EB400F0BD2098AB1EBC7
:1015B000400F07D2012010BDB2EB400FFAD3B3EBBE
:1015C000400FF7D3002010BD40000020000700208E
:1015D000014800F025BC0000D8040020014800F0BC
:1015E0001FBC00003805002001681823CAB2103A59
:1015F000B2FBF3F2054B6FF30901032A9B5CC36551
:1016000000D9091D8165084670470000F4CB000829
:1016100010B5014600208B698A6A4FF0C07453B13F
:10162000B3F5005F15D072B1012A0CD0022A0AD09E
:10163000032A09D104E01AB1012A06D0022A03D1F3
:10164000C96AC90100D5012010BDC96AA142FAD0FA
:1016500010BD002AF7D0012AF2D0022AF3D0032AC3
:10166000F3D010BD30B50468256825F480252560C9
:10167000046863608368402B036803D09960006846
:10168000C26030BD9A600068C16030BD7047000024
:10169000274810B500782749002827484FF08002D6
:1016A00024D0FEF731FE2448802224498030FEF702
:1016B0002BFE802222492348FEF726FE2148802265
:1016C00021498030FEF720FE802220492048FEF785
:1016D0001BFE1F48DC221F498030FEF715FE1E4905
:1016E000DC22BDE810401D48FEF70EBEFEF70CFEE2
:1016F0001148802211498030FEF706FE80221049F1
:101700001048FEF701FE0F4880220F498030FEF797
:10171000FBFD80220D490E48FEF7F6FD0C48DC2249
:101720000F498030FEF7F0FDDC220E49D9E70000BA
:1017300042000020F0CE0008BE090020E8CD0008DD
:101740006CCE0008BE0A002064CD0008E0CC000882
:10175000BE0B002024D0000874CF00081A0D002012
:1017600084D10008D8D0000808B502F0A9F90A20F1
:1017700000900E4B00220121702002F02EFF0B2062
:101780000A4B002200900B3B1146702002F025FF0F
:1017900006480A220B21303002F077F903480B2269
:1017A0000021BDE80840253002F06FB9470700204E
:1017B0004FF48061014800F0CABD0000000C0240F7
:1017C000704710B500231A46C40700D04B4011F0F3
:1017D000800F4FEA41614FEA116101D081F01B0196
:1017E0004008521C082AEFDB184610BD10B51C4CEF
:1017F0000121204600F0A6FD20B91021204600F06E
:10180000A1FD28B10221204600F09CFD10B106E0A8
:10181000052010BD0121204600F094FDA8B1012152
:10182000204600F08FFD90B10221204600F08AFD95
:1018300078B11021204600F085FD60B120212046BE
:1018400000F080FD48B1002010BD062010BD012031
:1018500010BD022010BD032010BD042010BD0000EB
:10186000000802407047000078B50024009490F80A
:101870003C20012A19D0012280F83C200A68072365
:101880000568092A13D9EE680A3A02EB420293402E
:101890009E43EE600B788A680A3B03EB43039A4051
:1018A0000368DD682A43DA6010E0022078BD2E6903
:1018B00002EB420293409E432E610B788A6803EB51
:1018C00043039A4003681D692A431A614A681F232B
:1018D000072A13D205686E6B521E02EB82029340F8
:1018E0009E436E630B790A885B1E92B203EB8303FF
:1018F0009A4003685D6B2A435A6327E005680D2A06
:1019000012D22E6BD21F02EB820293409E432E63B3
:101910000B790A88DB1F92B203EB83039A400368BA
:101920001D6B2A431A6311E0EE6A0D3A02EB820244
:1019300093409E43EE620B790A880D3B92B203EB13
:1019400083039A400368DD6A2A43DA62164B05680E
:10195000144A9D4206D10D68122D03D1556845F4F5
:101960008005556005689D4218D10B68102B01D089
:10197000112B13D1536843F40003536009681029F5
:101980000CD10A490A4A0968B1FBF2F101EB810165
:10199000490000E0491E00910029FBD180F83C403D
:1019A000002078BD0023014000200140C403002036
:1019B00040420F0030B500681649884212D1164ADD
:1019C000507E02280DD10020A2F1B00302EB4004AA
:1019D00053F820106589A94200D96181401C042870
:1019E000F4DB30BD0D498842FBD10B493C31487EC8
:1019F0000228F6D10020A1F1DC0400BF01EB400376
:101A000054F820205D89AA4200D95A81401C04283C
:101A1000F4DB30BD00200140C4060020002101405D
:101A20007047704770B50446006801684268C1F3AA
:101A30004001C2F3401251B34AB3216CC90603D42A
:101A4000216C41F400712164816811F0405F17D16D
:101A5000217EA9B9C16A11F4700F02D081684905CD
:101A60000ED4416821F020014160206C20F4807088
:101A70002064206CC00403D4206C40F0010020647A
:101A80002046FFF797FF21686FF01200086020687A
:101A900001684268C1F38001C2F3C01289B382B306
:101AA000216CC90603D4216C41F400512164816882
:101AB00011F4401F1ED1816B11F4401F02D08168C8
:101AC000490517D44168490514D4816811F0405F75
:101AD00010D1217E71B9416821F080014160206CF4
:101AE00020F480502064206CC00503D4206C40F0AA
:101AF000010020642046FFF7B5FE21686FF00C005E
:101B0000086020680168426811F0010FC2F380127A
:101B10000ED06AB10068C0070AD0206C40F4803053
:101B20002064204600F046F821686FF0010008604C
:101B3000206801684268C1F34011C2F38062002945
:101B40000DD0002A0BD0616C41F0020161646FF08E
:101B5000200505602046FFF764FF2068056070BD22
:101B600070B504004FF0000503D0206C002610B1C2
:101B700007E0012070BD204600F01EF8666484F87E
:101B80003C60206CC00610D4206C20F4885040F0DB
:101B9000020020642046FFF725FA6664206C20F0DE
:101BA000020040F00100206400E0012584F83C6060
:101BB000284670BD704700002DE9F04F87B00646FB
:101BC00014216846FEF7B9FB3B48DFF8E8C014383B
:101BD0003468002538490323384A07154FF48058E4
:101BE0004FF480494FF4807A4FF4003B64452FD185
:101BF0000C6844F480740C60096801F480710591EC
:101C0000016841F0010101600068694600F00100CF
:101C10000590CC208DE82900104600F0B7FA294C39
:101C2000274804F10C0CC4E90005A5608CE8A00F5E
:101C30002046656236E0B463002205211220A663C7
:101C400000F082FC122000F071FC07B0BDE8F08FBC
:101C5000DFF874C06445F8D10C6844F400740C607B
:101C6000096801F400710591016841F0010101600A
:101C70000068694600F00100059033208DE82900D6
:101C8000104600F083FA0F4C0D486034303020606D
:101C90004FF00070C4E9010504F10C0C20468CE8FB
:101CA000A00F656200F08CF90028C4D0FFF788FD12
:101CB000C1E700000020014044380240000002401B
:101CC00010640240D804002000210140F8B50E46FF
:101CD00000210446009190F83C00012807D0012023
:101CE00084F83C0020688368DB0702D011E0022002
:101CF000F8BD836843F0010383603748374B0068C1
:101D0000B0FBF3F000EB400000E0401E0090002824
:101D1000FBD120688368DB075CD0236C40F201654F
:101D2000AB4343F4807323644068400505D5206CC1
:101D300020F4005040F480502064206CC00404D58E
:101D4000606C20F00600606400E0616484F83C1080
:101D5000A16B2448224DC863A16B23480864A16B82
:101D60002248C86421686FF022000860206841683A
:101D700041F0806141602068816841F48071816038
:101D80002168134632464C31A06B00F083F9686835
:101D90001749C006206806D088421BD1816811F01F
:101DA000405F13D016E08842F8D0124A904203D127
:101DB000D1F80423D206F1D00F4A90420AD1D1F8CB
:101DC000041301F01F011029E8D303E0816841F0FA
:101DD000804181600020F8BDC403002040420F0014
:101DE000002301403B0F0008BF0F0008A90F0008A7
:101DF00000200140002101400022014090F83510F0
:101E0000022903D08021416501207047052180F817
:101E100035100068016821F0010101600020704761
:101E20002DE9F84304464FF00009CDF800906348CF
:101E30004FF41651A56D0068B0FBF1F72E6894F8C9
:101E40005C10082000FA01F131420FD021680A68C5
:101E500052070BD50A6822F004020A6094F85C105D
:101E60008840A860606D40F00100606594F85C10E7
:101E70004FF0010808FA01F0304208D021684969A2
:101E8000090604D5A860606D40F00200606594F812
:101E90005C1004208840304208D021680968890716
:101EA00004D5A860606D40F00400606594F85C1093
:101EB00010208840304218D021680968090714D5DD
:101EC000A86020680168490304D50068000308D5AC
:101ED000A16C07E00168C90503D4016821F008017D
:101EE0000160216C09B12046884794F85C102020DD
:101EF0008840304231D021680968C9062DD5A860D4
:101F000094F8350005282068016806D0490347D5B4
:101F1000006800031DD4616C1CE021F01601016013
:101F20002068416921F080014161206C08B9A06CF2
:101F300020B12068016821F00801016094F85C106C
:101F40003F208840A86084F8349084F83580216D63
:101F50001FE0E16B09B120468847606D00282BD057
:101F6000606DC00714D0052084F835002068016832
:101F700021F0010101600098401C0090B84203D894
:101F800020680068C007F6D184F8349084F8358062
:101F9000E16C002910D001B02046BDE8F0430847AD
:101FA0000168C905D5D4016821F01001016084F8E9
:101FB000349084F83580CCE7BDE8F883C403002072
:101FC0002DE9F041044600F0CFF906465CB100254A
:101FD00084F83450022084F835002068016821F02C
:101FE000010101600DE00120BDE8F08100F0BCF9C5
:101FF000801B052805D920206065032084F8350062
:10200000F2E720680068C007F0D122681168204814
:102010000140D4E901031843D4E90336334318439C
:1020200063691843A3691843E3691843236A184393
:102030000843616A042903D1D4E90B131943084307
:10204000106020684069666A20F0070130460E4340
:10205000012704280CD1A06A0643E06A40B120465B
:10206000FFF7D6FA20B14020606584F83570BAE7F2
:10207000206846612046FFF7B7FA94F85C203F21BC
:1020800091408160656584F835700020ACE7000000
:102090003F8010F02DE9F0410446866D90F8340041
:1020A000002501280DD0012084F8340094F8357003
:1020B0000020012F07D084F8340002252846BDE80F
:1020C000F0810220FBE7022784F835706065204626
:1020D000FFF7C8FA94F85C103F208840B060206891
:1020E000016841F016010160206C20B12068016890
:1020F00041F0080101602068016841F001010160C0
:10210000DCE7000010B586B014216846FEF715F92B
:102110001A480024016841F008010160016801F0DB
:1021200008010591016841F004010160016801F0B6
:1021300004010591016841F01001016000686946E1
:1021400000F0100005904FF44070CDE900040C48F9
:10215000029400F01BF84FF40050CDE900046946EA
:102160000848029400F012F80320CDE90004694603
:102170000548029400F00AF806B010BD303802405D
:10218000000C024000080240001002402DE9F84F08
:1021900000224FF0010803254FF00F0E0B6808FADC
:1021A00002F42340A3426ED14E68012E05D0022EC8
:1021B00003D0112E01D0122E12D186684FEA420CA4
:1021C00005FA0CF7BE43CF6807FA0CF73743876070
:1021D0004668A6430C79C4F3001494403443446029
:1021E000C668570005FA07FC8C6826EA0C06BC4056
:1021F0003443C4604C68022C01D0122C13D1D40893
:1022000000EB8404A346D4F8209054074FEAD46A24
:102210000EFA0AF629EA06090E6906FA0AF646EAED
:102220000906CBF8206006680C7926EA0C0604F053
:102230000304BC40344304604C68E40065D5364C6C
:10224000266846F480462660246822F0030604F4DB
:1022500080440094314C3444A446D4F8084896078E
:10226000370F0EFA07F6B4432D4EB04201D10026C7
:1022700024E02C4EB04201D101261FE02A4EB0428C
:1022800002D102261AE040E0284EB04201D10326D6
:1022900014E0274EB04201D104260FE0254EB04293
:1022A00001D105260AE0244EB04201D1062605E000
:1022B000224EB04201D1072600E00826BE40264348
:1022C000CCF808681E4E34684F689C43FF0300D565
:1022D0001C4334601A4C241D26684F689E43BF037C
:1022E00000D51E432660164E083634684F689C435E
:1022F000FF0200D51C433460114E0C3634684F6821
:102300009C43BF0200D51C433460521C102AFFF4CA
:1023100045AFBDE8F88F000044380240003001406E
:10232000000002400004024000080240000C02408D
:10233000001002400014024000180240001C02403D
:10234000003C01400069084000D00120704742690C
:1023500031EA020200D10904816170470AB181614A
:1023600070470904FBE700000148806870470000DF
:10237000B8030020024881680278114481607047E8
:10238000B80300200B4810B5016841F400710160EA
:10239000016841F480610160016841F4807101606D
:1023A000032000F0F1F8002000F006F800F0A2F899
:1023B000002010BD003C024010B5014688B000224C
:1023C000192000F0C1F8192000F0B0F813480024DB
:1023D000016841F001010160006805A900F00100F9
:1023E0000690684600F048FA00F076FA0C49400082
:1023F000B0FBF1F10C480B4A491E026040F2E73293
:10240000C0E90324C0E9011400F01CFE10B1012052
:1024100008B010BD044800F031FEF9E7443802402E
:1024200040420F0000000140C005002000B587B009
:1024300014216846FDF781FF09480021026842F037
:10244000040202600068029100F00400059033204D
:10245000CDE9000169460348FFF798FE07B000BDCB
:10246000303802400008024030B587B01421684679
:10247000FDF763FF1C48016841F00201016001683B
:1024800001F002010591016841F01001016000684E
:10249000012400F0100005907820CDE90004134DD0
:1024A000694628460394FFF771FE01221021284651
:1024B000FFF754FF9C20CDE9000403940C4C6946BF
:1024C0002046FFF763FE002204212046FFF746FF67
:1024D000012208212046FFF741FF0122102120465A
:1024E000FFF73CFF07B030BD303802400004024027
:1024F000001002400C4882B0016841F48041016044
:10250000006800F4804000900748001F016841F017
:10251000805101600068002200F0805000900F217F
:10252000901E02B000F010B844380240002809DBC9
:1025300000F01F02012191404009800000F1E020DD
:10254000C0F8001170470000F0B40E4B1B680C4639
:10255000C3F30223C3F10705042D00D90425191D77
:10256000072901D2002300E0DB1E012606FA05F14F
:10257000491E214099409E40761E16403143F0BCD2
:1025800003F090B90CED00E0064900F0070208687E
:102590004FF6FF03184040EA0220034A1043086048
:1025A000704700000CED00E00000FA05BFF34F8F0C
:1025B00005480168054A01F4E06111430160BFF379
:1025C0004F8F00BFFDE700000CED00E00400FA05AE
:1025D00000B585B014216846FDF7AFFE4FF4B0504A
:1025E0000090012001900020029003906946054868
:1025F000FFF7CCFD01F054FE01F0B0FD01F000FE4C
:1026000005B000BD001002402DE9F8430546006802
:102610004FF00109C1074FF0000601D1400727D54F
:10262000DFF80C81C8F86860FFF79EFE0746414C52
:1026300005E000BFFFF798FEC01B022857D82068AE
:102640000001F7D468688101287A41EA00703949AD
:1026500084310860C8F86890FFF786FE074604E0FA
:10266000FFF782FEC01B022841D820680001F7D581
:102670002878800752D52F484030016841F08051BA
:10268000016000682C4C00F080500090206840F4FD
:1026900080702060FFF768FE074604E0FFF764FEE5
:1026A000C01B022823D82068C005F7D5214C703400
:1026B000206810F4407020D0A98901F44071814253
:1026C0001BD020681D4920F44070C1F800900E60B6
:1026D00020602068C00710D0FFF746FE064641F292
:1026E000883707E0FFF740FE801BB84202D903207D
:1026F000BDE8F88320688007F4D5E9680D48C1F388
:1027000001220830032A0BD0016821F4F81101607E
:102710002068A989C1F30B01084320600020E7E786
:102720000268074B22F4F81219400A430260EFE7EF
:10273000000047420038024000700040400E47420F
:10274000FFFCFF0F2DE9F0470E46050065D0DFF8CE
:102750001481D8F80000F7B200F00F00B04207D2A1
:1027600088F80070D8F8000000F00F00B04254D193
:1027700028683D4C810712D5400703D5206840F4F6
:10278000E05020602878000703D5206840F46040BE
:1027900020602068A96820F0F000084320602878B5
:1027A000C0072DD0304968680839012812D00228A6
:1027B00013D0032811D00968890700292DDA216870
:1027C00021F0030101432160FFF7CEFD814641F274
:1027D000883A0EE009688903EFE709688901ECE7A8
:1027E000FFF7C2FDA0EB0901514502D90320BDE866
:1027F000F0872068696800F00C00B0EB810FEFD122
:10280000D8F80010404601F00F01B14207D9077017
:10281000006800F00F00B04201D00120E7E72878FF
:10282000400705D52068E96820F4E050084320609F
:102830002878000706D52068296920F4604040EA1E
:10284000C100206000F058F82168084AC1F3031164
:10285000515CC8400649086006480068FFF7ACFDB7
:102860000020C4E7003C024008380240FCCB0008CE
:10287000C4030020BC0300200F2202600C4A13682E
:1028800003F003034360136803F0F00383601368ED
:1028900003F4E053C36012684FF4E05303EAD2023A
:1028A00002610448006800F00F00086070470000F3
:1028B00008380240003C02400448054900680968A5
:1028C000044AC1F38221515CC8407047C403002010
:1028D000083802400CCC0008044805490068096823
:1028E000044AC1F34231515CC8407047C403002020
:1028F000083802400CCC0008154810B5006810F0EC
:102900000C02144813D01449042A0FD0082A0ED1FF
:102910000F4C241F2268236802F03F025B0207D598
:102920002068C0F38810A0FB010106E0084610BD36
:102930002168C1F38811A1FB00010023FDF7A0FC71
:102940002168C1F30141491C4900B0FBF1F010BD01
:10295000083802400024F400001BB7002DE9F84FAE
:1029600004006ED02078DFF83C93C007A9F104057D
:102970004AD009F104000168C1F38101012908D09E
:102980000068C0F3810002280AD1D9F80000400293
:1029900006D52868800337D560680028E1D033E089
:1029A0006068B0F5803F10D0B0F5A02F286810D037
:1029B00020F480302860286820F480202860606837
:1029C000A8B1FFF7D1FC06460DE0286840F480303E
:1029D000F4E740F480202860F7E700BFFFF7C4FC6D
:1029E000801B642873D828688003F7D50CE0FFF7B4
:1029F000BBFC064605E000BFFFF7B6FC801B642861
:102A0000F0D828688003F7D42078DFF89C8280070C
:102A10004FF0000A3ED5A348001D016811F00C0FCD
:102A200008D00068C0F3810002280BD1D9F800005B
:102A3000400207D42868800716D5E068012800D135
:102A400012E02BE1E068B8B10120C8F80000FFF700
:102A50008BFC064605E000BFFFF786FC801B0228C2
:102A6000C0D828688007F7D52868216920F0F800C9
:102A700040EAC10028600DE0C8F800A0FFF774FC30
:102A8000064604E0FFF770FC801B02281FD8286868
:102A90008007F7D42078000722D5824E83486169E9
:102AA000703671B101210160FFF75EFC074604E05A
:102AB000FFF75AFCC01B022809D830688007F7D5F9
:102AC0000EE0C0F800A0FFF74FFC074605E082E0EB
:102AD000FFF74AFCC01B02287DD830688007F7D476
:102AE0002078400768D5DFF8BCB100270BF13C0B1C
:102AF000DBF80000C0000BD4DBF8001041F080517F
:102B0000CBF80010DBF80000012700F080500090A7
:102B1000674E3068C00510D4306840F48070306073
:102B2000FFF722FC009005E0FFF71EFC0099401A19
:102B3000022850D83068C005F6D55A4EA0686C36C9
:102B400001280FD00528306810D020F00100306037
:102B5000306820F004003060A068B8B1FFF704FCD2
:102B600000900FE0306840F00100F4E740F004000E
:102B70003060F7E7FFF7F8FB0099411A41F288301F
:102B8000814266D830688007F4D50EE0FFF7ECFB91
:102B9000009007E0FFF7E8FB0099411A41F2883006
:102BA000814256D830688007F4D42FB1DBF800108A
:102BB00021F08051CBF80010A069C8B33949091D34
:102BC0000968C1F3810102294AD00228504607D082
:102BD000C8F8600000E03CE0FFF7C6FB04463BE0BD
:102BE0004746C8F86000FFF7BFFB064605E000BF98
:102BF000FFF7BAFB801B02282BD828688001F7D486
:102C0000D4E907010843A16A2A4A490802EB0141B5
:102C1000626A41EA8211084394F82C1040EA01618B
:102C2000C9F8001001203866FFF79EFB044606E055
:102C300036E000BFFFF798FB001B022809D8286880
:102C40008001F7D52CE000BFFFF78EFB001B0228A8
:102C500002D90320BDE8F88F28688001F4D41FE072
:102C60000128F7D0D9F80000E26900F48001914210
:102C700014D1226A00F03F0191420FD147F6C07192
:102C8000626A0140914209D1A26A00F44031914246
:102C900004D1E16A00F07060884201D00120D9E7D8
:102CA0000020D7E70438024000004742800E474228
:102CB000007000400000FFFF10B500680B4641683F
:102CC0000D480140080CD870C1F304245C7001F079
:102CD0003F049C70C1F34231197052B901F0E0FD1C
:102CE000D870587801F0DCFD5870987801F0D8FD64
:102CF0009870002010BD00003FFFFF0010B50B468C
:102D00000168896A596001680969C1F30E01996017
:102D1000006801680E480140C1F305401870C1F316
:102D200006245C7001F07F049C70402404EA114189
:102D3000D97052B901F0B4FD1870587801F0B0FDA7
:102D40005870987801F0ACFD9870002010BD00001C
:102D50007F7F7F0070B5040002D0607F10B106E075
:102D6000012070BD00202077204600F049F80220A5
:102D700060772168CA204862216853204862204653
:102D800001F0A2FDFF25042618BB206881681B4ABC
:102D9000114081602168886862681043D4E9042387
:102DA0001A43104388602168E0680861206801695F
:102DB000228941EA024101612068C16821F0800155
:102DC000C16020688068800607D4204600F0FEF8C5
:102DD00018B1206845626677C2E72068016C21F46B
:102DE000802101642068016CA2691143016420689C
:102DF000456201206077002070BD0000BFFF8FFF9B
:102E000000680349884202D10249012008607047E6
:102E1000002800403C0E47422DE9F0470446007F61
:102E20000B4601281FD04FF0010984F81C900220A6
:102E30006077DAB19878D97840EA014558781978FE
:102E4000000240EA413005432168CA2048622168F7
:102E500053204862204601F037FD0026FF274FF03F
:102E6000040860BB1AE00220BDE8F0875878C1066C
:102E700003D500F0EF000A305870D87801F019FD42
:102E80000204587801F015FD42EA0022987801F01A
:102E900010FD0243187842EA4035D5E70F48054057
:102EA000206845602068C16821F08001C160206809
:102EB000806880060AD4204600F088F830B1206887
:102EC000476284F81D8026770120CDE7206847629D
:102ED00084F81D9026770020C6E700003FFFFF0022
:102EE0002DE9F0470446007F0D46012827D04FF01A
:102EF000010A84F81CA00220607720680026806800
:102F00004FEA4060F2B1002800DBEE70A878297823
:102F100040EA01476878E978000240EA0140074347
:102F20002168CA204862216853204862204601F087
:102F3000CBFC4FF0FF084FF00409A0BB16E00220C5
:102F4000BDE8F087002800DBEE70287801F0B1FCC6
:102F50000204687801F0ADFC42EA0022A87801F092
:102F6000A8FC0243E87842EA0047D9E71648074040
:102F7000206807602068816821F480218160D5E99C
:102F80000301084321688A68104388602068C1688B
:102F900021F08001C1602068806880060BD4204643
:102FA00000F014F838B12168C1F8248084F81D902D
:102FB00026770120C4E72168C1F8248084F81DA089
:102FC00026770020BCE700007F7F7F0070B50446B5
:102FD0000068C16821F0A001C160FFF7C5F905468E
:102FE0004FF47A7607E000BFFFF7BEF9401BB0420E
:102FF00001D9032070BD2068C0688006F4D5002088
:1030000070BD000000B587B014216846FDF795F942
:1030100009480021026842F008020260006802913B
:1030200000F008000590FF20CDE900016946034843
:10303000FFF7ACF807B000BD30380240000C02408A
:103040007047704710B5040003D094F83D0010B1EC
:1030500007E0012010BD002084F83C00204600F06D
:103060000CF8022084F83D00211D206802F0B2F91E
:10307000012084F83D00002010BD70470168CA6837
:1030800042F00102CA600068816801F00701062968
:1030900003D0016841F001010160002070477047D2
:1030A00070B50446006801694FF00005C9438907FF
:1030B00015D4C168C943890711D4E91E01610120F3
:1030C0002077206880698007204602D0FFF7E7FF5D
:1030D00004E000F098F8204600F096F82577206884
:1030E0000169C943490717D4C168C943490713D4C3
:1030F0006FF004010161022020772068806910F4DC
:10310000407F204602D0FFF7CAFF04E000F07BF8C2
:10311000204600F079F8257720680169C94309073E
:1031200016D4C168C943090712D46FF008010161C0
:10313000042020772068C0698007204602D0FFF76E
:10314000AEFF04E000F05FF8204600F05DF8257760
:1031500020680169C943C90617D4C168C943C906B3
:1031600013D46FF010010161082020772068C06936
:1031700010F4407F204602D0FFF791FF04E000F0FA
:1031800042F8204600F040F8257720680169C943DD
:10319000C90708D1C168C943C90704D1891E0161A3
:1031A000204600F033F820680169C943090609D4B4
:1031B000C168C943090605D46FF08001016120464A
:1031C000FFF73EFF20680169C943490609D4C16879
:1031D000C943490605D46FF040010161204600F063
:1031E0002FF820680169C94389060BD4C168C94317
:1031F000890607D46FF0200101612046BDE87040C8
:10320000FFF71FBF70BD70477047000010B5006822
:10321000094988420ED1FFF7ADF808484188491C9A
:1032200089B2A1F56A424180603A03D10021418010
:103230000121017010BD00000000014000000020CD
:10324000704700002DE9F00F4249434B08464E8875
:10325000002293F807C000785D7A01F16A07012423
:10326000E6B1012E31D08A4691F80480BAF802C046
:103270000AF105090CF1010C1FFA8CFCB8F1010FE1
:1032800033D0B8F1020F4ED04A718A714A80BDE83E
:10329000F00F30480122403800F084B9BCF1000F33
:1032A00002D048280ED0F1E725B1032D06D3AA2875
:1032B00002D0EBE7A528E9D1487140E0012D01D00B
:1032C000022DE4D148714C80E1E702234B2802D162
:1032D0004D79482D06D0BCF1000FD7D188710B7104
:1032E0004B80D4E788710C71FAE73C2E0AD2A1F822
:1032F00002C006F8090048883828C8D191F83C0077
:103300003880C4E7A7F13A0570554888401C80B260
:1033100048803D883C35A84201D35C71B6E7B0F5E2
:10332000967FB3D2B3E7A1F802C006F80900012DD9
:1033300002D0022D06D008E04888042805D14A8032
:103340009C71A4E748880628F9D048883C289DD27B
:103350009DE70000380E00208202002008B5C16BF6
:10336000090703D5006801684068009008BD0000A7
:1033700070B5026804461068D168536910F00F0FE9
:1033800052D003F0010501F490762E435FD0C207BE
:1033900005D0CA0503D5E26B42F00102E2634207A1
:1033A00005D5DA0703D0E26B42F00202E26382073E
:1033B00005D5DA0703D0E26B42F00402E2630207AC
:1033C00007D501F020022A4303D0E26B42F0080245
:1033D000E263E26B002A33D0800604D5880602D56A
:1033E000204602F0B9F820684069E16BC0F3801014
:1033F000090700D428B3204602F05EF8206841692E
:1034000049061AD5416921F040014161606BA0B1C4
:103410001B490165606BFEF7F1FC002810D0606B62
:10342000016DBDE870400847830610D58B060ED5A8
:103430002046BDE8704002F08FB82046FFF78EFFAF
:1034400070BD2046FFF78AFF0020E06370BD0306D1
:1034500006D50B0604D52046BDE8704002F0A6B99B
:103460004006F3D54806F1D5D168204621F0400149
:10347000D160202184F8391000F02FFA70BD0000CF
:10348000A954000870B5040004D094F83900002550
:1034900010B106E0012070BD84F83850204600F0DD
:1034A00023F8242084F839002068C16821F40051F1
:1034B000C160204602F0D6F82068016921F49041ED
:1034C00001612068416921F02A0141612068C168D9
:1034D00041F40051C160E563202084F8390084F88C
:1034E0003A00002070BD0000F0B587B004461421FA
:1034F0006846FCF722FF274F226800262649022350
:10350000032408252548BA4225D1234A10321668DB
:1035100046F400261660126802F4002205920A683A
:1035200042F004020A60096802AA01F00401059150
:10353000A102CDE90013012182E832006946FEF7BD
:1035400025FE002205213420FEF7FEFF3420FEF781
:10355000EDFF07B0F0BD124FBA42FAD10E4A143255
:10356000176847F020071760126802F020020592E2
:103570000A6842F004020A60096801F0040105913A
:10358000C0218DE84A006946CDE90345FEF7FEFDFE
:10359000DFE70000004C00403038024000080240E5
:1035A0000014014090F83A30202B22D1F9B1F2B149
:1035B00090F83830012B1CD081628285C2850021B1
:1035C000C163222280F83A2080F838100168CA6866
:1035D00042F48072CA6001684A6942F001024A619D
:1035E0000068C16841F02001C160002070470120DF
:1035F00070470220704700002DE9FE4381460068B5
:103600006849884203D1BDE8FE43FFF71BBE664907
:1036100088427DD1654D66480026EE800068C1680D
:1036200021F02001C160624C2846383C0127A27875
:10363000E11C00784FF00208052A51D2DFE802F0C1
:10364000030E193438006078A32804D07E2802D0F5
:10365000A670E67092E05054A7708FE060782B79E6
:10366000984203D1505484F8028087E0A6702671F6
:1036700084E060780323FE2804D194F803C0BCF1F1
:10368000A30F09D0A0F1B0070F2F02D8E7787E2F43
:1036900006D0A670667171E05054A3702F706DE073
:1036A0005054A3702E7069E060785054042015E0E7
:1036B000012802D00A20E8700DE06078E870102838
:1036C00009D3A670667000202118401CC0B2CE70CD
:1036D0001028F9D352E0607850540520A0704DE0D6
:1036E00063785354A178491CCAB2A270E9788A421F
:1036F00044D10128A67004F1030013D0C91E02F0C2
:1037000077FEEA7880B2010AA35CC0B28B4200E087
:103710003EE033D1A118497881422FD160787F28CB
:103720002ED02BE0491E02F055FEE978C0B22144AC
:103730008978814224D0A3208DF8000060798DF82B
:10374000010028798DF80200A0798DF80300072088
:103750008DF804008DF805800621684602F03AFED7
:103760008DF806000721684601F042FF66700020D0
:103770002118401CC0B2CE701028F9D368780EE032
:103780000B4900231A463839A86803F015FC6F70FE
:10379000BDE8FE830122611C4846FFF703FF0028B5
:1037A000F8D0F5E700100140004C00402003002055
:1037B0008411002000B587B014216846FCF7BDFDD8
:1037C00015480021026842F010020260006800F013
:1037D0001000059010481438026842F0010202609F
:1037E000006800F0010005904FF4C06000900220D6
:1037F000CDE90101032003900720049069460748A2
:10380000FEF7C4FC002205212520FEF79DFE2520A1
:10381000FEF78CFE07B000BD4438024000000240B5
:103820002DE9F843044690F839001F4616460D4628
:10383000202850D1B5B1AEB194F8380001284AD053
:10384000012084F838004FF00008C4F83C802120A3
:1038500084F83900FEF788FDA6848146E68484F862
:10386000388026E00120BDE8F883E08C401EE0842B
:10387000A0684B46B0F5805F4FF000024FF080012A
:103880002046009703D001F0C2FFE8B90DE001F037
:10389000BEFFC8B928882168C0F3080048602069C5
:1038A00008B16D1C05E0AD1C03E0216815F8010BA3
:1038B0004860E08C0028D8D14B46002240212046A9
:1038C000009701F0A4FF08B10320CCE7202084F882
:1038D00039000020C7E70220C5E7704770B50546EC
:1038E00000F012F87E2000F05FF8002000F05CF895
:1038F0000024284600F058F8641CE4B2202CF8D3C9
:10390000BDE8704000F026B870B50122104D940358
:1039100021462846FEF722FD01225603314628465D
:10392000FEF71CFD0A2000F014FA0022214628466A
:10393000FEF714FD0A2000F00CFA0022314628465A
:10394000FEF70CFDBDE87040052000F002BA000053
:10395000000C024070B5134D4FF400540022214674
:103960002846FEF7FBFC052000F0F3F96600002274
:1039700031462846FEF7F2FC052000F0EAF9012264
:1039800021462846FEF7EAFC0A2000F0E2F901226F
:1039900031462846FEF7E2FCBDE87040052000F005
:1039A000D8B90000000C02402DE9F0412C4C06462D
:1039B00000254FF480484FF40057300601D501220E
:1039C00000E0002241462046FEF7C8FC052000F03A
:1039D000C0F9012239462046FEF7C0FC0A2000F05B
:1039E000B8F9002239462046FEF7B8FC7006060EEC
:1039F000052000F0AEF96D1CEDB2082DDDD30122DB
:103A000041462046FEF7AAFC206820F04050206086
:103A1000052000F09EF9012239462046FEF79EFC63
:103A2000052000F096F90E212046FEF78BFC0D498B
:103A300008B1002000E001204870002239462046ED
:103A4000FEF78CFC052000F084F9206820F040503F
:103A50002060206840F080502060BDE8F0810000C8
:103A6000000C02406C00002010B541F2883000F0DC
:103A700070F9FFF749FF7E20FFF796FF8C20FFF7D4
:103A800093FFBDE81040FFF765BF70B515460646C9
:103A900001F01F04FFF738FF7E20FFF785FF204667
:103AA000FFF782FF002404E0305DFFF77DFF641C18
:103AB000E4B2AC42F8D3BDE87040FFF74BBF000062
:103AC000F0B5364900200446A1F13005802601F109
:103AD0000B030C542A5CD70700D00E54970703D56C
:103AE0000F5C47F040070F54570703D50F5C47F0B2
:103AF00020070F54170703D50F5C47F010070F542A
:103B0000D70603D50F5C47F008070F54970603D577
:103B10000F5C47F004070F54570603D50F5C47F0BE
:103B200002070F54120603D50A5C42F001020A5440
:103B30002A181C54D27AD70700D01E54970703D5F1
:103B40001F5C47F040071F54570703D51F5C47F021
:103B500020071F54170703D51F5C47F010071F5499
:103B6000D70603D51F5C47F008071F54970603D5F7
:103B70001F5C47F004071F54570603D51F5C47F02E
:103B800002071F54120603D51A5C42F001021A54B0
:103B9000401CC0B20B289CD3F0BD00006C07002075
:103BA000FEE7000070B5134C4FF4807500222946E3
:103BB0002046FEF7D3FB206820F4402020602068D8
:103BC00040F480202060002261152046FEF7C6FBED
:103BD000052000F0AFF8012229462046FEF7BEFB83
:103BE000052000F0A7F829462046BDE870400022D5
:103BF000FEF7B4BB0004024070B5134C4FF480755F
:103C0000002229462046FEF7A9FB206820F4402028
:103C10002060206840F4802020600122510220466C
:103C2000FEF79CFB052000F085F80122294620467E
:103C3000FEF794FB052000F07DF829462046BDE8FC
:103C400070400022FEF78ABB000402402DE9F047D5
:103C5000194D80460024286820F44020286026461C
:103C6000AF154FF40079002239462846FEF776FB5F
:103C7000052000F05FF8012239462846FEF76EFB6A
:103C80006006040E49462846FEF75CFB08B1641C3A
:103C9000E4B2052000F04EF8761CF6B2082EE2D30E
:103CA000B8F1000F04D0FFF77DFF2046BDE8F08794
:103CB000FFF7A2FFF9E70000000402402DE9F04100
:103CC0001B4D07462846296821F4402129602968B0
:103CD00041F480212960AE1500223146FEF73EFBFB
:103CE00000244FF4007800BF07FA04F0000601D565
:103CF000012200E0002241462846FEF72FFB022069
:103D000000F018F8012231462846FEF727FB0A206A
:103D100000F010F8002231462846FEF71FFB022073
:103D200000F008F8641CE4B2082CDDD3BDE8F08193
:103D30000004024009E000BF00BF00BF00BF00BF99
:103D400000BF00BF00BF00BF00BF401E80B2F2D264
:103D5000704707E000BF00BF00BF00BF00BF00BF4B
:103D600000BF00BF401E80B2F4D2704770B5134C44
:103D7000206820F440202060206840F480202060EB
:103D80000122150229462046FEF7E8FA01225602D2
:103D900031462046FEF7E2FA0520FFF7CBFF00226E
:103DA00031462046FEF7DAFA0520FFF7C3FF294621
:103DB0002046BDE870400022FEF7D0BA0004024061
:103DC00070B5134C206820F440202060206840F437
:103DD00080202060A515002229462046FEF7BEFA65
:103DE0006615002231462046FEF7B8FA0520FFF797
:103DF000A1FF012229462046FEF7B0FA01223146F2
:103E00002046FEF7ABFABDE870400520FFF792BFF1
:103E1000000402402DE9F041144D0024286820F4EC
:103E2000402028600220FFF785FF0122160231465C
:103E30002846FEF793FA0220FFF77CFF6F1508E093
:103E4000641CE4B2FA2C04D9FFF7BAFF0120BDE8E4
:103E5000F08139462846FEF775FA0028F0D1002295
:103E600031462846FEF77AFA0020F0E700040240C7
:103E700070B50D46044601F0EFF9204600F004FE4F
:103E8000064C2078002808D0284600F0FDFD207858
:103E9000002802D001F006FA012070BD6C0000205D
:103EA0002DE9F0411F4616460C46054601F0D4F9AF
:103EB000284600F0E9FD0E4D2878002815D0204650
:103EC00000F0E2FD287800280FD0002408E03078C8
:103ED00000F0DAFD2878002807D0641CE4B2761CD4
:103EE000BC42F4D301F0DEF90120BDE8F08100000E
:103EF0006C000020F0B5027864240A23642A19D3E8
:103F0000B2FBF4F230320A700278B2FBF4F504FB33
:103F10001522B2FBF3F230324A700278B2FBF4F5AC
:103F200004FB1522B2FBF3F503FB152230328A7035
:103F300003221DE0B2FBF4F50A2A04FB152210D37C
:103F4000B2FBF3F230320A700278B2FBF4F504FBF4
:103F50001522B2FBF3F503FB152230324A70022220
:103F600006E0B2FBF3F503FB152230320A700122A2
:103F70002E258D544678521C642E0CD3B6FBF4F6D5
:103F800030368E544678521CB6FBF4F704FB1766A5
:103F9000B6FBF3F607E0B6FBF4F70A2E04FB176650
:103FA0000ED3B6FBF3F630368E544678521CB6FB71
:103FB000F4F704FB1766B6FBF3F703FB176603E0A1
:103FC000B6FBF3F703FB176630368E54521C8D5444
:103FD0008678521C642E19D3B6FBF4F630368E5414
:103FE0008678521CB6FBF4F704FB1766B6FBF3F6B3
:103FF00030368E548678521CB6FBF4F704FB1766F5
:10400000B6FBF3F703FB1766D2B213E0B6FBF4F787
:104010000A2E04FB176612D3B6FBF3F630368E5425
:104020008678521CB6FBF4F704FB1766B6FBF3F771
:1040300003FB176630368E54521CD2B206E0B6FB34
:10404000F3F703FB176630368E54521C8D54521C06
:10405000C578D2B2642D07D3B5FBF4F530358D5455
:10406000521CD2B2C57801E00A2D0FD3B5FBF4F68D
:1040700004FB1655B5FBF3F530358D54C078521C52
:10408000B0FBF4F504FB1500D2B203E0B5FBF4F08D
:1040900004FB1050B0FBF3F403FB140030308854E1
:1040A000F0BD0000F0B587B014216846FCF745F973
:1040B00026480025016841F010010160016801F007
:1040C00010010591016841F00401016000680124BC
:1040D00000F0040005900420CDE900041C4F69465F
:1040E00038460394FEF752F808201126CDE9000661
:1040F000694603943846FEF749F820208DE83100E0
:104100000395144D69462846FEF740F80122202108
:104110002846FEF723F9A003CDE900040E4D6946B9
:1041200028460394FEF732F86003CDE9000669469D
:1041300003942846FEF72AF8FFF796FCFFF794FC55
:104140000020FFF7CBFB07B0F0BD00003038024085
:104150000008024000100240000C02407FB5002120
:104160002548009101910291224A039102600124A5
:104170004FF480320461C0E90121047680F82010F8
:104180001E4AC0E90A210425C561C16080F830409B
:104190004161FDF7E5FC08B1FDF712FB0620CDE912
:1041A0000004694614480294FDF75EFB08B1FDF770
:1041B00007FB07200224CDE9000469460E48FDF7FD
:1041C00053FB08B1FDF7FCFA0094032469460A4842
:1041D0000194FDF749FB08B1FDF7F2FA694606487C
:1041E000CDE90045FDF740FB002801D0FDF7E8FAD6
:1041F0007FBD000000200140480400200100000FA6
:104200007FB5002524480095019502952149039525
:10421000016001244FF480310461C0E90115047686
:1042200080F820501D49C0E90A150426C661C56002
:1042300080F830404561FDF793FC08B1FDF7C0FA06
:10424000CDE90064694614480294FDF70DFB08B1FE
:10425000FDF7B6FA052000900220019069460E484D
:10426000FDF702FB08B1FDF7ABFA0320CDE90050E2
:1042700069460948FDF7F8FA08B1FDF7A1FACDE95A
:10428000004669460448FDF7EFFA002801D0FDF723
:1042900097FA7FBD00210140900400200100000F2B
:1042A0000D4808B5016841F48001016000680022F2
:1042B00000F48000009005213820FEF745F93820F1
:1042C000FEF734F9002205213A20FEF73DF9BDE85A
:1042D00008403A20FEF72AB93038024030B585B0A0
:1042E00014216846FCF729F84FF480640120CDE9D9
:1042F00000400020064D0290039069462846FDF7D5
:1043000045FF002221462846FEF728F805B030BDBB
:10431000000C024010B50020FCF7F8FE1C495A289A
:1043200081F8230001D002F0CBF8194800F0EAFA36
:10433000FCF774FFFDF7ACF9164A0021164802F0AD
:104340007DFE164C134A1249A0602432144802F034
:1043500075FE104AE0606C320D49124802F06EFEA4
:104360000C4A60616C3200210F4802F067FE094A76
:10437000A061903200210D4802F060FE054AE06124
:10438000483203490A4802F059FE206110BD00007E
:1043900098050020F8BB0008454B000804000020E9
:1043A00065800008CD7A00086D7A000829A8000809
:1043B0005592000870B586B014216846FBF7BDFF22
:1043C0002A480024016841F080010160016801F081
:1043D00080010591016841F004010160016801F06C
:1043E00004010591016841F001010160016801F0DB
:1043F00001010591016841F002010160016801F0CD
:1044000002010591016841F010010160016801F0AD
:1044100010010591016841F0080101600068144E27
:1044200000F008004FF4F055059000222946304670
:10443000FDF794FF1320CDE9000469460D4802946E
:10444000FDF7A4FE01200095CDE901046946304640
:104450000394FDF79BFEFF20CDE900046946064862
:104460000294FDF793FE06B070BD000030380240A4
:104470000010024000080240000C024010B5FEF798
:10448000A7F8044A0021044802F0D8FD0349086156
:1044900010BD0000ACBC000899AF0008400000202F
:1044A00010B586B014216846FBF747FF1B4800246F
:1044B00019490594C0E900147F218160FF21C0E9FA
:1044C000031444618461FEF745FC08B1FDF778F9F7
:1044D0008DF800408DF801408DF8024003940122D0
:1044E00069460E480494FEF7FBFC08B1FDF768F935
:1044F00001208DF814008DF815008DF81600024685
:104500008DF8174005A90548FEF786FC002801D064
:10451000FDF756F906B010BD002800400412002037
:104520000C4910B50A4AC1E90020002088600C221D
:10453000C860C1E904028861C8610846FEF7A2FFAD
:10454000002803D0BDE81040FDF73AB910BD0000C7
:10455000004C0040841100200C4810B50A4901604D
:104560004FF4E1314160002181600C22C160C0E95B
:1045700004128161C161FEF785FF002803D0BDE808
:104580001040FDF71DB910BD00140140C4110020FA
:104590000C4810B50A4901604FF4E1314160002137
:1045A00081600C22C160C0E904128161C161FEF723
:1045B00069FF002803D0BDE81040FDF701B910BD28
:1045C00000100140F80D0020092801D8303000E02B
:1045D0003730C0B27047FEE770472DE9F04106461C
:1045E00001F0070040F060011F4614463046069D6A
:1045F000FFF73EFC04F01F012B463A463046BDE86B
:10460000F041FFF74DBC10B5044601F01F0040F02B
:1046100040012046FFF72CFC002804D0072120464B
:10462000FFF726FC012010BD1FB5044600200090B6
:104630000190029003902046FBF79CFE00F00F00D3
:10464000C0F110020021684602E04254491CC9B280
:104650009142FAD301462046FBF793FE1FBD0000AE
:104660002DE9FE4F0446807B78277E4E00254FF0D3
:104670000309A12802D0B12818D00EE0A573E07B71
:10468000401CC0B2E073022801D184F80F90277754
:10469000012220213046FDF761FEE17B0120DFF899
:1046A000C8A1012904D003297ED087E0A573EEE7D5
:1046B0008346E076A07B4FF00908A32808D0A22803
:1046C00017D0C22815D0C32802D0B42821D075E055
:1046D000A5732777012220213046FDF73FFEA07801
:1046E000401CC0B2A07041280FD9404684F8028017
:1046F0000BE0A5732777012220213046FDF72EFE1F
:10470000A078092803D9401EA070E07056E041202F
:10471000FAE7A57304208DF800008DF801508DF89C
:1047200002508DF804508DF803508DF80550002389
:104730001A466946DAF8000002F03EFC84F822507E
:104740002584E577A577012280213046FDF706FE16
:10475000642002F065FB002280213046FDF7FEFD5B
:10476000DFF808812D27394688F802701120FCF700
:104770001BFD142002F054FB88F803703946122008
:10478000FCF712FD142002F04BFB552188F80C10A9
:104790001320FCF7DFFC142002F042FBE57384F8E1
:1047A00009B0E576324900E005E081F800B031A0BB
:1047B00001F068F802E0E5736072E576A07BB2284C
:1047C0002BD0B32827D1012280213046FDF7C6FD2A
:1047D000032002F025FBA5738DF8009096208DF83C
:1047E00001008DF8025000234FF416441A46694622
:1047F000DAF8000002F0E0FB322002F011FB0022A8
:1048000080213046FDF7AAFD21461FA001F03AF8AD
:10481000204600F05FFEBDE8FE8F01228021304679
:10482000FDF79CFD032002F0FBFAA5738DF80090C4
:104830004B208DF801008DF8025000234FF4964470
:104840001A466946DAF8000002F0B6FB322002F0A0
:10485000E7FA002280213046FDF780FD21460DA0B9
:10486000D4E70000001002403C0000209805002022
:104870006E0000200D4B65795365744970466C617C
:1048800067203D31000000004233626175643D25C0
:10489000640000004232626175643D2564000000DE
:1048A000010901EB810100F00F0000EB4100C0B2F3
:1048B0007047002102E00A38C0B2491C0A28FAD227
:1048C000090740EA1160704770B504460068C16886
:1048D000490614D44FF0FF31C160FDF745FD054690
:1048E0004FF47A7607E000BFFDF73EFD401BB04273
:1048F00001D9032070BD2068C0684006F4D50020AF
:1049000070BD000070B504461320FCF7FFFB207358
:104910001820FCF7FBFB84F827001120FCF7F6FBBE
:10492000A0701220FCF7F2FBE0701020FCF7EEFB09
:1049300020721620FCF7EAFBA0761720FCF7E6FBB6
:10494000A0723020FCF7E2FBA0773120FCF7DEFB01
:10495000E0773220FCF7DAFB05463320FCF7D6FB84
:1049600000EB052020843420FCF7D0FB84F82200E3
:104970002020FCF7CBFB05462120FCF7C7FB00EB12
:104980000520A0841420FCF7C1FB1D4D4FF6FF76D7
:10499000297811B1012907D00DE000EB4001C1EBEE
:1049A000C01006EAC00005E0C0EB4011C1EB0020DA
:1049B00006EA8000E0821520FCF7A8FB297811B1F7
:1049C000012907D00DE000EB4001C1EBC01006EA61
:1049D000C00005E0C0EB4011C1EB002006EA8000FA
:1049E00020832520FCF792FB064C20702620FCF744
:1049F0008DFB002020702870BDE8704000F01AB8D0
:104A00004200002043000020094B50B1012808D08B
:104A1000022809D003280AD10A4640211846FDF78A
:104A20009DBC0A460821F9E70A462021F6E77047AF
:104A30000004024010B523210F48FBF77EFC0F480D
:104A400001780F480129007809D001284FF023028E
:104A50000FD00C49BDE810400748FBF755BC0128B2
:104A60004FF0230202D007494639F3E70549693977
:104A7000F0E704492339EDE75F11002043000020EF
:104A8000420000209503002070B52B4E05460024FF
:104A900005FA04F0000601D5012200E000220821F9
:104AA0003046FDF75BFC0520FFF753F90122042196
:104AB0003046FDF753FC0A20FFF74BF90022042192
:104AC0003046FDF74BFC641CE4B2082CE0D3052013
:104AD000FFF73FF90122082135463046FDF73EFC3D
:104AE000164C206820F0C00020600520FFF731F947
:104AF000012204212846FDF731FC0A20FFF729F99D
:104B000008212846FDF71EFC01000D4801D00021B8
:104B100000E001210170002204212846FDF71EFC5F
:104B20000520FFF716F9206820F0C00020602068FB
:104B300040F04000206070BD0008024000040240C8
:104B40006C00002094B04FF0000A142107A8FBF776
:104B5000F4FBD046FB4CCDF83880C34684F8108077
:104B6000F9A000F08FFEFFF7B9FB4FF00109FC4EF2
:104B7000FCF71EFE01F05EFCF24D00231A4685F89C
:104B80002600F84805A9006802F09CF9002861D1C8
:104B90009DF81400687328789DF8151000F03C000B
:104BA000084328709DF81610A973297BAA2902D002
:104BB00000F0FD002870C0B2C10707D0317841F085
:104BC00001013170717841F00101717080073DD5AC
:104BD000307840F002003070707840F00200707061
:104BE000B07810F0FD0F35D140F00200B070012216
:104BF0000EA9DD48FEF760F8012207A9DA48FEF7A2
:104C00007DF89DF83B008DF804009DF839008DF883
:104C100005009DF83A008DF806009DF81C008DF8FF
:104C200007008DF800909DF81D008DF8018003218C
:104C30008DF808008DF80210CC488DF80380002311
:104C40001A466946006802F0B7F903E0B07800F050
:104C5000FD00B070C64800231A4603A9006802F0A0
:104C600031F900287DD19DF80D10287801F00F0250
:104C700000F0030040EA820028709DF80E00687082
:104C80009DF80C20EA729DF80F202A719DF81020E3
:104C90006A719DF81120AA719DF81220EA71C90766
:104CA00034D0317841F004013170717841F0040161
:104CB0007170B17811F0FB0F2CD141F00401B1708B
:104CC0008DF800908DF8019000F00F008DF8020033
:104CD0009DF83B008DF804009DF839008DF8050023
:104CE0009DF83A008DF806009DF81C008DF807002D
:104CF0009DF81D008DF808009C488DF80380002366
:104D00001A466946006802F057F903E0B07800F0EF
:104D1000FB00B0709DF80D00800737D5307840F06B
:104D200008003070707840F008007070B07810F0B3
:104D3000F70F2FD140F00800B0708DF800900220DE
:104D40008DF80100687800098DF802009DF83B009D
:104D50008DF804009DF839008DF803808DF805006A
:104D600000E017E09DF83A008DF806009DF81C0061
:104D70008DF807009DF81D008DF808007B48002382
:104D80001A466946006802F017F903E0B07800F0AF
:104D9000F700B070687B30B101282BD002282CD0EE
:104DA00003286ED136E085F81180297C40465529CC
:104DB00005D12874002280216E48FDF7CFFAE87AE9
:104DC00010B9BAF1010F02D0C10702D004E00320EC
:104DD0000CE0BAF1020F05D0800708D4BAF1030F36
:104DE00003D004E085F8089001E0022028724FF01B
:104DF000000A46E085F8119043E002206874287CA0
:104E000055283ED185F81080002280215948FDF7B1
:104E1000A5FA36E0BBF1000F33D003206874E87ABE
:104E2000032801D1297C41B1C10701D0297C41B1BE
:104E3000800712D5287C50B10FE085F8088001204A
:104E40000AE0287A00F001002872022004E0287AA3
:104E500000F0FD002872032082465520454C28743E
:104E6000012280212046FDF779FA642001F0D8FF65
:104E7000002280212046FDF771FA4FF4617001F0A5
:104E8000CFFF287A800717D0354940F2DC52203115
:104E90000888401C80B20880904202D9A1F80080A6
:104EA0000DE0B0F5FA7F01D2002200E001220821D6
:104EB0003048FDF753FA02E02248FFF7D1FBA87B08
:104EC000A42809D1E87B38B9E87A48B103280AD088
:104ED000012808D0022806D0A87CAA2807D012E012
:104EE00085F80E8017E0444685F80E806CE0E97C7A
:104EF000AA29E97B01D019B105E011BBE97A31B1EA
:104F0000E97AC90710D0E97CAA2935D046E085F8AE
:104F1000128085F8138078202877012220211548F7
:104F2000FDF71CFA032076E085F8128078202877B8
:104F3000012220210F48FDF711FA287A40F00100E4
:104F400069E069E0980500206C6F6769632074610F
:104F5000736B20696E697420737563636573730086
:104F60000400002078000020041200203C000020F3
:104F70005800002000100240EA7B7AB9EA7A9207D2
:104F80000CD485F813807820287701222021AC48A2
:104F9000FDF7E4F9287A40F002003CE055280BD1F7
:104FA000552904D1E87B10B9E87A032807D0E87ABC
:104FB000C00701D0E87B80B155291BD02CE085F8D3
:104FC0001280444685F8138078202877012220211A
:104FD0009B48FDF7C3F92C721EE085F812807820FB
:104FE0002877012220219648FDF7B8F9287A00F0A9
:104FF000FE0010E0E87A80070ED5E87B60B985F8FE
:10500000138078202877012220218D48FDF7A6F90A
:10501000287A00F0FD0028720024287809FA04F7A5
:1050200038420FD078202877012220218448FDF7CC
:1050300095F9012280218248FDF790F9814820F8F6
:10504000148016E0307807421FD07E4931F81420D2
:10505000521C93B221F81430EA8A934215D3B84314
:10506000307021F8142010D1002280217448FDF7FF
:1050700075F92878384208D001212046FFF7C4FC92
:105080007048083020F8148019E07078074216D074
:105090006C49083131F81420521C92B221F81420C6
:1050A0002B8B9A420BD3B84321F814307070022C2A
:1050B00001D2800703D100212046FFF7A5FC641C24
:1050C000E4B2042CA9D360480078012803D0287AE0
:1050D00000F001002872287AE97A884201D1697AC1
:1050E000F1B38DF83000A87E8DF83100A87A8DF8E4
:1050F0003200A9780A2902D20921284603E028466D
:10510000412901D94121A9700446C0780A2801D259
:10511000092002E0412801D94120E070A0788DF8F3
:105120003300E0788DF83400484800231A460CA973
:10513000006801F041FF217AF078814201D1607A64
:1051400070B102208DF800008DF80110A0788DF864
:105150000200E07800238DF803001A46694600E05B
:1051600008E03B48006801F027FF84F809809DF8BB
:105170003000F070B088401C80B2B080B0F57A7F0B
:105180000CD041F28831884203D3A6F804804FF056
:10519000010B30480178012915D04DE0BBF1000F1B
:1051A000F7D10120FBF7B2FF401C287505218DF8CF
:1051B00000108DF80100264800231A466946006851
:1051C00001F0FAFEE5E780F80080A87F4146401C28
:1051D000C0B2A8773C2815D3A977E87F401CC0B29D
:1051E000E87718280ED3E977288C2A46401C80B22D
:1051F0002884B0F5B67F05D9118492F82200401CAE
:1052000085F8220004208DF80000A87F8DF80100A9
:10521000E87F8DF80200288C8DF80400010A8DF8D3
:10522000031095F822008DF80500094800231A465E
:105230006946006801F0C0FE012001F0F1FD97E42D
:10524000001002402A0000204200002054000020EC
:105250003C0000200000002010B5114C0122082164
:105260002046FDF77BF80520FEF773FD012204219F
:105270002046FDF773F80A20FEF76BFD0022082197
:105280002046FDF76BF80A20FEF763FD002204219B
:105290002046FDF763F8BDE810400520FEF759BD34
:1052A0000008024010B50D4C002208212046FDF7F1
:1052B00055F80520FEF74DFD012204212046FDF79B
:1052C0004DF80A20FEF745FD012208212046FDF792
:1052D00045F8BDE810400A20FEF73BBD000802403B
:1052E00010B5502080F31188BFF34F8FBFF36F8F3D
:1052F00006F0E0FA18B104494FF080500860002031
:1053000080F3118810BD000004ED00E030B597B0C7
:1053100030216846FBF711F814210CA8FBF70DF8B3
:10532000002520481195129513951495016841F0B8
:1053300080510160006800F0805015901A480168A3
:1053400041F4804101600068022400F4804015901F
:10535000092000904FF4803001900120CDE9050430
:105360008005079006200890A820CDE909040420B4
:105370000B906846FDF7F2FA0CA90F2081E8310086
:105380004FF4A0500F90E002109005210CA8FDF7FB
:10539000D9F920021490119411A8FDF735F917B02E
:1053A00030BD0000403802400070004005480168F0
:1053B00041F47001016003494FF0006080390860DA
:1053C0007047000088ED00E00148FDF769BE00006D
:1053D000C0050020F0B50268254C264D264E274F0B
:1053E000274B4FF0804CA04209D0604507D0A8421F
:1053F00005D0B04203D0B84201D0984204D122F087
:10540000700E4A6842EA0E02A0421BD0604519D0D5
:10541000A84217D0B04215D0B84213D0984211D04C
:10542000184DA8420ED0184DA8420BD0174DA842D7
:1054300008D0174DA84205D0164DA84202D0164DEF
:10544000A84203D122F44075CA682A434D6922F06C
:1054500080022A4302608A68C2620A688262A042AD
:1054600001D0984201D10969016301214161F0BD78
:10547000000001400004004000080040000C004013
:105480000004014000400140004401400048014048
:1054900000180040001C0040002000400148FDF7BB
:1054A00067BF00008411002010B5806B0021C1850A
:1054B000C184FDF753FF10BD0168CA6822F49072E1
:1054C000CA6001684A6922F001024A61202180F81D
:1054D0003A10704730B587B0044614216846FAF791
:1054E0002CFF15490025086840F001000860086895
:1054F00000F0010005902046FFF712F8FFF72CF8A6
:105500004FF4004401200395CDE900400B4D69465E
:105510002846FCF73BFE002221462846FCF71EFFEA
:105520000749012201F13700FEF73CF805A000F021
:10553000A9F907B030BD0000303802400000024039
:105540004D1100207561727420696E697420737545
:10555000636365737300000010B590F83A10222958
:1055600001D0022010BD8168B1F5805F11D00169C2
:10557000002901681FD0496801F07F03816A4A1C35
:1055800082620B70C18D491E0904090CC18518D0B7
:105590002BE00269816A002A0268526805D0D2B203
:1055A0000A80816A491C8162ECE7C2F308020A8022
:1055B000816A891CF7E74A68816A4B1C83620A701A
:1055C000E0E70168CA6822F02002CA600168CA6880
:1055D00022F48072CA6001684A6922F001024A61BD
:1055E000202180F83A10FEF707F8002010BD0000D7
:1055F0002DE9F041184C0F4680460022102120462C
:10560000FCF7ACFE0122154ED50329463046FCF7C7
:10561000A5FE002041F2707100BF00BF00BF00BFB7
:1056200000BF00BF00BF00BF401C8842F4D3FF236F
:105630003A4641460A48FEF7F3F8022001F0F0FB33
:10564000002229463046FCF789FE2046BDE8F0419D
:1056500001221021FCF782BE00100240000002402F
:10566000841100202DE9F041044600680169E268D8
:1056700021F44051114301612169A068E2690843A6
:105680006169114308432168CA6849F20C639A436F
:105690000243CA6020684169A26921F44071114344
:1056A0004161E069192764253226B0F5004F354A7B
:1056B000354920684FF0000806D0884201D090425A
:1056C00036D1FDF709F935E0884201D0904202D188
:1056D000FDF702F901E0FDF7EFF861684A18A0FB59
:1056E000070148EB0803FAF7CBFD0146B0FBF5F0E4
:1056F0000201B1FBF5F06FF01803584301EB800095
:1057000006EBC000B0FBF5F000F0F80002EB400241
:10571000B1FBF5F0584301EB800006EBC000B0FB95
:10572000F5F000F00700216810448860BDE8F081C2
:10573000FDF7C2F861688B0F8A00A0FB0701FAF73A
:105740009FFD0146B0FBF5F06FF01802504301EBEE
:10575000800006EB0010B0FBF5F000F0F002B1FBAA
:10576000F5F002EB0012B1FBF5F06FF018035843AF
:1057700001EB800006EB0010B0FBF5F000F00F002D
:10578000D1E70000001401400010014010B5FEF701
:1057900011F8FEF7FDFE0449BDE810400122A1F119
:1057A0004000FDF7FFBE0000380E002090F83910D1
:1057B000212901D0022070478168B1F5805F016A1C
:1057C0000BD04A1C0262026809785160C18C491EE4
:1057D0000904090CC1840ED017E009880268C1F3DE
:1057E0000801516001690029016A02D0491C016267
:1057F000ECE7891CFBE70168CA6822F08002CA60F6
:105800000068C16841F04001C160002070472DE987
:10581000F041984617460E460446069D1DE0681C5A
:105820001BD02DB1FCF7A0FDA0EB0800A84214D9B5
:105830002068C16821F4D071C1602068416921F0FD
:1058400001014161202084F8390084F83A000020E9
:1058500084F838000320BDE8F0812068006836EA4B
:10586000000004D00020B842D9D00020F3E7012086
:10587000F9E700000148FDF77BBD0000F80D0020AE
:10588000FEE700000FB4054B10B503A9044A0298C7
:1058900000F0EAF810BC5DF814FB00001D6400087D
:1058A000440400200907090E002804DB00F1E02071
:1058B00080F80014704700F00F0000F1E02080F83D
:1058C000141D704702E008C8121F08C1002AFAD14F
:1058D00070477047002001E001C1121F002AFBD170
:1058E000704700002DE9FF5F82B00021DDE9043040
:1058F000020DDDF840B0034318D044F61050A2F278
:10590000FF3242431514119801281FD0A5EB0B005C
:10591000401C5FEA000A4FF000064E4FDFF8389156
:10592000B046504615D5CAF1000413E01198012481
:105930004AA3012801D16FEA0B010298119AC0E92C
:105940000031C0E9024206B0BDE8F09FCBF1000093
:10595000DFE704460021404A491842EB0450CDE9F4
:10596000001012E0E00707D032463B464046494669
:10597000FAF775FF8046894632463B46104619467F
:10598000FAF76DFF06460F466410002CEAD1DDE9F8
:105990000401DDE90023BAF1000F06DAFAF75FFF30
:1059A00042464B46FAF75BFF05E0FAF7CAFF42466C
:1059B0004B46FAF7C6FF04460E460022284BFBF77B
:1059C00047F803D84FF0FF30014607E00022254B8F
:1059D00020463146FAF79CFEFBF722F8102409E036
:1059E000002C0ADB0A220023FAF74AFC039B303220
:1059F0001A55641E50EA0102F2D1641C039AC4F1E4
:105A000011031444119A012A03D0012208430DD135
:105A10000AE0084304D000204FF0110B119072E708
:105A2000A3EB0B056D1E0DE05B4504DD4FF000029E
:105A300005F1010504E003DA4FF00002A5F10105CC
:105A4000002AECD002981199C0E90231C0E9004562
:105A500079E70000000014400000F03F3000000033
:105A60000000F0430000E03F2DE9FF4F95B09B465A
:105A70008946064600250FE2252877D100242746CF
:105A8000F84A0121059400E0044316F8013F203B49
:105A900001FA03F01042F7D130782A2811D06FF0C4
:105AA0002F033078A0F13002092A16D8059A44F065
:105AB000020402EB820203EB42021044761C0590C2
:105AC000EFE759F8042B0592002A03DA504244F418
:105AD0000054059044F00204761C30782E2816D12C
:105AE00016F8010F44F004042A280DD06FF02F029D
:105AF0003078A0F13003092B09D807EB870302EBBC
:105B00004303C718761CF3E759F8047B761C3078FA
:105B10006C280FD006DC4C2817D068280DD06A28D6
:105B200014D104E0742810D07A280FD10DE044F489
:105B300000140AE044F4801401E044F44014727844
:105B4000824202D104F58014761C761C30786628D7
:105B50000BD013DC582877D009DC002875D04528F5
:105B6000F6D04628F4D047281AD19DE118E06328E2
:105B700035D0642879D0652812D195E1702873D08A
:105B800008DC6728F1D069286FD06E280DD06F2807
:105B900006D1B5E073282CD0752875D0782874D03C
:105BA0005A46179990476D1C75E1C4F302500228BC
:105BB00009D003280DD0D9F8001004280DD00D60AD
:105BC00009F1040967E1D9F80010EA17C1E90052A8
:105BD000F6E7D9F800100D80F2E70D70F0E719F83C
:105BE000041B8DF8001000208DF80100EA4601200A
:105BF00003E059F804AB4FF0FF3061074FF00001AC
:105C000002D40DE008F101018846B9420FDA80455F
:105C1000F8DB1AF808100029F4D108E008F10101B6
:105C200088468142FADB1AF808100029F6D1059857
:105C30005B46A0EB080721463846179A00F094FA15
:105C4000284400EB080507E04DE029E10DE01AF8D3
:105C5000010B5A4617999047B8F10108F7D25B46F5
:105C600021463846179A13E142E00A220092C4F313
:105C700002524FF0000A022A08D059F804CB032A36
:105C80004FEAEC710AD00DE029E02AE009F10701A2
:105C900021F00702F2E802C1914609E00FFA8CFCFC
:105CA0004FEAEC71042A03D14FFA8CFC4FEAEC71F5
:105CB000002907DA0A460021DCF1000C61EB020141
:105CC0002D2202E0220504D52B228DF8042001228A
:105CD00003E0E20701D02022F7E7904659E00A21CD
:105CE00002E010220DE010214FF0000A00910BE0BD
:105CF00010224FF0000A44F004040827009203E049
:105D000008224FF0000A0092C4F30252022A05D082
:105D100059F804CB0021032A08D009E009F1070152
:105D200021F00702F2E802C1914605E01FFA8CFC5F
:105D3000042A01D10CF0FF0C4FF00008220728D5EF
:105D4000702806D0009B83F0100353EA0A0305D0A5
:105D50000EE040228DF80420012208E05CEA0102F6
:105D600006D030228DF804208DF8050002229046DE
:105D7000009B83F0080353EA0A030AD15CEA01029C
:105D800001D1620705D530228DF804204FF00108BB
:105D90007F1E582804D034A003900EA802900DE076
:105DA00036A0F9E753466046009AFAF769FA844646
:105DB0000398825C0298401E029002705CEA010027
:105DC000F0D1029806A9081A00F1200A600702D54E
:105DD00024F4803400E00127574502DDA7EB0A00D8
:105DE00000E0002000EB0A01009005984144401AB1
:105DF0000590E00306D45B462146179A059800F00B
:105E0000B3F90544002706E001A85A46C05D17997A
:105E100090476D1C7F1C4745F6DBE0030CD55B46C5
:105E20002146179A059800F09FF9054404E03020B8
:105E30005A46179990476D1C0099481E00900029FA
:105E4000F5DC08E0029802995A460078491C029154
:105E5000179990476D1CBAF10001AAF1010AF1DC13
:105E600065E100000928010030313233343536371E
:105E70003839616263646566000000003031323396
:105E80003435363738394142434445460000000036
:105E900000F058F90544761C307800287FF4ECAD0A
:105EA00019B02846BDE8F08F620700D4062709F133
:105EB000070222F0070CFCE80223E14603F0004849
:105EC0005FEA080C02D00FF2702C0DE05FEA045C70
:105ED00002D50FF2682C07E05FEAC47C02D00FF213
:105EE000602C01E0AFF2700C4FF0FF3823F000435C
:105EF000CDF850C065280CD006DC452809D04628CE
:105F00001DD047283DD13DE0662818D067287ED1B6
:105F100038E00021112F01DB112000E0781CCDE9D1
:105F2000000106A90EA8FFF7DDFCDDE90F010E9ABE
:105F300003910021009207F1010A04914DE04FF016
:105F400000400097CDE9011006A90EA8FFF7CAFC92
:105F5000DDE90F0203920E9B11990022DDF80CA0DF
:105F60000093049211B9791C00EB010AB7EB0A0007
:105F700004D4C0F1FF3007F1010A0490AAEB070036
:105F8000019044E0012F00DA01270021112F01DDEB
:105F9000112000E03846CDE9000106A90EA8FFF760
:105FA000A1FCDDE90F010E9A0391002104910092FA
:105FB000BA4621070CD40399514500DA8A46BAF152
:105FC000010F05DD009AAAF10101515C302908D0CA
:105FD000B84202DA10F1040F06DA0121CDE901100E
:105FE00015E0AAF10101E9E7002805DC0499014464
:105FF0000491AAEB000102E0411C514500DD8A46F4
:106000000499401A401C01904FF000400290200774
:1060100004D40198504501DBCDF8048000208DF8B0
:106020004F0002980DF14F07B0F1004F25D02B2003
:106030000E9002984FF0020800280CDA40420290BD
:106040002D200E9007E00A210298FAF7E9FA303184
:10605000029007F8011DB8F10001A8F10108F2DC77
:1060600002980028EFD1791E0E980870307800F061
:10607000200040F0450007F8020D12A8C01B00F1F7
:1060800007081498007800B1012000EB0A0101987C
:1060900001EBE07105984144401A401E0590E00371
:1060A00006D45B462146179A059800F05DF8054432
:1060B0001498007818B15A46179990476D1CE00360
:1060C00024D55B462146179A059800F04DF8054403
:1060D0001CE00498002807DBDDE90301884203DDAA
:1060E0000098405C179901E0179930205A46904774
:1060F000049805F10105401C04900198401E019090
:1061000004D12E205A46179990476D1CBAF1000110
:10611000AAF1010ADDDC05E017F8010B5A461799D0
:1061200090476D1CB8F10001A8F10108F4DC5B4652
:106130002146179A0598ABE62D0000002B000000C1
:10614000200000002DE9F041044600251E461746B8
:10615000880404D405E039462020B0476D1C641E35
:10616000F9D52846BDE8F0812DE9F0410446002527
:106170001E469046C80301D5302700E0202788043A
:1061800004D505E041463846B0476D1C641EF9D57C
:106190002846BDE8F0810000FFB50023EC46002250
:1061A000C3F10304E70000EB83050CEB830600BF9B
:1061B00051F82240FC40B45415F802E08EEA040E77
:1061C00005F802E0521C042AF2DB5B1C042BE6DB20
:1061D00004B00020F0BD2DE9F047E6B09146002262
:1061E000DDF8B8A15F926092619262920092019292
:1061F000029203920A4630AC01461D46A0465FA8B3
:10620000FAF782F804AA10215FA800F087FA0027A5
:106210002DE04946684600F095FD21466846FFF7A7
:10622000BBFF01266846103400F03AFA684600F0D9
:1062300061FA21466846FFF7AFFF684600F0E8F9CB
:10624000761C0A2EEEDB684600F054FA684600F031
:1062500027FA04F110016846FFF79EFF29466846B9
:1062600001F0B4FB103509F11009444610375745C9
:10627000CFD366B00020BDE8F0872DE9F043E1B050
:1062800090460A460021DDF8A0915E915F916091F1
:106290005D9159915A915B915C9101461D466C4606
:1062A0005DA8FAF731F86A4610215DA800F036FAC9
:1062B00000272DE0414659A800F044FD214659A889
:1062C000FFF76AFF012659A8103401F091FB59A885
:1062D00001F052FB59A800F05BFD214659A8FFF7D9
:1062E0005BFF761C0A2EEEDB59A801F081FB59A852
:1062F00001F042FB04F1100159A8FFF74DFF2946B8
:1063000059A801F063FB103508F110086C461037EE
:106310004F45CFD361B00020BDE8F0832DE9F047B1
:10632000284E00252C464FF480713046FCF70AF8C1
:1063300000B101244FF400713046FCF703F808B1B6
:1063400044F002044FF400511F48FBF7FBFF08B96B
:1063500044F004041D4E02213046FBF7F3FF08B958
:1063600044F0080401213046FBF7ECFF08B144F08B
:106370001004174F00214FF00A093878884644402E
:10638000012307F10C0600BF03FA01F222420FD0ED
:1063900016F801C00CF1010C0CF0FF0C06F801C05E
:1063A000BCF10A0F06D32A43D5B206F8019001E0EA
:1063B00006F80180491C49B20529E5DB68403870C0
:1063C000BDE8F087000C02400008024000100240C7
:1063D0007000002010B500231A4604E010F8014BAD
:1063E000521C2344D2B28A42F8D3D8B210BD000066
:1063F00070B5094DFF231A4605F5807606E000BF0B
:1064000010F8014B54402A5D5A40335D491EF7D2C3
:1064100042EA032070BD0000F4C9000813B5FF2351
:10642000012269460248FDF7FBF900981CBD0000F7
:10643000C411002070B5214D002401212846FBF72E
:1064400081FF00B9802402212846FBF77BFF08B9B1
:1064500044F0400404212846FBF774FF08B944F0D7
:10646000200408212846FBF76DFF08B944F010040A
:1064700010212846FBF766FF08B944F008042021E4
:106480002846FBF75FFF08B944F004044021284682
:10649000FBF758FF08B944F0020480212846FBF7B7
:1064A00051FF08B944F00104210904F00F0001EB89
:1064B000810100EB4100C0B270BD0000000C024041
:1064C00010B55A210020FAF745FE00BF00BF00BFFB
:1064D00000BF96212020FAF73DFE00BF00BF00BF9D
:1064E00000BF00212120FAF735FE00BF00BF00BF2A
:1064F00000BF00210120FAF72DFE00BF00BF00BF42
:1065000000BF2D211120FAF725FE00BF00BF00BFFC
:1065100000BF2D211220FAF71DFE00BF00BF00BFF3
:1065200000BF00211020FAF715FE00BF00BF00BF1A
:1065300000BF55211320FAF70DFE00BF00BF00BFBA
:1065400000BFAA211820FAF705FE00BF00BF00BF58
:1065500000BF00211720FAF7FDFD00BF00BF00BFFC
:1065600000BF0A211420FAF7F5FD00BF00BF00BFED
:1065700000BF0A211520FAF7EDFD00BF00BF00BFE4
:1065800000BF02211620FAF7E5FD00BF00BF00BFE3
:1065900000BF00214F20FAF7DDFD00BF00BF00BFA4
:1065A00000BF00213020FAF7D5FD00BF00BF00BFBB
:1065B00000BF00213120FAF7CDFD00BF00BF00BFB2
:1065C00000BF00213220FAF7C5FD00BF00BF00BFA9
:1065D00000BF00213320FAF7BDFD00BF00BF00BFA0
:1065E00000BF00213420FAF7B5FD00BF00BF00BF97
:1065F00000BF00212520FAF7ADFD00BF00BF00BF9E
:1066000000BF0021BDE810402620FAF7A3BD00001E
:106610002DE9F04F214B834688B00FCB8DE80F005A
:10662000002104AA002002EB81030BEB8104255C0E
:106630001D54401C0428FADB491C0429F2DB002508
:10664000EA4600240BEB85090AEB85060DF11008DC
:106650001AF8250018F80410FBF7B3F8A044074611
:1066600098F804107078FBF7ACF8474098F80810D9
:10667000B078FBF7A6F8474098F80C10F078FBF7D5
:10668000A0F8474009F80470641C042CDEDB6D1C84
:10669000042DD6DB08B00020BDE8F08FA4C00008B0
:1066A000FFB500210091019102916D4620260391D2
:1066B00000EB8103CF001A6812BA22F0FF04DA78E7
:1066C000144324FA07F24F4245F8214006EBC7076E
:1066D000BC40224345F82120140E00F82140140C40
:1066E0005C70140A9C70491CDA700429E0DB04B069
:1066F0000020F0BD30B5084C0022002100EB8203E1
:106700005D5C655D5D54491C0429F9DB521C042A5B
:10671000F3DB002030BD000081010020F0B5114600
:1067200002F1B0035FF0000400EB84052E68ED7801
:1067300036BA26F0FF062E4341F82460641C042C70
:10674000F2DB224D224F0024C86805EB1066C0F32F
:10675000074C367815F80CC086EA0C66C0F3072C97
:1067600015F80CC04FEA0C4C55FA80FE9EF800E07C
:106770008CEA0E2C86EA0C0651F810CB86EA0C0641
:1067800057F824C0641C86EA0C060E6051F80CCC45
:106790008CEA060CC1F804C051F8086C86EA0C06B5
:1067A0007040C1E902600A2CCEDB0021A03200203B
:1067B00052F8204043F82040401C0428F8DB491CD4
:1067C000103A10330B29F2DB0020F0BD81000020CD
:1067D0006CC000082DE9F0410024FBF707F82249BE
:1067E00001254B782BB10022012B06D0022B37D18B
:1067F0000DE0A8B34D70887032E08B78984204D1D8
:106800000220487043F0A00421E04A7028E050B113
:106810008E78B04224D1CB785B1CDBB2CB700F7981
:10682000012F07D00DE04A70CA700A71887840F0D5
:10683000D0040CE0032B04D9CA7040F0C004887067
:1068400005E0962B0CD90D71CA7046F0B0043CB12E
:10685000064978200122087720210548FBF77EFDB4
:106860002046BDE8F081000070000020980500205F
:10687000001002402DE9FC5FF949FA4D8C7D44F08F
:1068800008048C75867995F800A04EBBC57815B1C3
:1068900084F0200401E044F020048C75C47864077F
:1068A0008C7D02D584F0010401E044F001048C7574
:1068B000BAF1010F03D08C7D24F0040408E0C47801
:1068C00024078C7D02D584F0040401E044F0040424
:1068D0008C754479650804D0022C08D0032C0AD0AA
:1068E0000FE08C7D24F0400444F0800408E08C7DAF
:1068F00044F0400402E08C7D84F0400424F08004E5
:106900008C7500240A26D84DBAF1010F0AD00778F9
:1069100064F3070364F30F23002F78D04778012F27
:1069200076D0A5E090F80AC0D04FBCFBF6F817F877
:10693000088068F30703BCFBF6F806FB18CC17F8D1
:106940000CC06CF30F2390F800C0BCF1000F60D0B6
:1069500090F801C0BCF1010F03D0BCF1020F25D0AB
:1069600048E090F80EC0BCF1000F0CD0C479B4FB25
:10697000F6FC15F80CC06CF31742B4FBF6FC06FBF2
:106980001C442C5D01E064F3174264F31F62047A37
:10699000B4FBF6FC17F80CC06CF31743B4FBF6FC21
:1069A00006FB1C443C5D64F31F6323E090F80EC0BB
:1069B000BCF1000F0CD0047AB4FBF6FC17F80CC045
:1069C0006CF31743B4FBF6FC06FB1C443C5D01E092
:1069D00064F3174364F31F63C479B4FBF6FC15F842
:1069E0000CC06CF31742B4FBF6FC06FB1C442C5D98
:1069F00064F31F62447BB4FBF6FC17F80CC06CF325
:106A00000702B4FBF6FC06FB1C443C5D36E01CE0D0
:106A100019E0047AB4FBF6FC17F80CC06CF31743CA
:106A2000B4FBF6FC06FB1C4490F807C03C5D64F325
:106A30001F63BCFBF6F42C5D64F31742BCFBF6F459
:106A400006FB14C4D3E7877B77B1C779B7FBF6FCA5
:106A500015F80CC06CF31742B7FBF6FC06FB1C776D
:106A6000EF5D67F31F6203E064F3174264F31F6294
:106A700064F3174364F31F6364F3070264F30F22A4
:106A8000047B91F81680B4FBF6F7B4FBF6FC06FB2A
:106A90001C44EF5D2C5D08F0F00CDDB20CEB151C16
:106AA00081F800C04FEA051CC3F307250CEB151C49
:106AB00081F801C04FEA051CC3F307450CEB151C18
:106AC00081F802C02D011B0E05EB1315CD701D01C1
:106AD000D3B205EB13150D711D01C2F3072305EBAE
:106AE000131503F00F0363F31F184FEA124C4FEA1C
:106AF0000C13120E4D7103EB121381F80680CDF8C2
:106B000004C01201CB7102EB17120A723A0102EBB8
:106B100014124A7222018A72427ADFF85491B2FB4F
:106B2000F6F3B2FBF6F406FB1323C27B19F803B0AD
:106B3000B2FBF6F319F804E0B2FBF6F406FB1323FC
:106B400019F8047019F803C0CDF800C0028A642354
:106B5000B2FBF3F5B2FBF3F403FB1423B3FBF6F43F
:106B6000B2FBF6F306FB132319F8055019F804409D
:106B700019F8033090F812C0BCFBF6F819F8082099
:106B8000BCFBF6F806FB18CC19F80C60DDF804C065
:106B90000CF0F0080BF00F0CC4444CF0080C81F81A
:106BA0000BC00BF0F0080EF00F0CC4444CF0080CB6
:106BB00081F80CC0DDF800C00EF0F0080CF0070CF6
:106BC000C44481F80DC0DDF800C007F00F080CF0D8
:106BD000F00CC4444CF0080C81F80EC090F802C0D0
:106BE000BCF1000F74D0C07A40B101282AD002282D
:106BF00040D0032858D004286CD091E007F0F00072
:106C000003F00F073844C87303F0F00004F00F03DB
:106C10001844087404F0F00005F00F031844487499
:106C200005F0F00006F00F031844887406F0F00039
:106C300002F00F03184440F00800C87402F0F0009E
:106C40000E306CE007F0F00003F00F07384440F01E
:106C50000800C87303F0F00004F00F03184416E0B6
:106C60003C0700204200002058C000084EC0000829
:106C700062C0000807F0F00003F00F073844C87343
:106C800003F0F00004F00F03184440F0080008740B
:106C900004F0F00005F00F031844487405F0F0000C
:106CA00006F00F0318442EE007F0F00003F00F0782
:106CB0003844C87303F0F00004F00F03184408745C
:106CC00004F0F00005F00F03184440F00800E4E77A
:106CD00031E0FFE707F0F00003F00F073844C87316
:106CE00003F0F00004F00F031844087404F0F000FF
:106CF00005F00F031844487405F0F00006F00F0388
:106D0000184440F00800887406F0F00002F00F0309
:106D1000184440F00800C87402F0F000801D0875A7
:106D2000BAF1010F03D0087D00F0FB000875BDE843
:106D3000FC5FFAF719BD07F0F00003F00F073844C5
:106D400087E7000030B500235FF0000200EB82050A
:106D500011F8014B521CEC54042AF7DB5B1C042B8A
:106D6000F2DB002030BDFBF70DFBFEF7CFFAFDF79D
:106D700021FB00F063FFFBF777FBFDF791FB00F0D1
:106D800069F8FDF7C7FAFDF779FB00F07DF8FEE73B
:106D90002DE9F04F214B834688B00FCB8DE80F00D3
:106DA000002104AA002002EB81030BEB8104255C87
:106DB0001D54401C0428FADB491C0429F2DB002581
:106DC000EA4600240BEB85090AEB85060DF1100855
:106DD0001AF8250018F80410FAF7F3FCA044074647
:106DE00098F804107078FAF7ECFC474098F808100F
:106DF000B078FAF7E6FC474098F80C10F078FAF70C
:106E0000E0FC474009F80470641C042CDEDB6D1CB8
:106E1000042DD6DB08B00020BDE8F08F94C0000838
:106E200010B5EFF3058179B9EFF3108111B9EFF3E4
:106E3000118119B106490968022905D0002408B159
:106E400001F02AF8204610BD6FF00504FAE70000B3
:106E500018040020EFF3058068B9EFF310820949A8
:106E6000086812B9EFF311820AB1022803D028B1E1
:106E70004FF0FF3070476FF0050070470120086049
:106E8000002070471804002010B5EFF3058070B99A
:106E9000EFF310820A49086812B9EFF311820AB1C0
:106EA000022804D0012805D04FF0FF3010BD6FF04C
:106EB000050010BD0220086001F056F8002010BD4A
:106EC00018040020F8B51D466FF003026FF00206AB
:106ED0004FF00004EFF30583A3B9EFF3108313B968
:106EE000EFF311831BB1154B1B68022B0AD060B165
:106EF00059B12A4603F066FF012810D075B16FF032
:106F000001040CE008B101B10DB1144607E0002204
:106F100000926A4603F0F2FF012802D03446204670
:106F2000F8BD00980028FAD005494FF0805008605D
:106F3000BFF34F8FBFF36F8FF1E7000018040020FD
:106F400004ED00E0F8B514464FF00005EFF30582BC
:106F50006ABBEFF3108212B9EFF311821AB1154A2E
:106F60001268022A23D010B309B3ACB1D4E90232BB
:106F70006BB1502A1BD32269CAB1676900FB01F6C5
:106F8000B74214D30025009503F096FD07E072B9CF
:106F9000226962B9626952B9002203F069FD0500F5
:106FA00005D00CB1216800E0002100F03FFF284629
:106FB000F8BD000018040020F8B51D466FF003026C
:106FC0006FF002064FF00004EFF30583ABB9EFF367
:106FD000108313B9EFF311831BB1164B1B68022BFF
:106FE0000BD068B161B100232A4603F0DDFD012812
:106FF00011D07DB16FF001040DE008B101B10DB108
:10700000144608E00022134600926A4603F07CFE14
:10701000012802D034462046F8BD00980028FAD056
:1070200005494FF080500860BFF34F8FBFF36F8F5B
:10703000F1E700001804002004ED00E02DE9FF4115
:107040004FEA01034FF00005EFF30581039599BB6B
:10705000EFF3108111B9EFF3118119B11F490968DC
:10706000022938D040B38026182100244AB317687B
:1070700007B13C4697691FB139467F1E382F02D2AF
:107080001779FF0703D0002004B0BDE8F0815769ED
:1070900007B1BE08D2F808C0BCF1000F0DD0D5680A
:1070A0005C2D18D312693AB137B18DE8061032461B
:1070B000214604F0C0FB03900DE0D7685FB9126968
:1070C0004AB903AACDE90012B2B2214604F086FB08
:1070D000012800D003950398D6E70000180400208B
:1070E0002DE9F041134C0F46054666692068001DE6
:1070F00000F092FC681C07D137B12168BDE8F0416F
:107100000D48091D00F0E8BD20683544B5424560D2
:10711000216805D2A068BDE8F041091D00F0C4BD9A
:107120006068091D00F0C0FD206B854200D2256318
:10713000BDE8F081C8030020141700202DE9F041BC
:10714000054600F0D5FD2D4C2069401C20612068CB
:107150002B4F10B1E06930B32BE025602069012886
:1071600027D1002606EB860007EB800000F08EFD9D
:10717000761C382EF6D3234800F088FD21481430C1
:1071800000F084FD1F48283000F080FD1D483C3091
:1071900000F07CFD1B48503000F078FD194860601D
:1071A0001430A06005E02068E96AC06A884200D80F
:1071B0002560E06A401CE0626864E86AA169884270
:1071C00000D9A06100EB800007EB8000291D00F0D2
:1071D00083FD00F0ADFDE06900280CD02068E96A6D
:1071E000C06A884207D208494FF080500860BFF358
:1071F0004F8FBFF36F8FBDE8F0810000C803002000
:1072000064120020C416002004ED00E038B500F040
:107210006FFD104CA068C8B90F4800F037FD0E484C
:10722000143000F033FD0C482060143060600A4BCD
:1072300000202833009003F1500210210A2003F0AF
:107240003BFCA06010B105A100F0F0FDBDE83840A6
:1072500000F06EBD0404002028170020546D725108
:107260000000000030B4026C0B46002A0BD0C1684D
:107270001144C1608468A14201D30168C16030BC7F
:107280001846F9F741B830BC70472DE9F041856BDD
:10729000174604460026026C82B1C7B1E068F9F7D0
:1072A00033F8E168206C091AE1602268914202D249
:1072B000A168081AE060022F16D017E02068A8B96C
:1072C000A06804F05BFB06460020A0600EE060684A
:1072D000F9F71AF8216C606808446060A168884278
:1072E00004D32068606001E005B16D1E6D1CA563CC
:1072F0003046BDE8F08110B5044690F8590058B109
:1073000001280CD002280FD0502080F31188BFF341
:107310004F8FBFF36F8FFEE7206B00F01DFD2046FF
:10732000BDE8104000F018BD10BD000010484FF43B
:10733000F041420706D0C01D0D4920F00700411A58
:10734000C1F5F0410B4A00230144C2E900030839AA
:10735000103A21F0070111604B600B600B1AC0E975
:10736000001393604FF000405360D06070470000FE
:10737000F81E00202C040020144E154CA6F29C4749
:107380004FF08058DFF84C9012E000BF00F0B0FCE6
:10739000F068C568281D00F03FFB2069401E206191
:1073A000E068401EE06000F0C3FC2846FFF7A3FF42
:1073B000E0680028EAD138680128F9D9C9F80080C6
:1073C000BFF34F8FBFF36F8FF2E70000001700206D
:1073D000C803002004ED00E070B51D46049C51B1C7
:1073E000C4F80020C4E90F010121204603F098FBF6
:1073F00084F84C5070BD2460F4E700002DE9F05F84
:107400008846DDE90B941546834691009A460A9E0C
:10741000A522206BF8F78AFF6FF00301206B01EBC8
:107420008501084420F00707780707D0502080F333
:107430001188BFF34F8FBFF36F8FFEE70025B8F1C0
:10744000000F0FD05FF00000221818F8001082F82B
:10745000341018F8001011B1401C1028F4D384F82F
:10746000435001E084F83450382E00D33726E662CA
:10747000C4E91365201D00F014FC04F1180000F0AD
:1074800010FC2461C6F138006462A061656584F86F
:10749000585052465946384600F058FA2060B9F123
:1074A000000F01D0C9F80040BDE8F09F30B5114988
:1074B00000E011460A688242FBD34B685C188442A4
:1074C00003D1406818444860084643681C18944239
:1074D00009D1084C103C2468A24209D052681A44D1
:1074E00042600A6812680260814200D0086030BDC4
:1074F0000460F9E72C04002070B5002441600B4DB6
:107500000061914206D8D11A8269914206D2011DCA
:10751000686807E09A4203D2994201D3012403E04C
:10752000011D286800F0C0FB204670BD0404002047
:1075300010B5044600F0DCFBA06B28B15FF000043E
:1075400000F0F6FB204610BD0124F9E730B589B004
:107550003C4D6EE00498002806DADDE90601059A44
:1075600090470498002864DB069C606910B1201DD8
:1075700000F052FA03A800F0D7F8024604980A284F
:1075800057D2DFE800F00505052D334A05052D33F8
:1075900094F8280040F0010084F828000599A069BB
:1075A000059B01442046FFF7A7FF68B3216A2046E8
:1075B000884794F8280040073BD5002000900598A4
:1075C000A169002342181946204604F0E1FAD8B90F
:1075D000502080F31188BFF34F8FBFF36F8FFEE70A
:1075E00014F8280F20F00100207022E094F8280001
:1075F00040F0010084F828000598A06128B18118A6
:1076000013462046FFF778FF13E0502080F31188DF
:10761000BFF34F8FBFF36F8FFEE794F82800810709
:1076200003D4204600F098FB03E020F0010084F82A
:107630002800002204A9A86803F0C4FB002889D10F
:1076400009B030BD040400202DE9FC410F46054679
:1076500000F0CEFC01A800F067F80446019818B1CC
:1076600004F004FABDE8FC81254EAFB170680068F3
:10767000D0B30027291B3A46B06800F0EBFB04F0BA
:10768000F5F90028EED11F494FF080500860BFF394
:107690004F8FBFF36F8FE5E7A542EBD804F0E6F913
:1076A00030682746C068C468201D00F0B5F994F81A
:1076B0002800410719D5A0692B4641193A462046B2
:1076C000FFF71AFFA8B100200346014600902A46A2
:1076D000204604F05DFA60B9502080F31188BFF3B2
:1076E0004F8FBFF36F8FFEE707E020F0010084F8B3
:1076F0002800216A20468847B4E70127BAE700003E
:107700000404002004ED00E006484168096829B13E
:107710004168C968C9684968016370474FF0FF3123
:10772000FAE70000C803002070B5054604F0BCF875
:10773000064E04463069844203D200F009F8012065
:1077400000E0002028602046346170BD0404002061
:10775000F8B5194D20E0C068C4680668201D00F027
:107760005BF9216A2046884794F82800400713D522
:10777000A0693044B04206D924616060211D2868A8
:1077800000F092FA08E000200346014600903246DD
:10779000204604F0FDF938B1286801680029DAD1E3
:1077A0006968C5E90010F8BD502080F31188BFF367
:1077B0004F8FBFF36F8FFEE7040400200848406836
:1077C000401C4FF0500080F3118804D0BFF34F8F5E
:1077D000BFF36F8FFEE7BFF34F8FBFF36F8FFEE7EF
:1077E00034040020074C2068016841B1C0680021C2
:1077F000D0F80000FFF728FFFFF7A8FEF3E701210C
:107800000020F7E7040400202DE9F041044600F0D1
:107810006FFA94F9455004F1240609E0606A48B112
:10782000304604F0EBF808B100F064FB6D1E6DB259
:10783000002DF3DC4FF0FF3684F8456000F078FA55
:1078400000F056FA94F9445004F1100709E0206959
:1078500048B1384604F0D2F808B100F04BFB6D1E79
:107860006DB2002DF3DC84F84460BDE8F04100F017
:107870005FBA00002DE9F0410546002700F0B8FB93
:10788000314E306808B9FFF751FDF06805424BD121
:10789000C5B3083568070ED005F00700C0F1080031
:1078A0000544680707D0502080F31188BFF34F8F3D
:1078B000BFF36F8FFEE72DB37068854234D822483E
:1078C000103001460C6801E020460C466168A94270
:1078D00002D221680029F7D131688C4224D0076890
:1078E0002168016060680837411B10290FD96019B1
:1078F000420708D0502080F31188BFF34F8FBFF3A9
:107900006F8FFEE710E041606560FFF7CFFD6168B3
:107910007068401A7060B268904200D2B060F0683F
:1079200001430020C4E9000104F0A0F8780707D063
:10793000502080F31188BFF34F8FBFF36F8FFEE7A6
:107940003846BDE8F08100001C04002010B5031F7C
:107950004FF080741C601B1F21F001011960191F7A
:10796000044B0B6014390A60091F6FF0020244389F
:107970000A6010BDBD770008FFB50021009101919C
:1079800002916D462026039100EB8103CF001A6817
:1079900012BA22F0FF04DA78144304FA07F24F42D5
:1079A00045F8214006EBC707FC40224345F821205B
:1079B000140E00F82140140C5C70140A9C70491CD1
:1079C000DA700429E0DB04B00020F0BD10B500231C
:1079D0005FF0000200EB8204521CE45C01F8014BF2
:1079E000042AF7DB5B1C042BF2DB002010BD000037
:1079F00030B5084C0022002100EB82035D5C655D20
:107A00005D54491C0429F9DB521C042AF3DB0020D5
:107A100030BD000081000020D0E9013201699A6088
:107A2000D0E901235A604A68824201D182684A60E3
:107A3000002202610868401E086008687047000064
:107A4000034B036003F15C00086080201060704706
:107A500040180020044B036003F15C0008604FF401
:107A600080701060704700009C1A002008B500204C
:107A70000246009003210520FFF764FA124CA06033
:107A800018B1FAF7D3FCFAF73DFBFEF747FC00F01C
:107A900003018DF800100021420700D5012110F0EC
:107AA000180F01D041F002018DF80110FEF792FE8F
:107AB0008DF8020000231A466946A068FFF77CFA99
:107AC0001420FFF7ADF9E0E77000002086B004460F
:107AD000FCF7E8FA7820DFF838912077012220219E
:107AE0004846FAF73BFC4BA0FDF7CCFE4F4D504EFD
:107AF00040F6E4474FF00008E07E8DF80000E17B9F
:107B00008DF8011020788DF8030060788DF804005E
:107B1000607B8DF80500E07A8DF80200A0788DF882
:107B20000700E0788DF8080020798DF80900607969
:107B30008DF80A00A0798DF80C00E0798DF80D0021
:107B4000E07F8DF80F00208CADF8100094F8220033
:107B50008DF8120094F823008DF813009DF80600AC
:107B6000401CC0B28DF806003C282DD99DF80B2092
:107B70004046521CD2B28DF806808DF80B20042AA4
:107B800001D98DF80B0029B19DF80E0038B1002005
:107B90008DF80E00207F20B1401E207706E00120E6
:107BA000F6E7002220214846FAF7D8FB00220821F8
:107BB0007020FCF728FD002208217020FCF723FD2F
:107BC000FBF752FFFBF750FF6846FEF753FE28888D
:107BD000401C80B22880FA2807D91648007801286E
:107BE00003D1A5F80080FAF7E1FC3088401C80B290
:107BF0003080B84207D910480078012803D1A6F890
:107C00000080FAF7D3FC0C20FFF70AF974E70000B4
:107C1000001002406C6364207461736B20696E69AC
:107C2000742073756363657373000000260300207E
:107C3000900200202203002086020020F8B51048A0
:107C4000016841F00201016000680E4C00F0020082
:107C500000904FF480702060022501200A4EE560FC
:107C6000606021463046FAF791FA28022060112020
:107C7000E560606021463046BDE8F840FAF786BA14
:107C800030380240000600200004024000F10801E4
:107C90004FF0FF32C0E90112C160016100210160B3
:107CA000704700210161704730B50B685A1C02D043
:107CB00000F1080202E0026904E0224654682568E7
:107CC0009D42FAD953684B6099608A60516008619F
:107CD0000168491C016030BD42684A6093688B604E
:107CE00093685960916008610168491C01607047A0
:107CF000502080F31188BFF34F8FBFF36F8F0A4975
:107D00004868401C486001280CD10848006810F001
:107D1000FF0F07D0502080F31188BFF34F8FBFF3C0
:107D20006F8FFEE7704700003404002004ED00E090
:107D30000849486828B1401E486001D180F3118885
:107D40007047502080F31188BFF34F8FBFF36F8FC0
:107D5000FEE700003404002070B5002827D0144D41
:107D6000A0F108046168E868014207D1502080F35F
:107D70001188BFF34F8FBFF36F8FFEE722683AB1D0
:107D8000502080F31188BFF34F8FBFF36F8FFEE752
:107D90008143616000F02CF960686968084468609C
:107DA0002046FFF783FBBDE8704003F05FBE70BD67
:107DB0001C0400204FF0E020002101618161054991
:107DC0004FF47A720968B1FBF2F1491E4161072153
:107DD00001617047C403002010B5F8F73BFA114960
:107DE00010280ED300F1E02090F8F0030A789042BA
:107DF00007D2502080F31188BFF34F8FBFF36F8FEE
:107E0000FEE709480068896800F4E060884207D905
:107E1000502080F31188BFF34F8FBFF36F8FFEE7C1
:107E200010BD0000340400200CED00E010B5084B3C
:107E3000002200BF53F832401CB1521C082AF9D36B
:107E400010BD43F8321003EBC201486010BD0000C2
:107E50002412002070B515460E460446FFF748FF71
:107E600094F944100020491C01D184F8440094F98D
:107E70004510491C01D184F84500FFF759FFA06B5C
:107E800028B92A46314604F1240000F051F8204672
:107E9000BDE87040FFF7B8BC10B5020014D00F4821
:107EA000806B38B1502080F31188BFF34F8FBFF340
:107EB0006F8FFEE700F09CF800211046FFF710F9E5
:107EC00003F0D4FD002807D105494FF08050086029
:107ED000BFF34F8FBFF36F8F10BD0000C8030020AA
:107EE00004ED00E002498A6A026049694160704716
:107EF000C80300200149012048627047C8030020E0
:107F000010B50C4650B1094909681831FFF7CCFE8D
:107F10002046BDE810400121FFF7E2B8502080F371
:107F20001188BFF34F8FBFF36F8FFEE7C8030020A8
:107F300070B514460D4668B10A4909681831FFF753
:107F4000CBFE0CB14FF0FF3521462846BDE870400E
:107F5000FFF7C6B8502080F31188BFF34F8FBFF3EF
:107F60006F8FFEE7C803002030B587B0002403946C
:107F700005AA04A903A80494FFF762FDDDE9030143
:107F80000094CDE90110002315A11748059A03F0CC
:107F900052FC164D002868631FD003F0C9FD01286C
:107FA00009D0401C19D1502080F31188BFF34F8FA6
:107FB000BFF36F8FFEE7502080F31188BFF34F8F20
:107FC000BFF36F8F4FF0FF3028630120E8616C61D1
:107FD00007B0BDE8304002F0D1BC07B030BD0000B2
:107FE00049444C450000000079730008C803002094
:107FF0000248816B491C816370470000C803002060
:10800000164810B5816B11B10121416210BD0021EC
:1080100041628169124A01E0B9B1491E01EB810355
:1080200052F82330002BF7D001EB810302EB8302DF
:1080300002F1080453685B685360A34201D15B6896
:108040005360DA680260816110BD502080F31188AE
:10805000BFF34F8FBFF36F8FFEE70000C803002010
:1080600064120020B2B00546142109A8F8F765F99A
:1080700014210FA8F8F761F90024224613210820E3
:108080001594FEF75FFFFE4EB060B8B1A88CFDF707
:1080900021FADFF8F0B3B0460221FB48FAF757F9AE
:1080A00095F8260088F804004646FF23002209A917
:1080B000D8F80800FEF706FF20B1FDE3F3A0FDF7B6
:1080C000E1FBE6E7F94F4FF0010986F802907C707A
:1080D00000203918401CC0B2CC701028F9D3307879
:1080E000B046002877D19DF829A0AAF1B0000A284F
:1080F00072D2DFE800F00537715A71717299BEE5EE
:1081000028798DF8640068798DF86500287A8DF8F3
:108110006600687800F00F018DF86710810707D0BE
:1081200000F00301AA22491ECA408DF8672001E031
:108130008DF8674010F0300F07D0C0F30110AA216E
:10814000401EC1408DF8681001E08DF86840287825
:10815000800703D5AA208DF8690001E08DF86940F9
:10816000062639E19DF82A00411F2E291AD28DF8E2
:10817000649040F2771110FB01F04FF6FF7101EAB5
:108180004000E88206208DF858009DF82A008DF8FE
:1081900059008DF85A408DF85C408DF85B408DF8A1
:1081A0005D4039E08DF8644000E19DF82A000B281D
:1081B000F8D2C0EBC00000EB80004FF4617202EB1C
:1081C00000106422B0FBF2F08DF86490E870A870A3
:1081D00085F80990EAE026E1F2E09DF82A00811E88
:1081E0001329DFD28DF8649040F2771110FB01F073
:1081F0004FF6FF7101EA4000288306208DF85800F1
:108200008DF859408DF85A408DF85C409DF82A0051
:108210008DF85B408DF85D00A548FF23002216A96C
:108220000068FEF7C9FEC1E0A2498DF864407820DD
:1082300008770126324620219F48FAF78FF89DF8EB
:108240002A00AA2805D18DF86490287A40F0010010
:1082500028729BF80000012831D18DF865409DF807
:108260002B00AA282AD18DF86590287A40F00200C8
:1082700023E090498DF86440782008770126324643
:1082800020218D48FAF76AF89DF82A00AA2805D11E
:108290008DF86490287A00F0FE0028729BF80000A8
:1082A00001280CD18DF865409DF82B00AA2805D136
:1082B0008DF86590287A00F0FD00287202268BE088
:1082C0009DF82A00042844D006DC01280BD002289F
:1082D00018D0032874D129E0052847D0062867D094
:1082E0005A28F7D16DE095F822008DF86400288CAB
:1082F000010A8DF865108DF86600E87F8DF867003B
:10830000042669E06B4880F822400484C4778477AF
:1083100004208DF858008DF859408DF85A408DF89A
:108320005C408DF85B408DF85D4008E061494FF49A
:108330009640888403208DF858004B2011E05C485B
:1083400000231A4616A90068FEF736FE8DF86490E1
:108350002CE058494FF41640888403208DF85800CB
:1083600096208DF859008DF85A40E8E79DF82B00CB
:10837000A0F1090138290CD84E490126887085F8EA
:1083800009909DF82C008DF864900938382805D99B
:1083900022E09DF82C000938382811D845499DF86D
:1083A0002C00C87085F809908DF86490012613E0C0
:1083B000404881788DF86410C0788DF865007DE7BD
:1083C0003EE03A490020133119AA0B5C1354401CBB
:1083D000C0B22028F9D3202698F80400FE2822D025
:1083E0007E218DF894108DF895008DF896A00020D0
:1083F00019A90DF1940A05E00B5C0AEB0002401C80
:10840000D370C0B2B042F7D3F11C5046FDF7F0FF75
:108410000AEB0601020ACA7008717F204871B11D7B
:1084200025A8FDF7E5F898F800004646012807D191
:108430009BF800009DF82AA0012802D000287DD0DA
:10844000F3E35046BAF1200F79D008DC012877D049
:10845000022876D0032875D0102808D14FE02128B3
:1084600071D0222870D0DA286FD0DB286ED0A320FC
:108470008DF804009DF829008DF805001EE000002D
:108480002003002042000020000002407561727449
:10849000207461736B2068617665206E6F20656E55
:1084A0006F75676820686561700000004C110020DE
:1084B0003C000020980500200010024098F80400BD
:1084C0008DF8060007208DF8080003208DF80900BC
:1084D0008DF807A0062101A8FDF77CFF8DF80A00A2
:1084E000072101A8FDF784F88DF82540002009A98F
:1084F0000A18401CC0B2D4701028F9D395E3A32009
:108500008DF804009DF829008DF8050098F8040006
:108510008DF8060011218DF808108DF809900220C1
:108520008DF807A08DF80A0028798DF80B0068797E
:108530008DF80C00E87A4A46C00708E038E3BEE14F
:1085400069E0BFE0E6E044E28AE2B1E2FCE213D097
:10855000687810F00F0008D0012808D0022808D051
:108560005FF013008DF80D0008E01020FAE71220EC
:10857000F8E78DF80D1001E08DF80D40E87A8007DE
:1085800012D5687810F0F00007D0102807D0202806
:1085900007D013208DF80E0008E01020FAE7122013
:1085A000F8E78DF80E1001E08DF80E40687B8DF82D
:1085B0000F00287810B1012802D004E0F02000E07C
:1085C000FF208DF81000287BAA2808D08DF81140D4
:1085D0002878800706D5AA208DF8120004E08DF8CF
:1085E0001120F5E78DF812408DF81340102101A8F5
:1085F000FDF7F0FE8DF81400112101A8FCF7F8FF3B
:108600008DF82540002009A90A18401CC0B2D4707A
:108610001028F9D309E3A3208DF804009DF8290060
:108620008DF8050098F8040019218DF808108DF8D0
:108630000990F1228DF80A2002228DF80B208DF886
:10864000060014228DF810208DF807A08DF80C90EC
:108650008DF8149048468DF80D408DF811100322C6
:108660008DF815408DF818408DF80E408DF81220C9
:108670008DF816408DF819008DF80F408DF8131005
:108680008DF817408DF81A00297BAA2917D08DF88C
:108690001B40182101A8FDF79DFE8DF81C00192133
:1086A00001A8FCF7A5FF26468DF82540002009A962
:1086B0000A18401CC0B2D6701028F9D3B5E28DF864
:1086C0001B00E6E7A3208DF804009DF829008DF833
:1086D000050098F804008DF8060007208DF80800C2
:1086E00003208DF809008DF807A0062101A8FDF7E9
:1086F00071FE8DF80A00072101A8FCF779FF8DF8BB
:108700002540002009A90A18401CC0B2D4701028C6
:10871000F9D38AE2287BAA289DF82C0007D00128EB
:1087200076D0022874D0032872D0C0B37EE001282E
:1087300005D0022803D0032801D038B10DE0E87A33
:10874000C0070AD1287A40F0010005E0E87AC007A6
:1087500003D0287A00F0FE0028729DF82D00012831
:1087600005D0022803D0032801D038B10DE0E87A03
:1087700080070AD4287A40F0020005E0E87A8007F2
:1087800003D5287A00F0FD0028729DF82E000128FC
:1087900006D0022804D0032802D018B104E03EE03D
:1087A000AA2000E055202873A3208DF804009DF82E
:1087B00029008DF8050098F804008DF806000A20BD
:1087C0008DF808008DF807A08DF809909DF82C0011
:1087D0008DF80A009DF82D008DF80B009DF82E00F5
:1087E0008DF80C00092101A8FDF7F4FD8DF80D00AE
:1087F0000A2101A8FCF7FCFE8DF82540002009A9FC
:108800000A18401CC0B2D4701028F9D33FE3FFE728
:10881000E87AC0070AD1287A40F0010005E0E87A3A
:10882000C00703D0287A00F0FE0028729DF82D00C2
:10883000012805D0022803D0032801D038B10DE06B
:10884000E87A80070AD4287A40F0020005E0E87A46
:10885000800703D5287A00F0FD002872A3208DF848
:1088600004009DF829008DF8050098F804008DF8A3
:10887000060009208DF808008DF807A08DF80990F2
:108880009DF82C008DF80A009DF82D008DF80B0046
:10889000082101A8FDF79EFD8DF80C00092101A813
:1088A000FCF7A6FE8DF82540002009A90A18401CF7
:1088B000C0B2D470102800E0BEE1F7D3E7E29DF823
:1088C0002C00811E31290DD28DF85900C0EB4011CA
:1088D000C1EB00204FF6FF7101EA8000E88285F8C5
:1088E000099001E08DF859409DF82D00A0F1090193
:1088F000392908D2E870A8709DF82D008DF85A002B
:1089000085F8099001E08DF85A409DF82E00014647
:10891000401E032807D2A9769DF82E008DF85B0033
:1089200085F8099001E08DF85B409DF82F10B1B1FA
:10893000012914D08DF85C409DF83000811E31294A
:1089400015D28DF85D00C0EB4011C1EB00204FF651
:10895000FF7101EA8000288385F8099009E055201D
:1089600088408DF85C00287385F80990E4E78DF85D
:108970005D4006208DF85800FB48FF23002216A911
:108980000068FEF719FBA3208DF804009DF829006C
:108990008DF8050030798DF8060007208DF8080065
:1089A0008DF807A08DF80990062101A8FDF712FDAA
:1089B0008DF80A00072101A8FCF71AFE8DF8254062
:1089C000002009A90A18401CC0B2D4701028F9D39D
:1089D0002BE19DF82C00411E032907D2A87685F8CB
:1089E00009909DF82C008DF85B0001E08DF85B404C
:1089F00006208DF85800DC488DF859408DF85C4011
:108A00008DF85A408DF85D40FF23002216A90068BA
:108A1000FEF7D2FAA3208DF804009DF829008DF806
:108A2000050030798DF8060007208DF808008DF8D4
:108A300007A08DF80990062101A8FDF7CBFC8DF861
:108A40000A00072101A8FCF7D3FD8DF8254000207E
:108A500009A90A18401CC0B2D4701028F9D3E4E068
:108A6000A3208DF804009DF829008DF8050098F8E2
:108A700004008DF8060007208DF8080003208DF80B
:108A800009008DF807A0062101A8FDF7A3FC8DF8C9
:108A90000A00072101A8FCF7ABFD8DF82540002056
:108AA00009A90A18401CC0B2D4701028F9D3BCE040
:108AB0009DF82B008DF857009DF82C008DF855007F
:108AC0009DF82D008DF856009DF82E008DF83C0085
:108AD0009DF82F008DF83D009DF830008DF83E0088
:108AE000002215A9A148FAF797F900220FA99F487B
:108AF000FAF7F6F906208DF804009DF857008DF876
:108B000005009DF855008DF806009DF856008DF87B
:108B100007009DF83C008DF808009DF83D008DF899
:108B200009009DF83E008DF80A00072101A8FCF716
:108B30005FFD8DF82540002009A90A18401CC0B22D
:108B4000D4701028F9D370E0002215A98748FAF7ED
:108B5000B3F800220FA98548FAF7D0F806208DF85F
:108B600004009DF857008DF805009DF855008DF81C
:108B700006009DF856008DF807009DF83C008DF822
:108B800008009DF83D008DF809009DF83E008DF825
:108B90000A00072101A8FCF72BFD8DF825400020D5
:108BA00009A90A18401CC0B2D4701028F9D33CE0BF
:108BB0005046BAF1200F7DD008DC012841D00228B0
:108BC00079D0032878D0102808D169E1212874D001
:108BD000222873D0DA2872D0DB2871D0A3208DF838
:108BE00004009DF829008DF8050098F804008DF820
:108BF000060007208DF8080003208DF809008DF885
:108C000007A0062101A8FDF7E5FB8DF80A00072162
:108C100001A8FCF7EDFC8DF82540002009A90A18F1
:108C2000401CC0B2D4701028F9D388F8014001224A
:108C3000791C4F48FAF7B6FC0520FEF7F1F8FFF76C
:108C40002BBAA3208DF804009DF829008DF80500AB
:108C500098F8040019218DF808108DF80990F12278
:108C60008DF80A208DF8060014228DF810208DF85A
:108C700007A08DF80C908DF8149048468DF80D40A3
:108C80008DF8111003228DF815408DF818408DF8DD
:108C90000E408DF812208DF816408DF819008DF8D1
:108CA0000B908DF80F408DF813108DF817408DF84C
:108CB0001A0006E058E122E049E0DEE124E24BE25E
:108CC00096E2297BAA2917D08DF81B40182101A80C
:108CD000FDF780FB8DF81C00192101A8FCF788FC2A
:108CE00026468DF82540002009A90A18401CC0B26C
:108CF000D6701028F9D398E78DF81B00E6E7A3207B
:108D00008DF804009DF829008DF8050098F80400FE
:108D10008DF8060007208DF8080003208DF8090063
:108D20008DF807A0062101A8FDF754FB8DF80A0075
:108D3000072101A8FCF75CFC8DF82540002009A95B
:108D40000A18401CC0B2D4701028F9D36DE7287BF4
:108D5000AA289DF82C000DD0012860D002285ED0F2
:108D600003285CD0E8B368E03C0000200412002037
:108D700084110020012805D0022803D0032801D047
:108D800038B10DE0E87AC0070AD1287A40F0010036
:108D900005E0E87AC00703D0287A00F0FE002872C8
:108DA0009DF82D00012805D0022803D0032801D00A
:108DB00010B103E0AA2000E055202873A3208DF80D
:108DC00004009DF829008DF8050098F804008DF83E
:108DD000060009208DF808008DF807A08DF809908D
:108DE00000E023E09DF82C008DF80A009DF82D008E
:108DF0008DF80B00082101A8FDF7ECFA8DF80C00A6
:108E0000092101A8FCF7F4FB8DF82540002009A9F1
:108E10000A18401CC0B2D4701028F9D337E0E87AA1
:108E2000C0070AD1287A40F0010005E0E87AC007BF
:108E300003D0287A00F0FE002872A3208DF80400E9
:108E40009DF829008DF8050098F804008DF80600BB
:108E500008208DF808008DF807A08DF809909DF87E
:108E60002C008DF80A00072101A8FDF7B3FA8DF850
:108E70000B00082101A8FCF7BBFB8DF82540002062
:108E800009A90A18401CC0B2D4701028F9D3ED49C2
:108E90007820012208772021EB48F9F75FFAC4E631
:108EA000A3208DF804009DF829008DF8050098F89E
:108EB00004008DF806000F208DF808008DF8099049
:108EC0008DF807A08DF80A9028798DF80B00E87AC4
:108ED0004946C00711D0687810F00F0007D001286C
:108EE00007D0022807D013208DF80C0007E01020CF
:108EF000FAE71220F8E71120F6E78DF80C40687BBE
:108F00008DF80D00287810B1012802D004E0F0207F
:108F100000E0FF208DF80E00287BAA2808D08DF8ED
:108F20000F402878800706D5AA208DF8100004E0AD
:108F30008DF80F10F5E78DF810408DF811400E21D7
:108F400001A8FDF747FA8DF812000F2101A8FCF7E0
:108F50004FFB8DF82540002009A90A18401CC0B21B
:108F6000D4701028F9D360E69DF82C00811E3129B9
:108F70000DD28DF8590000EB4001C1EBC0104FF647
:108F8000FF7101EAC000E88285F8099001E08DF8E0
:108F900059409DF82D00A0F10901392907D2A87088
:108FA0009DF82D008DF85A0085F8099001E08DF8A4
:108FB0005A409DF82E00411E032907D2A8769DF83D
:108FC0002E008DF85B0085F8099001E08DF85B407C
:108FD0009DF82F10B9B1012915D08DF85C4000BF64
:108FE0009DF83000811E312915D28DF85D0000EB0F
:108FF0004001C1EBC0104FF6FF7101EAC0002883A9
:1090000085F8099009E0552088408DF85C002873A8
:1090100085F80990E4E78DF85D4006208DF858004A
:109020008A48FF23002216A90068FDF7C5FFA32088
:109030008DF804009DF829008DF8050030798DF831
:10904000060007208DF808008DF807A08DF809901C
:10905000062101A8FDF7BEF98DF80A00072101A835
:10906000FCF7C6FA8DF82540002009A90A18401C13
:10907000C0B2D4701028F9D3D7E59DF82C00411E5A
:10908000032907D2A87685F809909DF82C008DF861
:109090005B0001E08DF85B4006208DF858006B48BE
:1090A0008DF859408DF85C408DF85A408DF85D4040
:1090B000FF23002216A90068FDF77EFFA3208DF88C
:1090C00004009DF829008DF8050030798DF8060020
:1090D00007208DF808008DF807A08DF8099006216B
:1090E00001A8FDF777F98DF80A00072101A8FCF720
:1090F0007FFA8DF82540002009A90A18401CC0B24B
:10910000D4701028F9D390E5A3208DF804009DF8C1
:1091100029008DF8050098F804008DF80600072056
:109120008DF8080003208DF809008DF807A00621AE
:1091300001A8FDF74FF98DF80A00072101A8FCF7F7
:1091400057FA8DF82540002009A90A18401CC0B222
:10915000D4701028F9D368E59DF82B008DF85700DE
:109160009DF82C008DF855009DF82D008DF85600C7
:109170009DF82E008DF83C009DF82F008DF83D00E5
:109180009DF830008DF83E00002215A93048F9F70F
:1091900043FE00220FA92E48F9F7A2FE06208DF803
:1091A00004009DF857008DF805009DF855008DF8D6
:1091B00006009DF856008DF807009DF83C008DF8DC
:1091C00008009DF83D008DF809009DF83E008DF8DF
:1091D0000A00072101A8FCF70BFA8DF825400020B2
:1091E00009A90A18401CC0B2D4701028F9D31CE594
:1091F000002215A91648F9F75FFD00220FA91448AF
:10920000F9F77CFD06208DF804009DF857008DF8D5
:1092100005009DF855008DF806009DF856008DF864
:1092200007009DF83C008DF808009DF83D008DF882
:1092300009009DF83E008DF80A00072101A8FCF7FF
:10924000D7F9F2E498050020001002403C0000200D
:1092500004120020ADF5147D0646FE4F4FF4A071B8
:1092600039A8F7F76AF8DC2101A8F7F766F8F9F7EB
:10927000C9FEFDF7DFF886F82600FCF787FAF64806
:1092800000254FF0010AC5714FF0020BDFF8CC93B7
:109290000446FDE3208A401C80B22082012914D1BB
:1092A0004FF4FA71B0FBF1F201FB120018B996F815
:1092B000260000F0CFFF208A40F6B831884204D360
:1092C0002582E5716572A57007E080B241F28831B0
:1092D000884202D3E0790228F2D0607900287CD05D
:1092E000E58184F804A06571B7F8008039A9424689
:1092F000B81CF7F7DBFFD84801AB39AA10211430AE
:10930000CDF80080FCF767FFFA21B81CF7F715F8D5
:10931000D3A101A8F7F71CF840B184F807B0258263
:1093200025706570A572E572257202E0E079022869
:1093300053D1D0A101A8F7F70BF800285CD0D3A136
:1093400001A8F7F705F88046D2A1F7F701F8919048
:1093500092AAD4A14046F7F731F8012806D190AA85
:10936000D2A19198F7F72AF8012805D0DC2101A8AD
:10937000F6F7E3FFD1A12BE39098811E302935D871
:10938000DE498DF82902097811B1012909D011E0CF
:1093900000EB4001C1EBC0114FF6FF7000EAC100C5
:1093A00007E0C0EB4011C1EB00214FF6FF7000EA6F
:1093B0008100308386F809A08DF825528DF8265259
:1093C0008DF8275206208DF82402CD488DF82852BA
:1093D000FF23002289A9006800E02AE3FDF7ECFDE5
:1093E000DC2101A8F6F7A9FFC6A1F1E2DC2101A862
:1093F000F6F7A3FFD0A1EBE2DDA101A8F6F7A8FFE5
:10940000002850D08D958E95DEA101A88F95F6F796
:109410009FFF8046DFA101A8F6F79AFF91908DAAE1
:10942000E0A14046F6F7CAFF012836D1E14978208D
:10943000012208772021E048F8F790FF8D988EAA46
:1094400001289198DDA104D0F6F7B8FF012814D0C7
:1094500023E0F6F7B3FF01281FD19DF83902312828
:1094600003D1307A40F0010030729DF83A02312881
:1094700013D1307A40F002000EE09DF83902312815
:1094800003D1307A00F0FE0030729DF83A023128A4
:1094900003D1307A00F0FD003072DC2101A8F6F72C
:1094A0004CFFCBA194E2D5A101A8F6F751FF68B11A
:1094B000DC2101A8F6F741FF9048007810B101289F
:1094C00002D099E2D34983E2D34981E2D3A101A832
:1094D000F6F73EFF00286ED0DC2101A8F6F72DFF3D
:1094E00086480078012801D0B0B385E2307B4FF088
:1094F000DC02AA2810D0CF4901A8F6F705FFF07AC0
:10950000C00776D031208DF834008DF849003178CD
:1095100049075ED430205CE0C64901A8DC39F6F783
:10952000F3FEF07AC00718D031208DF834008DF8A2
:109530004A003178490700D430208DF85C00F07A79
:10954000800716D531208DF835008DF84B00317825
:10955000090708D4302006E06BE030208DF8340095
:109560008DF84A00E9E78DF85D00707B38B1312055
:1095700006E030208DF835008DF84B00F3E7302001
:109580008DF86F0031208DF880003178C90702D046
:109590008DF8910002E030218DF89110317BAA29DD
:1095A0000AD030208DF836008DF84C008DF85E0022
:1095B0008DF8A40020E2ABE18DF8A4008DF8360010
:1095C0008DF84C003178890700D430208DF85E008A
:1095D00012E28DF85A00F07A800716D531208DF806
:1095E00035008DF84A003178090708D4302006E0AC
:1095F000FFE730208DF834008DF84900E9E78DF859
:109600005B00707B38B1312006E030208DF83500EA
:109610008DF84A00F3E730208DF86C0031208DF88A
:109620007D003178C90702D08DF88E00E4E130204A
:10963000FAE7307B4FF0DC02AA2808D07D4901A868
:10964000F6F762FEF07AC00702D03120F4E0FCE0C9
:1096500046E10000A20E0020820200206E000020E1
:10966000434F4D5F4445565F524547495354455219
:1096700000000000434F4D5F52454C41595F434F3E
:109680004E54494E55455F54494D45002269642268
:109690003A0000002272656C617954696D65223A66
:1096A00000000000226964223A2564002272656C81
:1096B000617954696D65223A256400007B22436F0D
:1096C0006D6D616E64223A22434F4D5F52454C41AD
:1096D000595F434F4E54494E55455F54494D4522BD
:1096E0002C22526573756C74223A312C22457272A9
:1096F0006F72436F6465223A327D000042000020A1
:109700003C0000207B22436F6D6D616E64223A2223
:10971000434F4D5F52454C41595F434F4E54494E64
:1097200055455F54494D45222C22526573756C7422
:10973000223A226F6B227D007B22436F6D6D616E3A
:1097400064223A22434F4D5F52454C41595F434F8B
:109750004E54494E55455F54494D45222C22526581
:1097600073756C74223A226572726F72227D0000EA
:10977000434F4D5F5A4F4E455F53455455504152EC
:109780004D00000022736574757054797065223A3B
:10979000000000002261726D5A6F6E654368616E51
:1097A000223A000022736574757054797065223A0C
:1097B0002564000098050020001002402261726DAF
:1097C0005A6F6E654368616E223A2573000000008F
:1097D0007B22436F6D6D616E64223A22434F4D5F71
:1097E0005A4F4E455F534554555041524D222C22FD
:1097F000526573756C74223A307D0000434F4D5FA3
:10980000484F53545F4341504142494C49544945A4
:109810005300000034D20008ACD20008434F4D5F23
:1098200051554552595F4445565F53544154555321
:10983000000000001A0D00208DF834008DF848005B
:109840003178490746D4302044E0F94901A8F6F7B9
:109850005BFDF07AC0070ED031208DF834008DF812
:1098600049003178490700D430208DF85A00707BC8
:1098700038B1312006E030208DF834008DF84900F1
:10988000F3E730208DF86C0031208DF87D003178C1
:10989000C90702D08DF88E0002E030218DF88E10BD
:1098A000317BAA2909D030208DF835008DF84A0087
:1098B0008DF85B008DF8A1009EE08DF835008DF8E5
:1098C000A1008DF84A003178890700D430208DF846
:1098D0005B0091E08DF85800707B38B1312006E0D4
:1098E00030208DF834008DF84800F3E730208DF8F3
:1098F000690031208DF87A003178C90706D000BFA1
:109900008DF88B0030208DF89E0075E03020F7E751
:10991000C8A101A8F6F71CFD80B1AFF2981101A80B
:109920008D95F6F715FD8DAAAFF28811F6F746FD75
:10993000DC2101A8F6F701FDC2A149E0CCA101A8F4
:10994000F6F706FDF0B38D95CEA101A88E95F6F73A
:10995000FFFC8046CEA1F6F7FBFC91908DAAD0A12A
:109960004046F6F72BFD012806D18EAAD0A191988A
:10997000F6F724FD012805D0DC2101A8F6F7DDFC6F
:10998000CFA125E08D98F070B07086F809A08E9870
:10999000411E092915D8B0768DF825528D998DF87C
:1099A00026128DF8270206208DF82402CF488DF864
:1099B00028528DF82952FF23002289A90068FDF75B
:1099C000FBFA00E008E0DC2101A8F6F7B6FCC8A12C
:1099D00001A8F6F7EAFC0FE0D0A101A8F6F7B8FC61
:1099E000A8B3D5A101A88D95F6F7B2FC8DAAD6A192
:1099F000F6F7E4FC012820D001A8FAF715FE01A82B
:109A0000F6F7B8FC1FFA80F839AB01AA1021D2484A
:109A1000CDF80080FCF731FC4246D04939A8F7F771
:109A20009BFCCE48F6F7A6FC80B2CC4900F0C4FE01
:109A30002582A078012871D0CDE08D99881E30282C
:109A400036D8C748007818B101280AD012E035E0AE
:109A500001EB4100C0EBC1124FF6FF7000EAC200FB
:109A600007E0C1EB4110C0EB01224FF6FF7000EAA6
:109A70008200F08286F809A08DF825128DF8265212
:109A80008DF828528DF827528DF82952062000E0D3
:109A90008EE38DF824029548FF23002289A90068EF
:109AA000FDF78AFADC2101A8F6F747FCADA18FE7A4
:109AB000DC2101A8F6F741FCB8A189E7C5A101A8FE
:109AC000F6F746FC58B3C6A101A88D95F6F740FC01
:109AD0008DAAC6A1F6F772FC012819D18D9801282C
:109AE0001ED035735FF055008DF825528DF8280291
:109AF0008DF826528DF8275206208DF824027B48D7
:109B00008DF82952FF23002289A90068FDF754FA35
:109B1000DC2101A8F6F711FCB7A159E72CE002E01F
:109B2000AA203073E0E7BEA101A8F6F711FC28B126
:109B3000DC2101A8F6F701FCBFA149E7C9A101A8F2
:109B4000F6F706FC28B1CDA0FBF79CFE84F800B028
:109B50006FE7CCA101A8F6F7FBFB0028F3D1CFA15A
:109B600001A8F6F7F5FB0028F2D084F802A04FF424
:109B70007A70FDF755F95CE784F802B08022CA4993
:109B80007648F6F7C1FB7549802000F015FE4FF4CA
:109B90007A784046FDF744F92549802280396F489C
:109BA000F6F7B2FB6D49802000F006FE4046FDF757
:109BB00037F95822BD496948F6F7A6FB674958208E
:109BC00000F0FAFD4046FDF72BF96420FDF728F977
:109BD000B7A0FBF757FEE078401CC0B2E070FA284F
:109BE00000D9E570A078002820D0A07AE072307803
:109BF00000F00F00A072E1780A2904D92178022927
:109C000002D0012913D071E12570617831B950B1CA
:109C1000A9A000BFFBF736FE607828B1A07A20B17A
:109C20002572A6A060E14BE160E14BE1E0E14BE190
:109C30003E0C0020434F4D5F5A4F4E455F454E410D
:109C4000424C45007B22436F6D6D616E64223A2267
:109C5000434F4D5F5A4F4E455F454E41424C452262
:109C60002C22526573756C74223A307D000000001E
:109C7000434F4D5F5A4F4E455F504152414D5F53E8
:109C800045540000227A6F6E65566F6C223A0000D0
:109C9000227A6F6E6553656E7369223A0000000088
:109CA000227A6F6E65566F6C223A256400000000C0
:109CB000227A6F6E6553656E7369223A25640000DF
:109CC0007B22436F6D6D616E64223A22434F4D5F7C
:109CD0005A4F4E455F504152414D5F534554222CDF
:109CE00022526573756C74223A317D003C0000206D
:109CF0007B22436F6D6D616E64223A22434F4D5F4C
:109D00005A4F4E455F504152414D5F534554222CAE
:109D100022526573756C74223A307D00434F4D5F5B
:109D200042555A5A45525F434F4E54494E55455F2E
:109D300054494D45000000002262757A7A657254DC
:109D4000696D65223A0000002262757A7A65725464
:109D5000696D65223A256400960200200B100020F0
:109D6000420000207B22436F6D6D616E64223A22B7
:109D7000434F4D5F42555A5A45525F434F4E5449E7
:109D80004E55455F54494D45222C22526573756CE2
:109D900074223A226F6B227D000000007B22436F09
:109DA0006D6D616E64223A22434F4D5F42555A5A9F
:109DB00045525F434F4E54494E55455F54494D45BA
:109DC000222C22526573756C74223A226572726F6E
:109DD00072227D00434F4D5F494F5F534554000051
:109DE00022656E61626C65223A00000022656E6138
:109DF000626C65223A2564007B22436F6D6D616E53
:109E000064223A22434F4D5F494F5F534554222C01
:109E100022526573756C74223A226F6B227D0000AA
:109E2000434F4D5F434F4E544C455645525F414E54
:109E30005449434C494D42007B22436F6D6D616E26
:109E400064223A22434F4D5F5A4F4E455F454E4183
:109E5000424C45222C22526573756C74223A317D36
:109E600000000000434F4D5F55504C4F41445F5A36
:109E70004F4E455F53544154555300000A435243DB
:109E80000A000000434F4D5F55504C4F41445F4422
:109E900045564943455F414C41524D0073746174CE
:109EA0007573436F64650000BE0A00204AC3000852
:109EB0000A2030200A0000000A320A000A340A0090
:109EC000C6A0A7E6C6A00FE0FF21E172617839B90C
:109ED00010B32572C3A000BFFBF7D4FC607828B193
:109EE000A07AD8B12572C0A0FBF7CCFCE17AA07AA9
:109EF00081427DD0BD4984F800A0E5700978D04644
:109F00000129217A0ED0092972D2DFE801F0E1FDA2
:109F100071FCAA717171FB00B5A0DDE76078207259
:109F2000B4A0E1E70929EFD2DFE801F005798697CF
:109F30009BA8C0CEB20040071FD57078C1070BD0D8
:109F40008022AD49AD48F6F7DFF9AC49802000F03A
:109F500033FC84F8088010E080070ED5A6498022E3
:109F60008039A648F6F7D0F9A449802000F024FCF7
:109F700084F80880A2A0FBF785FCA07A000716D51C
:109F80007078C10602D580229F4904E080060BD577
:109F90009D49802280399948F6F7B6F99749802083
:109FA00000F00AFC84F808B098A0FBF76BFCA07ADC
:109FB00080070AD5802299499048F6F7A5F98F497C
:109FC000802000F0F9FB03202072A07AC0070AD09D
:109FD000582293498948F6F797F98849582000F0A4
:109FE000EBFB04202072A07AC0F34201072900E0B5
:109FF000E2E001D105212172C0F38101032901D1E1
:10A00000062121720A21814301D107212172C0F367
:10A010004100032801D1082020726570CCE0764908
:10A02000802280317548F6F76FF97449802000F07E
:10A03000C3FB257269A092E07349802280316F488A
:10A04000F6F762F96D49802000F0B6FB257275A025
:10A05000FBF718FC84F801B0AEE070498022803133
:10A0600085E06F49582259316448F6F74DF9634944
:10A07000582000F0A1FB2572042181E05E49802276
:10A0800080315E48F6F740F95C49802000F094FB8F
:10A090005D49802280315948F6F736F957498020CA
:10A0A00000F08AFB5D498022803178E052498022AD
:10A0B00080315248F6F728F95049802000F07CFBA7
:10A0C0005149802280316AE04B4980228031E2E7A9
:10A0D000400716D57078C10702D08022544904E0A9
:10A0E00080070BD55249802280394448F6F70CF995
:10A0F0004249802000F060FB84F808804DA0FBF707
:10A10000C1FB02E03EE02FE01DE0A07A80070AD507
:10A1100080224C493948F6F7F7F83849802000F09A
:10A120004BFB03202072A07AC0070AD058223C497A
:10A130003248F6F7E9F83149582000F03DFB042099
:10A140002072A07A63E73A49802280312B48F6F7E3
:10A15000DBF82A49802000F02FFB25723AA0FBF79C
:10A1600091FB84F8018027E0364980228031234822
:10A17000F6F7CAF82149802000F01EFB2572032162
:10A18000617019E02A49802280311C48F6F7BCF83A
:10A190001A49802000F010FB2A498022803117489C
:10A1A000F6F7B2F81549802000F006FB257203E0AF
:10A1B00096F8260000F04EF899F80010012904D115
:10A1C00089F800B02582E57165720A20FCF728FE47
:10A1D000E1790029ECD0FFF75DB800000A310A00F0
:10A1E0000A330A000A360A000A380A004200002030
:10A1F0000A350A000A370A0023C400080B100020A1
:10A200000A302D310A000000A3C5000841726561C3
:10A210003220416C61726D0A00000000A3C6000884
:10A22000F1C200084172656132206F6B0A000000C4
:10A230003E0A0020417265613120416C61726D0AF5
:10A24000000000003E0B00204172656131206F6B01
:10A250000A0000002DE9F04FCFB08246FB4EFC21F2
:10A2600010A8F6F76AF8FA4C5727DFF8E893627AF5
:10A27000C0200E2100254FF0AB0806F5B37B172A4E
:10A2800067D2DFE802F00CFBFAF9F8F7666666665B
:10A2900066666666666656697A9CBEDDFC004FF4AB
:10A2A000FA60FCF7BDFD55208DF80400AA208DF85A
:10A2B00005005A208DF80600E448FF23032201A977
:10A2C0004038F9F7ADFA6420FCF7AAFDA571A52086
:10A2D0008DF80400DD48FF23012201A94038F9F779
:10A2E0009FFA6420FCF79CFDA07920B1A571607AEB
:10A2F000401C607215E0207B401CC0B22073052812
:10A300000FD92573A5718DF804708DF805805E2036
:10A310008DF80600CD48FF23032201A94038F9F744
:10A320007FFA99F80000022801D1102060723220D3
:10A33000C0E08DF804708DF8058011268DF8066058
:10A340008DF807008DF808508DF80950402022E064
:10A3500025734FB0BDE8F08F1226FF208DF80470F2
:10A360008DF805808DF808008DF806608DF80900DD
:10A370008DF807008DF80A500FE08DF804708DF805
:10A38000058013268DF806608DF807008DF80850BB
:10A390008DF8095001208DF80A00AC48FF230722F0
:10A3A00001A94038F9F73CFA3220FCF739FDA079D1
:10A3B00000287DD0A57189F800506672C8E78DF835
:10A3C00004708DF8058015218DF806108DF80700B2
:10A3D0008DF808508DF80950C9208DF80A009B4867
:10A3E000FF23072201A94038F9F71AFA3220FCF7B7
:10A3F00017FDA0790028DCD0A57189F80050142041
:10A4000003E18DF804708DF8058016208DF80600A4
:10A4100041208DF807009C208DF808008B48FF2311
:10A42000052201A94038F9F7FBF93220FCF7F8FCC6
:10A43000A0790028BDD0A57189F800501520E4E06E
:10A440008DF804708DF805800D208DF806007F488A
:10A45000FF23032201A94038F9F7E2F93220FCF783
:10A46000DFFCA0790028A4D0A57189F8005016203F
:10A47000CBE004E0F7E0D2E0C9E046E01DE08DF873
:10A4800004708DF8058071488DF80610FF230322B3
:10A4900001A94038F9F7C4F93220FCF7C1FCA079D2
:10A4A000002886D0A57189F800506572257300E0F8
:10A4B000B4E06420FCF7B4FC4BE78DF804708DF831
:10A4C000058061208DF806006048A5717580FF2326
:10A4D000032201A94038F9F7A3F96420FCF7A0FC96
:10A4E00012215D48F5F729FFA07928B1A5715A49D5
:10A4F000701DF9F7FFFC86E0207B401CC0B2207382
:10A5000065720528D8D9657222E78DF804708DF838
:10A51000058081208DF806004C487580FF230322BA
:10A5200001A94038F9F77CF96420FCF779FCA0799F
:10A53000002873D0A571707900220009FAF744F859
:10A540008BF812007079594600F00F00FAF73CF8CA
:10A55000C874B0790009FAF737F80875B07900F0D7
:10A560000F00FAF731F84875F0790009FAF72CF87E
:10A570008875F07900F00F00FAF726F8C875307A80
:10A580000009FAF721F80876307A00F00F00FAF7A0
:10A590001BF84876707A0009FAF716F88876707A10
:10A5A00000F00F00FAF710F8C876B07A0009FAF751
:10A5B0000BF80877B07A00F00F00FAF705F8487743
:10A5C000002003233A26571CB7FBF3FC03FB1C7C3B
:10A5D000BCF1000F08D001EB000C0A449CF812C03B
:10A5E00082F81FC0FAB20AE00A44D677FAB20F180E
:10A5F00001EB020CBF7C521C8CF81F70D2B2401CC5
:10A60000C0B20C28DFD3607A401C6072A0E68DF8DF
:10A6100004708DF805808DF8061008E01EE08DF8B6
:10A6200004708DF805805E208DF80600A57107483E
:10A63000FF23032201A94038F9F7F2F86420FCF760
:10A64000EFFBA07950B1A571DDE70000380E0020C6
:10A65000820200206E0000209E0F0020207B401C04
:10A66000C0B220734DE7F0212F48F5F766FE2F4961
:10A670002D48F5F79AFE2C4A002059460B1815185C
:10A68000401C9B7CC0B285F83A300C28F6D3284D8C
:10A6900000200A182B18401CD27FC0B25A72112811
:10A6A000F7D30A20BAFBF0F1BAFBF0F201F00F0188
:10A6B00000FB12A0303185F84D10303085F84E0087
:10A6C0001320F6F723FDAA282BD0302085F862004E
:10A6D0001848F5F74FFE82B2628216491248F5F724
:10A6E00050FE782212491048F5F74BFE0E48F9F754
:10A6F0009BFF0D48F5F73EFE80B2608200900C484B
:10A7000010AB094A10211038FBF7B7FD0649628AE1
:10A71000FA3110A8F6F720FE00F00EF80120E071E3
:10A7200017E63120D2E7000084070020A3C7000805
:10A73000A60200209E0F002070B51C48F5F71AFEF7
:10A7400085B229461948F6F76DFE06463C2218499F
:10A750001848F5F7D9FD174B0024A3F64B00011953
:10A760001A19641C91F83210E4B21171142CF6D34A
:10A77000002003F8340F0F495870280A9870DD70D4
:10A78000302018715871300A9871DE71FF233C2215
:10A79000A1F2D710F9F744F82A46BDE87040034902
:10A7A000FF2301F27A50F9F73BB800007E08002041
:10A7B000B4C20008CF0F002070B50E4605463C22FB
:10A7C00016491748F5F7A0FD154C0020A4F64B01DB
:10A7D0000A182318401C92F83220C0B21A711428AB
:10A7E000F6D329463046F6F71DFE002104F8341F43
:10A7F000FF236170290AA170E570010AA17108495F
:10A80000E0713C22A1F2D710F9F70AF82A46314646
:10A81000BDE87040FF230348F9F702B8B4C200084E
:10A82000CF0F0020F80D00200EB5002209210520D1
:10A83000FCF788FB504E6D46306000231A4669468F
:10A840003068FCF73FFB002824D19DF80000082861
:10A8500020D2DFE800F08D042034404F58894F208B
:10A86000F6F754FC074600242819417804EBC7008A
:10A87000503080B2F6F798FC1420FCF7D1FA641C33
:10A88000082CF1DB7F1CF9B2642900D100214F2094
:10A89000F6F760FC6CE09DF801101020F6F784FCE0
:10A8A0001420FCF7BDFA9DF802101120F6F77CFC8D
:10A8B0001420FCF7B5FA9DF8031012201DE09DF856
:10A8C00001102020F6F770FC1420FCF7A9FA9DF87F
:10A8D0000210212011E000242819417804F13000F1
:10A8E000F6F762FC1420FCF79BFA641CE4B2052C1A
:10A8F000F2D33DE09DF801100120F6F755FC14203D
:10A90000FCF78EFA34E09DF8011029B11420F6F717
:10A910004BFC1420FCF784FA9DF8021069B1112059
:10A92000F6F742FC1420FCF77BFA9DF80210122087
:10A93000F6F73AFC1420FCF773FA9DF8031029B1DE
:10A940001620F6F731FC1420FCF76AFA9DF8041083
:10A9500029B11320F6F728FC1420FCF761FA9DF8C2
:10A96000051029B11520C8E79DF801101720C4E78C
:10A970000A20FCF755FA60E73C0000201CB5374878
:10A980000168374A914207D1502080F31188BFF304
:10A990004F8FBFF36F8FFEE700683149491E884231
:10A9A00007D1502080F31188BFF34F8FBFF36F8F13
:10A9B000FEE72C4908780190FF20087008788DF890
:10A9C00000009DF800009DF8002000F0F00090428B
:10A9D00007D0502080F31188BFF34F8FBFF36F8FE4
:10A9E000FEE79DF80000204B00F050001870072093
:10A9F000986005E09DF8002052008DF80020401E70
:10AA00009DF800201206F5D49860032807D0502046
:10AA100080F31188BFF34F8FBFF36F8FFEE74FF4C2
:10AA200040709860019808700C482030016841F42B
:10AA300070010160016841F070410160FDF7BAF9F1
:10AA400000205860F5F7CEFB0848016841F040410E
:10AA50000160F5F7B3FB00201CBD000000ED00E035
:10AA600071C20F4100E400E03404002034EF00E044
:10AA7000F8B517460E46050014D0DEB105FB06F00A
:10AA80005030FCF7F7FE04000AD0002084F846009E
:10AA900004F150023B46314628460094FCF79CFCEA
:10AAA0002046F8BD502080F31188BFF34F8FBFF3CD
:10AAB0006F8FFEE70020E3E738B5049D18B153B16E
:10AAC000CAB181B120E0502080F31188BFF34F8FCD
:10AAD000BFF36F8FFEE7502080F31188BFF34F8FD5
:10AAE000BFF36F8FFEE7502080F31188BFF34F8FC5
:10AAF000BFF36F8FFEE739B1502080F31188BFF3A9
:10AB00004F8FBFF36F8FFEE750241C46012384F85C
:10AB100046302B460094FCF75FFC204638BD000011
:10AB200070B50D46040025D0FDF7E2F8D4E90F20FA
:10AB3000216802FB0011A1600021A163216861600E
:10AB40000A46D4E90F01401E00FB0121E1602146C5
:10AB50004FF0FF3001F8440F487004F110008DB140
:10AB6000FDF794F804F12400FDF790F8FDF7E0F804
:10AB7000012070BD502080F31188BFF34F8FBFF3C9
:10AB80006F8FFEE721690029F0D000F037FF002821
:10AB9000ECD004494FF080500860BFF34F8FBFF3F3
:10ABA0006F8FE3E704ED00E02DE9FF4782B01D461B
:10ABB0008A464FF00008040003D0BAF1000F08D015
:10ABC00011E0502080F31188BFF34F8FBFF36F8FD8
:10ABD000FEE7206C38B1502080F31188BFF34F8F0F
:10ABE000BFF36F8FFEE7022D0AD1E06B012807D07B
:10ABF000502080F31188BFF34F8FBFF36F8FFEE7B4
:10AC000000F044FE3F4F4FF000094FF0805648B926
:10AC1000049838B1502080F31188BFF34F8FBFF3F1
:10AC20006F8FFEE7FDF764F8A06BE16B884207D3F6
:10AC3000022D05D00498D0B1B8F1000F1AD01EE053
:10AC40002A4651462046FCF720FB616A19B104F1FF
:10AC5000240000F0D3FE20B13E60BFF34F8FBFF35E
:10AC60006F8FFDF765F8012006B0BDE8F087FDF7AE
:10AC70005FF822E06846FDF735F94FF00108FDF76F
:10AC800057F8FDF7B5F9FDF733F894F94400401C87
:10AC900001D184F8449094F94500401C01D184F816
:10ACA0004590FDF745F804A9684600F05DFD30B118
:10ACB0002046FCF7A9FD00F0D9FE0020D4E7FDF7FF
:10ACC00017F8A06BE16B884213D1FDF731F804F15E
:10ACD00010000499FDF714F92046FCF795FD00F0EB
:10ACE000C5FE00289ED13E60BFF34F8FBFF36F8F2C
:10ACF00098E7FDF71DF82046FCF786FD00F0B6FE4C
:10AD000090E7000004ED00E02DE9F0471F46904673
:10AD10008946040003D0B9F1000F08D011E050209B
:10AD200080F31188BFF34F8FBFF36F8FFEE7206C66
:10AD300038B1502080F31188BFF34F8FBFF36F8F6E
:10AD4000FEE7022F0AD1E06B012807D0502080F3E4
:10AD50001188BFF34F8FBFF36F8FFEE7FDF73CF80D
:10AD60005020EFF3118680F31188BFF34F8FBFF3AC
:10AD70006F8FA06BE16B884206D3022F04D00020B6
:10AD800086F31188BDE8F08794F945503A46494664
:10AD90002046FCF77AFA681C04D06D1C84F84550F4
:10ADA0000120EDE7606A0028FAD004F1240000F0E9
:10ADB00025FE0028F4D0B8F1000FF1D00121C8F829
:10ADC0000010EDE72DE9F747002683B08A4604001E
:10ADD00003D0BAF1000F08D011E0502080F31188A1
:10ADE000BFF34F8FBFF36F8FFEE7206C38B1502059
:10ADF00080F31188BFF34F8FBFF36F8FFEE700F032
:10AE000045FDDFF8F4804FF000094FF0805748B956
:10AE1000059838B1502080F31188BFF34F8FBFF3EE
:10AE20006F8FFEE7FCF764FFA56BC5B15146204666
:10AE3000FCF718FA6D1EA563206950B104F11000EB
:10AE400000F0DCFD28B1C8F80070BFF34F8FBFF3EE
:10AE50006F8FFCF76DFF012006B0BDE8F087059805
:10AE600008B11EB106E0FCF763FF27E06846FDF776
:10AE700039F80126FCF75CFFFDF7BAF8FCF738FF5C
:10AE800094F94400401C01D184F8449094F94500A1
:10AE9000401C01D184F84590FCF74AFF05A968469B
:10AEA00000F062FC002820460AD0FCF7ADFC00F060
:10AEB000DDFD2046FCF73CFB0028B3D00020CBE7AB
:10AEC000FCF736FB90B104F124000599FDF718F862
:10AED0002046FCF799FC00F0C9FD0028A2D1C8F873
:10AEE0000070BFF34F8FBFF36F8F9BE72046FCF7D7
:10AEF0008BFC00F0BBFD95E704ED00E02DE9F04789
:10AF000090468946040003D0B9F1000F08D011E043
:10AF1000502080F31188BFF34F8FBFF36F8FFEE790
:10AF2000206C38B1502080F31188BFF34F8FBFF3EE
:10AF30006F8FFEE7FCF750FF5020EFF3118680F390
:10AF40001188BFF34F8FBFF36F8FA76BF7B194F9E1
:10AF5000445049462046FCF785F97F1EA763681CCC
:10AF600004D06D1C84F84450012010E020690028B2
:10AF7000FAD004F1100000F041FD0028F4D0B8F13F
:10AF8000000FF1D00121C8F80010EDE7002086F392
:10AF90001188BDE8F087000088B000273A460521F7
:10AFA0000220FBF7CFFFDFF80C8400224446C8F8EC
:10AFB000140007210220FBF7C5FFA0610026042230
:10AFC000FD49FE48F6F782FEFB4904221031FC4899
:10AFD000F6F77CFEF84C41F2941BB03404F10A0001
:10AFE00004F13C05069005F10A004FF47A7AB14667
:10AFF00005907F1CBFB241F28830874200D95F467E
:10B0000000231A4601A9D8F81400FBF75BFFE0BB48
:10B010009DF80420D0071AD0012121709DF8070067
:10B02000E84BA0711B5CA380E64BA43333F81030CF
:10B03000A386E44BE0714C33185C2072607808B949
:10B040004FF4FA676170012688F8001006E084F872
:10B05000009084F8079084F80890012690071CD58A
:10B06000012129709DF80800D64AD64BA871125CC0
:10B07000A433AA8033F81030AB86D24BE8714C333E
:10B08000185C2872687818B900E018E04FF4FA6785
:10B09000697088F80110A28005E085F8079085F8AE
:10B0A000089085F800909DF8050084F8360085F832
:10B0B00036009DF8060084F8370085F83700607880
:10B0C00010B9697800297DD06188012915D0A2883E
:10B0D00091421CD118B10220607684F818906878EB
:10B0E00018B185F818900220687600224FF40061AC
:10B0F000B548F7F733F9012214E008B10120607672
:10B10000687808B1012068760122D1020CE00A3289
:10B1100091420DD108B104206076687808B104200E
:10B12000687600224FF48051A748F7F717F94CE2F0
:10B130005145FCD15F45FAD300287CD0F5F7D2F811
:10B14000062190FBF1F201FB120010F0FF014046D6
:10B1500088F804100AD001290AD002290BD003294B
:10B160000CD0042902D005290BD00DE0A1790AE00A
:10B17000A179491C07E0A179891C04E0A179491E45
:10B1800001E0A179891EE1718E49A2794C31895C77
:10B190002172217819B984F8079084F808906189A0
:10B1A000C9086181A189C908A181E189C908E18132
:10B1B000218AC90821820178A1B3491CC9B2017052
:10B1C000022900E01EE205D0032903D0042929D179
:10B1D00088F800900698F6F703F8774AA1792032AC
:10B1E000525C801AA0860E290DD80698F5F7F8FF54
:10B1F000B8F80A10884206D90698F5F7F1FFB8F8B2
:10B200000610401AA0866B4861891C300180A18914
:10B210004180E1898180218AC18098F800106BA06B
:10B22000FAF730FB63481C30C1880091838842885C
:10B2300001886EA000E07AE0FAF724FB208A0090F3
:10B24000E389A28961896DA0FAF71CFBA18E74A025
:10B25000FAF718FBF6F71AF9B8B3F6F7F9F8E0B110
:10B2600014F8300F401CC1B2217075A0FAF70AFB28
:10B2700014F8060B14F8361988424ED3012084F8CE
:10B280003800022084F8390084F8301052202072EF
:10B2900046F0010684F807903FE094F83100401C26
:10B2A000C1B284F8311094F83600814235D30121BF
:10B2B00084F8381084F8391084F8310084F8089044
:10B2C00084F8079046F0020627E0FFE794F837007D
:10B2D000AA2802D1F6F7F8F8F8B994F8380001284E
:10B2E00002D1812084F83800000610D594F833008C
:10B2F000401CC0B284F8330002280AD384F833908B
:10B3000084F8389084F8399046F0040601E046F05D
:10B31000080684F8309084F83190A4F81090A4F8CE
:10B320000E90A4F80C90A4F80A90C4F814906878D1
:10B3300000283DD0F4F7D6FF062190FBF1F201FB87
:10B34000120010F0FF01404688F804100AD00129CD
:10B350000AD002290BD003290CD0042902D00529D8
:10B360000BD00DE0A9790AE0A979491C07E0A97979
:10B37000891C04E0A979491E01E0A979891EE971B7
:10B380001049AA794C31895C2972297819B985F854
:10B39000079085F808906989C9086981A989C90851
:10B3A000A981E989C908E981298AC908298257E060
:10B3B0000BE100004000002014060020480400209B
:10B3C00090040020D0BC0008001002404465664193
:10B3D0007265613153656C665374756479466C614E
:10B3E000672069732025640A000000003A20256464
:10B3F0002025642025642025640A000020202020C8
:10B40000202020202052322052312054322054312A
:10B410003A2025642025642025642025640A000044
:10B420002F2F44656641726561312E416C61726DEA
:10B43000566F6C74616765203D2025640A0000002A
:10B44000646566656E6365206172656120312061A7
:10B450006C61726D2074696D6520256400000000C8
:10B46000417881B3491CC9B24170022905D0032932
:10B4700003D0042927D188F801900598F5F7B0FE8C
:10B48000A979904A525C801AA8860E290DD8059891
:10B49000F5F7A6FEB8F80C10884206D90598F5F71E
:10B4A0009FFEB8F80810401AA8868748698901806D
:10B4B000A9894180E9898180298AC18098F8011091
:10B4C00082A0FAF7DFF98048C1880091838842881A
:10B4D000018886A0FAF7D6F9288A0090EB89AA8914
:10B4E000698989A0FAF7CEF9A98E8EA0FAF7CAF970
:10B4F000F6F72CF8B8B3F6F70BF8E0B115F8300F03
:10B50000401CC1B229708FA0FAF7BCF915F8060BE0
:10B5100015F8361988424ED3012085F838000220EC
:10B5200085F8390085F830105220287285F8079088
:10B5300046F010063FE095F83100401CC1B285F896
:10B54000311095F83600814235D3012185F8381045
:10B5500085F8391085F8310085F8089085F807904E
:10B5600046F0200627E0FFE795F83700AA2802D129
:10B57000F6F70AF8F8B995F83800012802D18120C9
:10B5800085F83800000610D595F83300401CC0B28D
:10B5900085F8330002280AD385F8339085F838906F
:10B5A00085F8399046F0400601E046F0800685F8BF
:10B5B000309085F83190A5F81090A5F80E90A5F878
:10B5C0000C90A5F80A90C5F814906088401C80B2D1
:10B5D000608050452FD901206080607838B1207894
:10B5E00028B984F8019084F8389084F83990687804
:10B5F00008B32878F8B985F8019085F8389085F86F
:10B60000399018E001206080C10200225548F6F709
:10B61000A5FE00224FF480515248F6F79FFE607855
:10B6200018B184F8079084F80890687818B185F804
:10B63000079085F80890F6B198F802100129617812
:10B640001DD08DF80C1094F838108DF80D1094F86A
:10B65000391001F00F018DF80E10E1798DF80F10FF
:10B66000217A8DF8111000231A4603A9D8F8180082
:10B67000FBF7A2FC00260120FBF7D2FBB9E46A78B5
:10B6800041EA42018DF80C1094F8382095F83810F2
:10B6900042EA41018DF80D1095F8392094F83910DF
:10B6A00062F31F118DF80E10E1798DF80F10E97912
:10B6B0008DF81010217A8DF81110297A8DF812105A
:10B6C000D1E700007B06002064000020446566414D
:10B6D0007265613253656C665374756479466C614A
:10B6E000672069732025640A0000000020202020C4
:10B6F000202020202020203A202564202564202599
:10B70000642025640A00000052342052332054344F
:10B710002054333A202564202564202564202564A4
:10B720000A0000002F2F44656641726561322E4188
:10B730006C61726D566F6C74616765203D20256485
:10B740000A000000646566656E636520617265616C
:10B75000203220616C61726D2074696D65202564F2
:10B7600000000000001002402DE9F0410C460500E9
:10B7700011D0C4B1FCF7BCFA174B5A696E68206847
:10B78000911B471C17D02F689B6A9F4219D0964285
:10B7900017D8012410E0502080F31188BFF34F8F99
:10B7A000BFF36F8FFEE7502080F31188BFF34F8FF8
:10B7B000BFF36F8FFEE70024FCF7BAFA2046BDE81E
:10B7C000F081884205D9401A20602846FCF78AFBA0
:10B7D000F1E700202060DCE7C80300202DE9FF5FCF
:10B7E0008346DDE90E87994616468A469000FCF7A7
:10B7F00041F805001CD05C20FCF73CF8040014D094
:10B800000020256384F85900CDE90240CDE9008786
:10B810004B46324651465846FBF7F0FD2046FBF7B3
:10B820008DFC012004B0BDE8F09F2846FCF794FA97
:10B830004FF0FF30F6E7F0B585B0DDE90B640A9D07
:10B84000A6B1DCB15C2700972663022684F8596014
:10B85000002604AFCDE90246CDE90057FBF7CEFD47
:10B860002046FBF76BFC049805B0F0BD502080F338
:10B870001188BFF34F8FBFF36F8FFEE7502080F327
:10B880001188BFF34F8FBFF36F8FFEE70548C16983
:10B8900019B1806B18B10020704701207047022059
:10B8A00070470000C803002001484069704700004D
:10B8B000C80300202DE9F0412E4C0027A06B40B1B9
:10B8C000206A401C2062606A00B101273846BDE84A
:10B8D000F0816669761C666113D16068006838B1D2
:10B8E000502080F31188BFF34F8FBFF36F8FFEE7B7
:10B8F0006068A1686160A060A06A401CA062FBF75C
:10B9000003FF206BDFF87080864209D3606800680F
:10B9100080B16068C068C568686886420DD22063DF
:10B920002068C06A00EB800158F821000128CAD9BC
:10B930000127C8E74FF0FF30F1E7281DFCF76CF84E
:10B94000A86A18B105F11800FCF766F8E86AA16961
:10B95000884200D9A06100EB800108EB8100291D1D
:10B96000FCF7BAF9E86A2168C96A8842CED3012790
:10B97000CCE70000C80300206412002070B504006A
:10B980004FF0000133D01B4D2868844207D050206F
:10B9900080F31188BFF34F8FBFF36F8FFEE7206DE9
:10B9A00038B1401E2065E36CE26A9A421FD040B174
:10B9B0001DE0502080F31188BFF34F8FBFF36F8FCE
:10B9C000FEE7201DFCF728F8E06CE062C0F13800CB
:10B9D000A061E06AA969884200D9A861064900EB24
:10B9E000800001EB8000211DFCF776F9012108465B
:10B9F00070BD0000C80300206412002070B5C0684C
:10BA0000C46854B104F118000646FCF705F8144D5B
:10BA1000A86B50B13146134815E0502080F31188CF
:10BA2000BFF34F8FBFF36F8FFEE7201DFBF7F4FFCF
:10BA3000E06AA969884200D9A8610B4900EB80003F
:10BA400001EB8000211DFCF747F9E06A2968C96A0B
:10BA5000884202D90120686270BD002070BD0000DC
:10BA6000C8030020EC160020641200202DE9F047E6
:10BA70002C4D00242746A86B38B1FCF739F9A86B88
:10BA8000401EA863A86B40B146E0502080F31188A7
:10BA9000BFF34F8FBFF36F8FFEE72969224E01205E
:10BAA000D1B3A6F5916980463068E0B1F068C4680A
:10BAB00004F11800FBF7B0FF201DFBF7ADFFE06AB3
:10BAC000A969884200D9A86100EB800109EB8100D7
:10BAD000211DFCF701F9E06A2968C96A8842E3D3AD
:10BAE000C5F82480E0E70CB1FBF70EFE2C6A4CB1E0
:10BAF0004FEA0806FFF7DEFE00B16E62641EF9D160
:10BB000000202862686A38B10849012738070860B0
:10BB1000BFF34F8FBFF36F8FFCF70AF93846BDE8CC
:10BB2000F0870000C8030020EC16002004ED00E0C0
:10BB300010B586B0FBF76AFB114CA068B8B10020C5
:10BB40000390049005AA04A903A8FBF783FFDDE98D
:10BB5000032102208DE8070000230AA10B48059A63
:10BB6000FFF769FEE06010B106B0012010BD502063
:10BB700080F31188BFF34F8FBFF36F8FFEE7000094
:10BB800004040020546D722053766300E5770008AA
:10BB90002DE9FF411E46134602000A9D4FF00000AA
:10BBA00016D0144CA768002F0FD0CDE900130292D5
:10BBB000062917DAFFF76AFE02284FF000030FD0BC
:10BBC00000226946A068FEF7EFFF04B0BDE8F081EF
:10BBD000502080F31188BFF34F8FBFF36F8FFEE7C4
:10BBE0002A46EEE70023324669463846FFF78CF8CE
:10BBF000EBE700000404002060CC00080000000017
:10BC00000000000000000000000000000002000032
:10BC100018000000000000000000000078CC0008C0
:10BC20000000000000000000000000000000000014
:10BC3000000400001D0000000000000000000000E3
:10BC400054CC0008000000000000000000000000CC
:10BC500000000000002000001C00000000000000A8
:10BC60000000000084CC000800000000000000007C
:10BC70000000000000000000000200001A000000A8
:10BC800000000000000000006CCC00080000000074
:10BC900000000000000000000000000000020000A2
:10BCA00019000000000000000000000090CC000817
:10BCB0000000000000000000000000000000000084
:10BCC000000800002000000000000000000000004C
:10BCD0000005050505050505051414141414141DA7
:10BCE0001E202123242627292A2C2D2F30323335BC
:10BCF0003638393B3C3E3F4142444647494B4E5023
:10BD00005356595C5E60626466686A6C6E707274E9
:10BD10007678787878787878787878780006070870
:10BD2000090A0B0C0D0E0F1011121314151617180B
:10BD3000191A1B1C1D1E1F202122232425262728FB
:10BD4000292A2B2C2D2E2F303132333435363738EB
:10BD50003C3D3E3F404142434445464748494A4BAB
:10BD60004C4D4E4F505152535455565758595A5B9B
:10BD70005C5D5E5F00000F000F000F0014001900F3
:10BD8000190019001E0078007D00820087008C00D9
:10BD900091009600A000AA00B400BE00C800E60012
:10BDA000FA0004010E012C01310136013B01400172
:10BDB0004A0154015E0163016801720177017C014F
:10BDC0008101860190019001900190019001900104
:10BDD00090019001900190019001B301B301B30172
:10BDE000B301B301B301B301B301B301B301B301B3
:10BDF000B301BD01BD01BD01BD01BD01BD01BD015D
:10BE0000BD01BD01BD01BD01BD01BD01BD01BD0142
:10BE1000BD01BD01BD01000F0F0F1419191982DCFE
:10BE2000DCDCDCDCDCB3B3B3B4B4B4B4B4A6A6A637
:10BE3000A6A697979797978D8D8D8D8D91919191BE
:10BE40009167676767676E6E6E6E6E6B6B6B6B6B21
:10BE500068686868687474747474747474000F0F1C
:10BE60000F1419191978D0D0D0D0D0D0B3B3B3B43F
:10BE7000B4B4B4B4A6A6A6A6A697979797978D8DA7
:10BE80008D8D8D919191919196969696967D7D7DD1
:10BE90007D7D73737373736F6F6F6F6F747474746E
:10BEA00074747474000F0F0F1419191982DCDCDC20
:10BEB000DCDCDCB3B3B3B4B4B4B4B4A6A6A6A6A613
:10BEC00097979797978D8D8D8D8D91919191916782
:10BED000676767676E6E6E6E6E6B6B6B6B6B6868B9
:10BEE0006868687474747474747474000F0F0F1439
:10BEF00019191978D0D0D0D0D0D0B3B3B3B4B4B46A
:10BF0000B4B4A6A6A6A6A697979797978D8D8D8D64
:10BF10008D919191919196969696967D7D7D7D7D60
:10BF200073737373736F6F6F6F6F747474747474EF
:10BF30007474000F0F0F1419191982DCDCDCDCDCBF
:10BF4000DCB3B3B3B4B4B4B4B4A6A6A6A6A697970C
:10BF50009797978D8D8D8D8D919191919167676751
:10BF600067676E6E6E6E6E6B6B6B6B6B6868686826
:10BF7000687474747474747474000F0F0F14191946
:10BF80001978D0D0D0D0D0D0B3B3B3B4B4B4B4B4A3
:10BF9000A6A6A6A6A697979797978D8D8D8D8D911E
:10BFA0009191919196969696967D7D7D7D7D737308
:10BFB0007373736F6F6F6F6F74747474747474745D
:10BFC000000F0F0F1419191982DCDCDCDCDCDCB388
:10BFD000B3B3B4B4B4B4B4A6A6A6A6A697979797DD
:10BFE000978D8D8D8D8D9191919191676767676721
:10BFF0006E6E6E6E6E6B6B6B6B6B68686868687488
:10C0000074747474747474000F0F0F141919197800
:10C01000D0D0D0D0D0D0B3B3B3B4B4B4B4B4A6A657
:10C02000A6A6A697979797978D8D8D8D8D919191B7
:10C03000919196969696967D7D7D7D7D73737373B3
:10C04000736F6F6F6F6F7474747474747474FD0DA8
:10C05000DB9F2FB7F78DFFBFFB0BBD9F4FDEFE1B96
:10C06000FFDFF303B59747D6F613F7D700000001BB
:10C0700000000002000000040000000800000010A2
:10C080000000002000000040000000800000001BB5
:10C090000000003602030101010203010101020355
:10C0A000030101020E0B0D09090E0B0D0D090E0BFC
:10C0B0000B0D090E00002110422063308440A55072
:10C0C000C660E770088129914AA16BB18CC1ADD1DE
:10C0D000CEE1EFF13112100273325222B552944286
:10C0E000F772D662399318837BB35AA3BDD39CC32E
:10C0F000FFF3DEE36224433420040114E664C774D2
:10C10000A44485546AA54BB528850995EEE5CFF57D
:10C11000ACC58DD55336722611163006D776F66625
:10C120009556B4465BB77AA719973887DFF7FEE7CD
:10C130009DD7BCC7C448E5588668A77840086118F1
:10C1400002282338CCC9EDD98EE9AFF9488969991D
:10C150000AA92BB9F55AD44AB77A966A711A500AC5
:10C16000333A122AFDDBDCCBBFFB9EEB799B588B6D
:10C170003BBB1AABA66C877CE44CC55C222C033C11
:10C18000600C411CAEED8FFDECCDCDDD2AAD0BBDBD
:10C19000688D499D977EB66ED55EF44E133E322E65
:10C1A000511E700E9FFFBEEFDDDFFCCF1BBF3AAF0D
:10C1B000599F788F8891A981CAB1EBA10CD12DC16B
:10C1C0004EF16FE18010A100C230E3200450254001
:10C1D00046706760B9839893FBA3DAB33DC31CD361
:10C1E0007FE35EF3B1029012F322D2323542145251
:10C1F00077625672EAB5CBA5A89589856EF54FE5AD
:10C200002CD50DC5E234C324A014810466744764A0
:10C2100024540544DBA7FAB79987B8975FE77EF700
:10C220001DC73CD7D326F2369106B01657667676F0
:10C23000154634564CD96DC90EF92FE9C899E989CC
:10C240008AB9ABA94458654806782768C018E10840
:10C250008238A3287DCB5CDB3FEB1EFBF98BD89BA0
:10C26000BBAB9ABB754A545A376A167AF10AD01A90
:10C27000B32A923A2EFD0FED6CDD4DCDAABD8BADEC
:10C28000E89DC98D267C076C645C454CA23C832CE0
:10C29000E01CC10C1FEF3EFF5DCF7CDF9BAFBABF40
:10C2A000D98FF89F176E367E554E745E932EB23E30
:10C2B000D10EF01E484B303130303030303030301D
:10C2C000303030303030303030303030303030306E
:10C2D000303030303030303030303030303030305E
:10C2E000303030303131313130303030303030304A
:10C2F00000777A4353624E6F396E4367656B4B33F9
:10C30000704834664B487A4F4445344D664B4F4431
:10C31000354B4E5153316165695972727365544A98
:10C320004D5974792F6F4B424D44774A7556526B75
:10C33000364A676E37317575773570644674635A5F
:10C34000595156507669673D3D00777A4353624EA6
:10C350006F396E4367656B4B33704834664B487A70
:10C360004F4445344D664B4F44354B4E515331612C
:10C3700065695972727365544A4D5974792F6F4BC0
:10C38000424D44774A7556526B3643524E55487863
:10C390004C303362556A6B2F4B34657738556D518D
:10C3A0003D3D00777A4353624E6F396E4367656B4C
:10C3B0004B33704834664B48374C514B6D353674AF
:10C3C000362B4355654C4A64496B64397968584F3C
:10C3D0007A516F3046396D394C6E646F6644316EF8
:10C3E0004B39396338745250446944763147335677
:10C3F0003275363366714B4C4E354133377A646D46
:10C400003441465A51744859465A5341416D427716
:10C410004C4269614D5A3166476B3355334B4A7410
:10C4200038684B777A4353624E6F396E4367656B5A
:10C430004B33704834664B48374C514B6D3536742E
:10C44000362B4355654C4A64496B64397968584FBB
:10C450007A516F3046396D394C6E646F6644316E77
:10C460004B393963387452504469447631473356F6
:10C470003275363366714B4C484275306159774797
:10C4800034316D6356644B7363565073483642774C
:10C490004C4269614D5A3166476B3355334B4A7490
:10C4A00038684B777A4353624E6F396E4367656BDA
:10C4B0004B33704834664B48374C514B6D353674AE
:10C4C000362B4355654C4A64496B64397968584F3B
:10C4D0007A516F3046396D394C6E646F6644316EF7
:10C4E0004B39396338745250446944763147335676
:10C4F0003275363366714B4C4E5731422B38742FA0
:10C5000037687432346476575730477046474277FD
:10C510004C4269614D5A3166476B3355334B4A740F
:10C5200038684B777A4353624E6F396E4367656B59
:10C530004B33704834664B48374C514B6D3536742D
:10C54000362B4355654C4A64496B64397968584FBA
:10C550007A516F3046396D394C6E646F6644316E76
:10C560004B393963387452504469447631473356F5
:10C570003275363366714B4C4E354133377A646DC4
:10C580003441465A51744859465A5341416D3035E9
:10C59000616C4263722B51652B4235354D4C6261A3
:10C5A000665A74777A4353624E6F396E4367656B90
:10C5B0004B33704834664B48374C514B6D353674AD
:10C5C000362B4355654C4A64496B64397968584F3A
:10C5D0007A516F3046396D394C6E646F6644316EF6
:10C5E0004B39396338745250446944763147335675
:10C5F0003275363366714B4C484275306159774716
:10C6000034316D6356644B7363565073483630351E
:10C61000616C4263722B51652B4235354D4C626122
:10C62000665A74777A4353624E6F396E4367656B0F
:10C630004B33704834664B48374C514B6D3536742C
:10C64000362B4355654C4A64496B64397968584FB9
:10C650007A516F3046396D394C6E646F6644316E75
:10C660004B393963387452504469447631473356F4
:10C670003275363366714B4C4E5731422B38742F1E
:10C6800037687432346476575730477046473035D0
:10C69000616C4263722B51652B4235354D4C6261A2
:10C6A000665A74777A4353624E6F396E4367656B8F
:10C6B0004B33704834664B48374C514B6D353674AC
:10C6C000362B4355654C4A64496B64397968584F39
:10C6D0007A516F3046396D394C6E646F6644316EF5
:10C6E0004B39396338745250446944763147335674
:10C6F0003275363366714B4C4E354133377A646D43
:10C700003441465A51744859465A5341416E536C0C
:10C71000686D4F5162336B56524A694773585634AD
:10C72000366C2B777A4353624E6F396E4367656B75
:10C730004B33704834664B48374C514B6D3536742B
:10C74000362B4355654C4A64496B64397968584FB8
:10C750007A516F3046396D394C6E646F6644316E74
:10C760004B393963387452504469447631473356F3
:10C770003275363366714B4C4E5731422B38742F1D
:10C780003768743234647657573047704648536C74
:10C79000686D4F5162336B56524A6947735856342D
:10C7A000366C2B7B22436F6D6D616E64223A22439F
:10C7B0004F4D5F4445565F524547495354455222B9
:10C7C0002C2244617461223A7B2264657669636538
:10C7D0004944223A22313030333230323030304620
:10C7E000463831393932463439222C226D616E7522
:10C7F0006661637475726572223A22313030332279
:10C800002C226970223A2200000000000000000083
:10C810000000000000000000000000000000000018
:10C820000000000000000000000000000000000008
:10C8300000000000000000000000000000000000F8
:10C8400000000000000000000000000000000000E8
:10C8500000000000000000000000000000000000D8
:10C8600000000000000000000000000000000000C8
:10C8700000000000000000000000000000000000B8
:10C8800000000000000000000000000000000000A8
:10C890000000000000000000000000000000000098
:10C8A0000000000000000000000000000000000088
:10C8B000000000003E00000000000000000000003A
:10C8C000000000003F0000003400000035000000C0
:10C8D000360000003700000038000000390000007A
:10C8E0003A0000003B0000003C0000003D0000005A
:10C8F0000000000000000000000000000000000038
:10C900000000000000000000000000000000000027
:10C91000010000000200000003000000040000000D
:10C9200005000000060000000700000008000000ED
:10C93000090000000A0000000B0000000C000000CD
:10C940000D0000000E0000000F00000010000000AD
:10C95000110000001200000013000000140000008D
:10C96000150000001600000017000000180000006D
:10C97000190000000000000000000000000000009E
:10C980000000000000000000000000001A0000008D
:10C990001B0000001C0000001D0000001E00000025
:10C9A0001F00000020000000210000002200000005
:10C9B00023000000240000002500000026000000E5
:10C9C0002700000028000000290000002A000000C5
:10C9D0002B0000002C0000002D0000002E000000A5
:10C9E0002F00000030000000310000003200000085
:10C9F0003300000000C1814001C0804101C080417E
:10CA000000C1814001C0804100C1814000C181401E
:10CA100001C0804101C0804100C1814000C181400E
:10CA200001C0804100C1814001C0804101C08041FE
:10CA300000C1814001C0804100C1814000C18140EE
:10CA400001C0804100C1814001C0804101C08041DE
:10CA500000C1814000C1814001C0804101C08041CE
:10CA600000C1814001C0804100C1814000C18140BE
:10CA700001C0804101C0804100C1814000C18140AE
:10CA800001C0804100C1814001C0804101C080419E
:10CA900000C1814000C1814001C0804101C080418E
:10CAA00000C1814001C0804100C1814000C181407E
:10CAB00001C0804100C1814001C0804101C080416E
:10CAC00000C1814001C0804100C1814000C181405E
:10CAD00001C0804101C0804100C1814000C181404E
:10CAE00001C0804100C1814001C0804101C080413E
:10CAF00000C1814000C0C101C30302C2C60607C70E
:10CB000005C5C404CC0C0DCD0FCFCE0E0ACACB0B7D
:10CB1000C90908C8D81819D91BDBDA1A1EDEDF1FAD
:10CB2000DD1D1CDC14D4D515D71716D6D21213D39D
:10CB300011D1D010F03031F133F3F23236F6F7374D
:10CB4000F53534F43CFCFD3DFF3F3EFEFA3A3BFB3D
:10CB500039F9F83828E8E929EB2B2AEAEE2E2FEFED
:10CB60002DEDEC2CE42425E527E7E62622E2E3235D
:10CB7000E12120E0A06061A163A3A26266A6A7678D
:10CB8000A56564A46CACAD6DAF6F6EAEAA6A6BABFD
:10CB900069A9A86878B8B979BB7B7ABABE7E7FBF2D
:10CBA0007DBDBC7CB47475B577B7B67672B2B3731D
:10CBB000B17170B0509091519353529296565797CD
:10CBC000559594549C5C5D9D5F9F9E5E5A9A9B5BBD
:10CBD00099595898884849894B8B8A4A4E8E8F4F6D
:10CBE0008D4D4C8C448485458747468682424383DD
:10CBF000418180400006101600061016000000005B
:10CC000000000000010203040607080900000000FC
:10CC100001020304DDDDDDDDDCBBBBDDDDDDDDDDF3
:10CC2000DDDDDDDD98888888888888887777777764
:10CC30007788888885555556666666666666666630
:10CC400066688888833333322222222222222222DB
:10CC50002228888D756172745443505461736B003F
:10CC60006C6F6769635461736B0000006565707277
:10CC70006F6D5461736B0000756172745461736BF6
:10CC800000000000646973706C61795461736B001B
:10CC900070756C73655461736B00000041424344CE
:10CCA00045464748494A4B4C4D4E4F5051525354BC
:10CCB00055565758595A6162636465666768696A70
:10CCC0006B6C6D6E6F707172737475767778797A3C
:10CCD000303132333435363738392B2F00000000ED
:10CCE000777A4353624E6F396E4367656B4B33708F
:10CCF0004834664B48374C514B6D353674362B43B0
:10CD000055654C4A64496B64397968584F7A516F5C
:10CD10003046396D394C6E646F6644316E4B39392B
:10CD2000633874525044694476314733563275360D
:10CD30003366714B4C4E5731422B38742F37687421
:10CD4000323464765757304770464535773454351A
:10CD5000505130794D4D35776D3069466E4671359D
:10CD600000000000777A4353624E6F396E43676567
:10CD70006B4B33704834664B48374C514B6D3536EE
:10CD800074362B4355654C4A64496B64397968584D
:10CD90004F7A516F3046396D394C6E646F6644314D
:10CDA0006E4B393963387452504469447631473395
:10CDB000563275363366714B4C4E354133377A6493
:10CDC0006D3441465A51744859465A5341416B3566
:10CDD00077345435505130794D4D35776D30694643
:10CDE0006E46713500000000777A4353624E6F390A
:10CDF0006E4367656B4B33704834664B48374C5114
:10CE00004B6D353674362B4355654C4A64496B641B
:10CE1000397968584F7A516F3046396D394C6E64A4
:10CE20006F6644316E4B39396338745250446944EB
:10CE300076314733563275363366714B4C484275FE
:10CE4000306159774734316D6356644B7363565084
:10CE5000734835412B4666436A5671633069507199
:10CE6000746A464D4663796200000000777A435346
:10CE7000624E6F396E4367656B4B33704834664B57
:10CE800048374C514B6D353674362B4355654C4AFB
:10CE900064496B64397968584F7A516F3046396DFF
:10CEA000394C6E646F6644316E4B39396338745255
:10CEB0005044694476314733563275363366714B88
:10CEC0004C4E5731422B38742F37687432346476A5
:10CED00057573047704646412B4666436A56716342
:10CEE00030695071746A464D4663796200000000F3
:10CEF000777A4353624E6F396E4367656B4B33707D
:10CF00004834664B48374C514B6D353674362B439D
:10CF100055654C4A64496B64397968584F7A516F4A
:10CF20003046396D394C6E646F6644316E4B393919
:10CF300063387452504469447631473356327536FB
:10CF40003366714B4C4E354133377A646D3441460C
:10CF50005A51744859465A5341416C412B466643D5
:10CF60006A56716330695071746A464D46637962DE
:10CF7000000000007B22436F6D6D616E64223A22D7
:10CF8000434F4D5F51554552595F4445565F535489
:10CF900041545553222C227A6F6E65456E61626C46
:10CFA00065223A223131222C227A6F6E6541726DF0
:10CFB000537461747573223A223131222C227A6FB4
:10CFC0006E65416C61726D223A223030222C2270E3
:10CFD0006F776572537461747573223A312C2274C1
:10CFE000616D706572456E61626C65223A312C220A
:10CFF00074616D706572537461747573223A302C6C
:10D0000022696E667261726564537461747573220D
:10D010003A302C22636F6D6D537461747573223ACC
:10D02000307D00007B22436F6D6D616E64223A2279
:10D03000434F4D5F51554552595F4445565F5354D8
:10D0400041545553222C227A6F6E65456E61626C95
:10D0500065223A22313131222C227A6F6E6541727B
:10D060006D537461747573223A22313131222C224E
:10D070007A6F6E65416C61726D223A2230303022D7
:10D080002C22706F776572537461747573223A3114
:10D090002C2274616D706572456E61626C65223A16
:10D0A000312C2274616D70657253746174757322D2
:10D0B0003A302C22696E66726172656453746174D1
:10D0C0007573223A302C22636F6D6D5374617475E1
:10D0D00073223A307D0000007B22436F6D6D616EDC
:10D0E00064223A22434F4D5F51554552595F4445A2
:10D0F000565F535441545553222C227A6F6E654526
:10D100006E61626C65223A2231222C227A6F6E6542
:10D1100041726D537461747573223A2231222C224C
:10D120007A6F6E65416C61726D223A2230222C2238
:10D13000706F776572537461747573223A312C2263
:10D1400074616D706572456E61626C65223A312C56
:10D150002274616D706572537461747573223A3014
:10D160002C22696E667261726564537461747573A2
:10D17000223A312C22636F6D6D5374617475732282
:10D180003A307D007B22436F6D6D616E64223A22DE
:10D19000434F4D5F51554552595F4445565F535477
:10D1A00041545553222C227A6F6E65456E61626C34
:10D1B00065223A223131222C227A6F6E6541726DDE
:10D1C000537461747573223A223131222C227A6FA2
:10D1D0006E65416C61726D223A223030222C2270D1
:10D1E0006F776572537461747573223A312C2274AF
:10D1F000616D706572456E61626C65223A312C22F8
:10D2000074616D706572537461747573223A302C59
:10D2100022696E66726172656453746174757322FB
:10D220003A312C22636F6D6D537461747573223AB9
:10D23000307D00007B22436F6D6D616E64223A2267
:10D24000434F4D5F484F53545F4341504142494C17
:10D250004954494553222C2244617461223A7B226D
:10D260007A6F6E654E756D223A7B22406D696E2233
:10D270003A303030312C22406D6178223A303030F3
:10D28000327D2C22616C61726D54696D65223A7B2E
:10D2900022406D696E223A303030322C22406D616E
:10D2A00078223A303035307D7D7D00007B22436F1F
:10D2B0006D6D616E64223A22434F4D5F484F535467
:10D2C0005F4341504142494C4954494553222C2225
:10D2D00044617461223A7B227A6F6E654E756D22CD
:10D2E0003A7B22406D696E223A303030322C224037
:10D2F0006D6178223A303030337D2C22616C61725E
:10D300006D54696D65223A7B22406D696E223A3018
:10D310003030322C22406D6178223A303035307D09
:10D320007D7D000044D30008000000204804000078
:10D33000E40E0008F4D5000848040020B096000070
:10D34000D458000801811053637C777BF26B6FC562
:10D350003001672BFED7AB76CA82C97DFA5947F0F8
:10D36000ADD4A2AF9CA472C0B7FD9326363FF7CCD4
:10D3700034A5E5F171D8311504C723C31896059A71
:10D38000071280E2EB27B27509832C1A1B6E5AA094
:10D39000523BD6B329E32F8453D100FF00ED20FC8C
:10D3A000B15B6ACBBE394A4C58CFD0EFAAFB434D94
:10D3B000338545F9027F503C9FA851A3408F929D31
:10D3C00038F5BCB6DA2110FFF3D2CD0C13EC5F9721
:10D3D0004417C4A77E3D645D197360814FDC222A27
:10D3E000908846EEB814DE5E0BDBE0323A0A49065E
:10D3F000245CC2D3AC629195E479E7C8376D8DD5D2
:10D400004EA96C56F4EA657AAE08BA78252E1CA6A9
:10D41000B4C6E8DD741F4BBD8B8A703EB566480309
:10D42000F60E613557B986C11D9EE1F8981169D98C
:10D430008E949B1E87E9CE5528DF8CA1890DBFE60F
:10D44000426841992D0FB054BB1652096AD5303647
:10D45000A538BF40A39E81F3D7FB7CE339829B2F85
:10D46000FF87348E4344C4DEE9CB547B9432A6C29A
:10D47000233DEE4C950B42FAC34E082EA16628D9E7
:10D4800024B2765BA2496D8BD12572F8F66486686A
:10D490009816D4A45CCC5D65B6926C10137048509D
:10D4A000FDEDB9DA5E154657A78D9D8490D8AB0087
:10D4B0009D158CBCD30AF7E45805B8B34506D02CAB
:10D4C0001E8FCA3F0F02C1AFBD0301138A6B3A9191
:10D4D00011414F67DCEA97F2CFCEF0B4E67396AC19
:10D4E0007422E7AD3585E2F937E81C75DF6E47F148
:10D4F0001A711D29C5896FB7620EAA18BE1BFC568A
:10D500003E4BC6D279209ADBC0FE78CD5AF41FDD9F
:10D51000A8338807C731B11210592780EC5F6051DA
:10D520007FA919B54A0D2DE57A9F93C99CEFA0E01C
:10D530003B4DAE2AF5B0C8EBBB3C83539961172B2A
:10D54000047EBA77D626E169146355210C7D8E01DD
:10D550002345678905181C12222C226D6163223A2B
:10D560002230303A46463A38313A39393A32463A38
:10D5700034391A180876657273696F6E1E180F5663
:10D58000312E302E30305F323032353033041B30A4
:10D5900031203F7573657249443D49012915181DB5
:10D5A00062537570457870616E645A6F6E65223A89
:10D5B000302C226465766963655479700FFD3234CE
:10D5C000317D9BE80F2F2F44532D5246343032309B
:10D5D000364E5F6DAB2F2F230A2031230C203230C3
:10D5E000344609162332018210037124F41AAA0169
:04D5F000C100000076
:040000050800018965
:00000001FF
